<?xml version="1.0" encoding="utf-8"?>
<Gesture Name="caret10"><Point X="71" Y="268"/><Point X="71" Y="267"/><Point X="71" Y="266"/><Point X="72" Y="266"/><Point X="72" Y="265"/><Point X="73" Y="265"/><Point X="73" Y="264"/><Point X="73" Y="263"/><Point X="74" Y="263"/><Point X="74" Y="262"/><Point X="75" Y="262"/><Point X="75" Y="261"/><Point X="76" Y="261"/><Point X="76" Y="260"/><Point X="76" Y="259"/><Point X="77" Y="258"/><Point X="78" Y="257"/><Point X="79" Y="257"/><Point X="79" Y="256"/><Point X="79" Y="255"/><Point X="80" Y="255"/><Point X="80" Y="253.99998474121094"/><Point X="81" Y="253.00001525878906"/><Point X="81" Y="252"/><Point X="83" Y="251"/><Point X="83" Y="250.00001525878906"/><Point X="84" Y="249"/><Point X="85" Y="248"/><Point X="86" Y="246.99998474121094"/><Point X="87" Y="246"/><Point X="88" Y="245"/><Point X="88" Y="243.00001525878906"/><Point X="89" Y="242"/><Point X="90" Y="241"/><Point X="91" Y="240.00001525878906"/><Point X="92" Y="239"/><Point X="93" Y="239"/><Point X="94" Y="236.99998474121094"/><Point X="95" Y="236"/><Point X="96" Y="235"/><Point X="96" Y="233.99998474121094"/><Point X="98" Y="232"/><Point X="99" Y="231"/><Point X="100" Y="229"/><Point X="101" Y="228"/><Point X="102" Y="226.99998474121094"/><Point X="103" Y="226.00001525878906"/><Point X="104" Y="225"/><Point X="105" Y="224"/><Point X="106" Y="222"/><Point X="107.00003051757812" Y="221"/><Point X="109" Y="220"/><Point X="110" Y="218"/><Point X="110" Y="217"/><Point X="112" Y="216"/><Point X="113" Y="213"/><Point X="115" Y="212"/><Point X="116" Y="210"/><Point X="117" Y="209"/><Point X="117.99996948242188" Y="208"/><Point X="119" Y="206"/><Point X="121" Y="205"/><Point X="122" Y="203"/><Point X="123" Y="202"/><Point X="124" Y="201"/><Point X="126" Y="199"/><Point X="127" Y="198"/><Point X="128" Y="197"/><Point X="129" Y="195"/><Point X="130" Y="194"/><Point X="131" Y="194"/><Point X="131" Y="192"/><Point X="132.00003051757812" Y="191"/><Point X="134" Y="190"/><Point X="135" Y="189"/><Point X="136" Y="187"/><Point X="137" Y="186"/><Point X="138" Y="185"/><Point X="139" Y="184"/><Point X="139" Y="183"/><Point X="140" Y="182"/><Point X="141" Y="182"/><Point X="141" Y="181"/><Point X="141" Y="180"/><Point X="142" Y="179"/><Point X="142.99996948242188" Y="179"/><Point X="142.99996948242188" Y="178"/><Point X="144" Y="178"/><Point X="145" Y="177"/><Point X="145" Y="176"/><Point X="146" Y="175"/><Point X="147" Y="174"/><Point X="147" Y="173"/><Point X="148" Y="173"/><Point X="148" Y="172"/><Point X="148" Y="171"/><Point X="149" Y="171"/><Point X="149" Y="170"/><Point X="150" Y="169"/><Point X="151" Y="168"/><Point X="151" Y="167"/><Point X="152" Y="167"/><Point X="152" Y="166"/><Point X="152" Y="165"/><Point X="153" Y="165"/><Point X="153" Y="164"/><Point X="153" Y="163"/><Point X="154" Y="163"/><Point X="154" Y="162"/><Point X="154" Y="163"/><Point X="154" Y="164"/><Point X="154" Y="165"/><Point X="154" Y="166"/><Point X="154" Y="168"/><Point X="154" Y="169"/><Point X="154" Y="171"/><Point X="154" Y="172"/><Point X="154" Y="173"/><Point X="154" Y="175"/><Point X="153" Y="176"/><Point X="153" Y="178"/><Point X="153" Y="180"/><Point X="153" Y="182"/><Point X="153" Y="184"/><Point X="153" Y="185"/><Point X="153" Y="187"/><Point X="153" Y="189"/><Point X="153" Y="190"/><Point X="153" Y="193"/><Point X="152" Y="194"/><Point X="152" Y="196"/><Point X="152" Y="197"/><Point X="152" Y="200"/><Point X="152" Y="201"/><Point X="152" Y="203"/><Point X="152" Y="205"/><Point X="152" Y="207"/><Point X="152" Y="210"/><Point X="152" Y="212"/><Point X="152" Y="213"/><Point X="152" Y="215"/><Point X="152" Y="217"/><Point X="152" Y="219"/><Point X="152" Y="221"/><Point X="152" Y="224"/><Point X="152" Y="226.99998474121094"/><Point X="152" Y="228"/><Point X="152" Y="230.00001525878906"/><Point X="152" Y="232"/><Point X="152" Y="233.99998474121094"/><Point X="153" Y="236.99998474121094"/><Point X="153" Y="238"/><Point X="153" Y="240.00001525878906"/><Point X="153" Y="242"/><Point X="153" Y="243.99998474121094"/><Point X="154" Y="246.99998474121094"/><Point X="154" Y="248"/><Point X="154" Y="249"/><Point X="154" Y="251"/><Point X="155" Y="252"/><Point X="155" Y="253.99998474121094"/><Point X="155" Y="255"/><Point X="155" Y="256"/><Point X="155" Y="258"/><Point X="156" Y="259"/><Point X="156" Y="260"/><Point X="156" Y="262"/><Point X="156" Y="263"/><Point X="156" Y="264"/><Point X="156" Y="265"/><Point X="156" Y="266"/><Point X="156" Y="267"/><Point X="156" Y="268"/><Point X="157.00001525878906" Y="269"/><Point X="157.00001525878906" Y="270"/><Point X="157.00001525878906" Y="271"/><Point X="157.00001525878906" Y="272"/><Point X="157.00001525878906" Y="273"/><Point X="157.00001525878906" Y="274"/><Point X="157.00001525878906" Y="275"/><Point X="158" Y="276"/><Point X="158" Y="277"/><Point X="158" Y="278"/><Point X="158" Y="279"/><Point X="158" Y="280"/><Point X="158" Y="281"/><Point X="159.00001525878906" Y="282"/><Point X="159.00001525878906" Y="283"/><Point X="159.00001525878906" Y="284"/><Point X="159.00001525878906" Y="285"/><Point X="159.00001525878906" Y="286"/><Point X="159.00001525878906" Y="287"/><Point X="159.00001525878906" Y="288"/><Point X="159.99998474121094" Y="288"/><Point X="159.99998474121094" Y="289"/><Point X="159.99998474121094" Y="290"/><Point X="159.99998474121094" Y="291"/></Gesture>