<?xml version="1.0" encoding="utf-8"?>
<Gesture Name="caret07"><Point X="107.00003051757812" Y="211"/><Point X="108" Y="211"/><Point X="108" Y="210"/><Point X="109" Y="210"/><Point X="110" Y="210"/><Point X="110" Y="209"/><Point X="111" Y="209"/><Point X="111" Y="208"/><Point X="112" Y="208"/><Point X="112" Y="207"/><Point X="113" Y="207"/><Point X="113" Y="206"/><Point X="114" Y="206"/><Point X="114" Y="205"/><Point X="115" Y="205"/><Point X="115" Y="204"/><Point X="116" Y="204"/><Point X="116" Y="203"/><Point X="117" Y="203"/><Point X="117" Y="202"/><Point X="117.99996948242188" Y="201"/><Point X="119" Y="201"/><Point X="119" Y="200"/><Point X="119" Y="199"/><Point X="120" Y="199"/><Point X="120" Y="198"/><Point X="121" Y="197"/><Point X="122" Y="197"/><Point X="122" Y="196"/><Point X="123" Y="196"/><Point X="123" Y="195"/><Point X="124" Y="194"/><Point X="125" Y="193"/><Point X="125" Y="192"/><Point X="126" Y="192"/><Point X="126" Y="191"/><Point X="127" Y="191"/><Point X="127" Y="190"/><Point X="128" Y="190"/><Point X="128" Y="189"/><Point X="128" Y="188"/><Point X="129" Y="188"/><Point X="129" Y="187"/><Point X="129" Y="186"/><Point X="130" Y="186"/><Point X="130" Y="185"/><Point X="131" Y="185"/><Point X="131" Y="184"/><Point X="131" Y="183"/><Point X="132.00003051757812" Y="183"/><Point X="132.00003051757812" Y="182"/><Point X="133" Y="182"/><Point X="133" Y="181"/><Point X="134" Y="181"/><Point X="134" Y="180"/><Point X="134" Y="179"/><Point X="135" Y="179"/><Point X="135" Y="178"/><Point X="136" Y="178"/><Point X="136" Y="177"/><Point X="136" Y="176"/><Point X="137" Y="176"/><Point X="137" Y="175"/><Point X="138" Y="174"/><Point X="139" Y="174"/><Point X="139" Y="173"/><Point X="139" Y="172"/><Point X="140" Y="172"/><Point X="140" Y="171"/><Point X="141" Y="170"/><Point X="141" Y="169"/><Point X="142" Y="168"/><Point X="142" Y="167"/><Point X="142" Y="166"/><Point X="142.99996948242188" Y="166"/><Point X="142.99996948242188" Y="165"/><Point X="144" Y="165"/><Point X="144" Y="164"/><Point X="144" Y="163"/><Point X="145" Y="163"/><Point X="145" Y="162"/><Point X="145" Y="161"/><Point X="146" Y="161"/><Point X="146" Y="160"/><Point X="146" Y="159"/><Point X="147" Y="159"/><Point X="147" Y="158"/><Point X="148" Y="158"/><Point X="148" Y="157"/><Point X="148" Y="156"/><Point X="149" Y="156"/><Point X="149" Y="155"/><Point X="149" Y="154"/><Point X="150" Y="154"/><Point X="150" Y="153"/><Point X="150" Y="152"/><Point X="150" Y="151"/><Point X="151" Y="150"/><Point X="151" Y="149"/><Point X="152" Y="149"/><Point X="152" Y="148"/><Point X="152" Y="147"/><Point X="153" Y="147"/><Point X="153" Y="146"/><Point X="153" Y="145"/><Point X="154" Y="145"/><Point X="154" Y="144"/><Point X="154" Y="145"/><Point X="154" Y="146"/><Point X="154" Y="147"/><Point X="154" Y="148"/><Point X="154" Y="149"/><Point X="154" Y="150"/><Point X="155" Y="150"/><Point X="155" Y="151"/><Point X="155" Y="152"/><Point X="156" Y="152"/><Point X="156" Y="153"/><Point X="156" Y="154"/><Point X="156" Y="155"/><Point X="156" Y="156"/><Point X="157.00001525878906" Y="156"/><Point X="157.00001525878906" Y="157"/><Point X="157.00001525878906" Y="158"/><Point X="157.00001525878906" Y="159"/><Point X="158" Y="160"/><Point X="158" Y="161"/><Point X="158" Y="162"/><Point X="158" Y="163"/><Point X="159.00001525878906" Y="164"/><Point X="159.00001525878906" Y="165"/><Point X="159.99998474121094" Y="165"/><Point X="159.99998474121094" Y="166"/><Point X="159.99998474121094" Y="167"/><Point X="159.99998474121094" Y="168"/><Point X="161.00001525878906" Y="168"/><Point X="161.00001525878906" Y="169"/><Point X="161.00001525878906" Y="170"/><Point X="161.00001525878906" Y="171"/><Point X="161.99998474121094" Y="172"/><Point X="161.99998474121094" Y="173"/><Point X="161.99998474121094" Y="174"/><Point X="163.00001525878906" Y="175"/><Point X="163.00001525878906" Y="176"/><Point X="163.99998474121094" Y="176"/><Point X="163.99998474121094" Y="177"/><Point X="163.99998474121094" Y="178"/><Point X="163.99998474121094" Y="179"/><Point X="165.00001525878906" Y="180"/><Point X="165.00001525878906" Y="181"/><Point X="165.00001525878906" Y="182"/><Point X="165.00001525878906" Y="183"/><Point X="165.99998474121094" Y="184"/><Point X="165.99998474121094" Y="185"/><Point X="167" Y="185"/><Point X="167" Y="186"/><Point X="167" Y="187"/><Point X="167.99998474121094" Y="188"/><Point X="169" Y="190"/><Point X="170" Y="193"/><Point X="170" Y="196"/><Point X="171" Y="197"/><Point X="172" Y="198"/><Point X="172" Y="200"/><Point X="173" Y="201"/><Point X="173" Y="202"/><Point X="174" Y="203"/><Point X="174" Y="205"/><Point X="174" Y="206"/><Point X="175" Y="206"/><Point X="175" Y="207"/><Point X="175" Y="208"/><Point X="176" Y="209"/><Point X="177" Y="209"/><Point X="177" Y="210"/><Point X="177" Y="211"/><Point X="178" Y="211"/><Point X="178" Y="212"/><Point X="178" Y="213"/><Point X="179" Y="213"/><Point X="179" Y="214"/></Gesture>