<?xml version="1.0" encoding="utf-8"?>
<Gesture Name="caret01"><Point X="67" Y="283"/><Point X="68" Y="282"/><Point X="69" Y="282"/><Point X="69" Y="281"/><Point X="70" Y="281"/><Point X="70" Y="280"/><Point X="71" Y="280"/><Point X="71" Y="279"/><Point X="72" Y="279"/><Point X="72" Y="278"/><Point X="73" Y="278"/><Point X="74" Y="278"/><Point X="74" Y="277"/><Point X="75" Y="277"/><Point X="75" Y="276"/><Point X="76" Y="276"/><Point X="76" Y="275"/><Point X="76" Y="274"/><Point X="77" Y="274"/><Point X="78" Y="272"/><Point X="78" Y="271"/><Point X="79" Y="271"/><Point X="80" Y="270"/><Point X="81" Y="269"/><Point X="81" Y="268"/><Point X="82" Y="267"/><Point X="83" Y="267"/><Point X="83" Y="266"/><Point X="84" Y="265"/><Point X="85" Y="264"/><Point X="85" Y="263"/><Point X="86" Y="262"/><Point X="88" Y="261"/><Point X="88" Y="260"/><Point X="89" Y="260"/><Point X="89" Y="258"/><Point X="90" Y="257"/><Point X="91" Y="256"/><Point X="92" Y="255"/><Point X="93" Y="253.99998474121094"/><Point X="94" Y="253.99998474121094"/><Point X="94" Y="253.00001525878906"/><Point X="95" Y="252"/><Point X="95" Y="250.00001525878906"/><Point X="97" Y="250.00001525878906"/><Point X="97" Y="249"/><Point X="98" Y="248"/><Point X="98" Y="246.99998474121094"/><Point X="99" Y="246"/><Point X="100" Y="245"/><Point X="101" Y="245"/><Point X="101" Y="243.99998474121094"/><Point X="102" Y="243.00001525878906"/><Point X="102" Y="242"/><Point X="103" Y="241"/><Point X="104" Y="240.00001525878906"/><Point X="104" Y="239"/><Point X="105" Y="238"/><Point X="105" Y="236.99998474121094"/><Point X="106" Y="236.99998474121094"/><Point X="106" Y="236"/><Point X="107.00003051757812" Y="233.99998474121094"/><Point X="108" Y="233.00001525878906"/><Point X="109" Y="232"/><Point X="109" Y="231"/><Point X="109" Y="230.00001525878906"/><Point X="110" Y="229"/><Point X="110" Y="228"/><Point X="111" Y="226.99998474121094"/><Point X="111" Y="225"/><Point X="112" Y="224"/><Point X="112" Y="223"/><Point X="113" Y="223"/><Point X="113" Y="222"/><Point X="113" Y="221"/><Point X="114" Y="220"/><Point X="114" Y="219"/><Point X="115" Y="217"/><Point X="115" Y="216"/><Point X="116" Y="215"/><Point X="117" Y="215"/><Point X="117" Y="214"/><Point X="117" Y="213"/><Point X="117.99996948242188" Y="212"/><Point X="117.99996948242188" Y="211"/><Point X="119" Y="210"/><Point X="119" Y="209"/><Point X="119" Y="208"/><Point X="119" Y="207"/><Point X="120" Y="207"/><Point X="120" Y="205"/><Point X="121" Y="204"/><Point X="122" Y="203"/><Point X="122" Y="202"/><Point X="122" Y="201"/><Point X="122" Y="200"/><Point X="122" Y="199"/><Point X="123" Y="199"/><Point X="123" Y="198"/><Point X="123" Y="197"/><Point X="124" Y="196"/><Point X="124" Y="195"/><Point X="124" Y="194"/><Point X="124" Y="193"/><Point X="124" Y="192"/><Point X="125" Y="192"/><Point X="125" Y="191"/><Point X="126" Y="191"/><Point X="126" Y="190"/><Point X="126" Y="189"/><Point X="126" Y="188"/><Point X="127" Y="188"/><Point X="127" Y="187"/><Point X="127" Y="188"/><Point X="127" Y="189"/><Point X="127" Y="190"/><Point X="127" Y="191"/><Point X="127" Y="192"/><Point X="127" Y="193"/><Point X="127" Y="194"/><Point X="127" Y="195"/><Point X="127" Y="196"/><Point X="127" Y="197"/><Point X="128" Y="197"/><Point X="128" Y="198"/><Point X="128" Y="199"/><Point X="128" Y="200"/><Point X="128" Y="201"/><Point X="128" Y="202"/><Point X="128" Y="203"/><Point X="129" Y="203"/><Point X="129" Y="204"/><Point X="129" Y="205"/><Point X="130" Y="206"/><Point X="130" Y="207"/><Point X="130" Y="208"/><Point X="130" Y="209"/><Point X="130" Y="210"/><Point X="130" Y="211"/><Point X="131" Y="211"/><Point X="131" Y="212"/><Point X="131" Y="213"/><Point X="131" Y="214"/><Point X="131" Y="215"/><Point X="131" Y="216"/><Point X="132.00003051757812" Y="216"/><Point X="132.00003051757812" Y="217"/><Point X="132.00003051757812" Y="218"/><Point X="132.00003051757812" Y="219"/><Point X="133" Y="220"/><Point X="133" Y="221"/><Point X="134" Y="222"/><Point X="134" Y="223"/><Point X="134" Y="224"/><Point X="134" Y="225"/><Point X="135" Y="225"/><Point X="135" Y="226.00001525878906"/><Point X="135" Y="226.99998474121094"/><Point X="135" Y="228"/><Point X="135" Y="229"/><Point X="136" Y="230.00001525878906"/><Point X="136" Y="231"/><Point X="136" Y="232"/><Point X="136" Y="233.00001525878906"/><Point X="136" Y="233.99998474121094"/><Point X="137" Y="235"/><Point X="137" Y="236"/><Point X="137" Y="236.99998474121094"/><Point X="138" Y="236.99998474121094"/><Point X="138" Y="239"/><Point X="138" Y="240.00001525878906"/><Point X="138" Y="241"/><Point X="139" Y="242"/><Point X="139" Y="243.00001525878906"/><Point X="139" Y="243.99998474121094"/><Point X="139" Y="246"/><Point X="140" Y="246.99998474121094"/><Point X="140" Y="249"/><Point X="141" Y="249"/><Point X="141" Y="251"/><Point X="142" Y="252"/><Point X="142" Y="253.00001525878906"/><Point X="142" Y="253.99998474121094"/><Point X="142.99996948242188" Y="255"/><Point X="142.99996948242188" Y="256"/><Point X="144" Y="257"/><Point X="144" Y="258"/><Point X="145" Y="259"/><Point X="146" Y="260"/><Point X="146" Y="261"/><Point X="147" Y="263"/><Point X="147" Y="264"/><Point X="148" Y="264"/><Point X="148" Y="265"/><Point X="148" Y="266"/><Point X="148" Y="267"/><Point X="149" Y="267"/><Point X="149" Y="268"/><Point X="149" Y="269"/><Point X="150" Y="269"/><Point X="150" Y="270"/><Point X="150" Y="271"/><Point X="150" Y="272"/><Point X="151" Y="272"/><Point X="151" Y="273"/><Point X="151" Y="274"/><Point X="151" Y="275"/><Point X="152" Y="275"/><Point X="152" Y="276"/><Point X="152" Y="277"/><Point X="153" Y="277"/><Point X="153" Y="278"/><Point X="153" Y="279"/></Gesture>