<?xml version="1.0" encoding="utf-8"?>
<Gesture Name="caret03"><Point X="86" Y="233.99998474121094"/><Point X="87" Y="233.99998474121094"/><Point X="88" Y="233.99998474121094"/><Point X="88" Y="233.00001525878906"/><Point X="89" Y="233.00001525878906"/><Point X="89" Y="232"/><Point X="90" Y="231"/><Point X="90" Y="230.00001525878906"/><Point X="91" Y="230.00001525878906"/><Point X="92" Y="230.00001525878906"/><Point X="92" Y="229"/><Point X="93" Y="229"/><Point X="93" Y="228"/><Point X="93" Y="226.99998474121094"/><Point X="94" Y="226.99998474121094"/><Point X="94" Y="226.00001525878906"/><Point X="95" Y="226.00001525878906"/><Point X="95" Y="225"/><Point X="96" Y="225"/><Point X="97" Y="224"/><Point X="97" Y="223"/><Point X="100" Y="221"/><Point X="101" Y="219"/><Point X="102" Y="218"/><Point X="103" Y="216"/><Point X="104" Y="216"/><Point X="105" Y="214"/><Point X="106" Y="213"/><Point X="106" Y="212"/><Point X="107.00003051757812" Y="210"/><Point X="108" Y="209"/><Point X="109" Y="208"/><Point X="110" Y="207"/><Point X="110" Y="206"/><Point X="112" Y="204"/><Point X="113" Y="203"/><Point X="113" Y="201"/><Point X="114" Y="200"/><Point X="116" Y="198"/><Point X="116" Y="197"/><Point X="117" Y="197"/><Point X="117" Y="196"/><Point X="117.99996948242188" Y="194"/><Point X="119" Y="193"/><Point X="120" Y="192"/><Point X="121" Y="191"/><Point X="121" Y="190"/><Point X="122" Y="189"/><Point X="122" Y="188"/><Point X="123" Y="188"/><Point X="124" Y="187"/><Point X="125" Y="186"/><Point X="125" Y="185"/><Point X="126" Y="184"/><Point X="126" Y="183"/><Point X="127" Y="182"/><Point X="128" Y="181"/><Point X="129" Y="181"/><Point X="129" Y="180"/><Point X="129" Y="179"/><Point X="130" Y="178"/><Point X="130" Y="177"/><Point X="131" Y="177"/><Point X="131" Y="176"/><Point X="132.00003051757812" Y="175"/><Point X="133" Y="174"/><Point X="133" Y="173"/><Point X="134" Y="172"/><Point X="134" Y="171"/><Point X="135" Y="171"/><Point X="135" Y="170"/><Point X="135" Y="169"/><Point X="136" Y="169"/><Point X="137" Y="168"/><Point X="138" Y="167"/><Point X="138" Y="166"/><Point X="139" Y="165"/><Point X="140" Y="164"/><Point X="140" Y="163"/><Point X="141" Y="163"/><Point X="141" Y="162"/><Point X="141" Y="161"/><Point X="142" Y="161"/><Point X="142" Y="160"/><Point X="142.99996948242188" Y="160"/><Point X="142.99996948242188" Y="159"/><Point X="144" Y="157"/><Point X="145" Y="157"/><Point X="145" Y="156"/><Point X="146" Y="155"/><Point X="146" Y="154"/><Point X="147" Y="154"/><Point X="147" Y="152"/><Point X="148" Y="152"/><Point X="148" Y="151"/><Point X="148" Y="150"/><Point X="149" Y="149"/><Point X="150" Y="148"/><Point X="150" Y="147"/><Point X="151" Y="146"/><Point X="151" Y="145"/><Point X="151" Y="144"/><Point X="152" Y="143"/><Point X="152" Y="142"/><Point X="153" Y="142"/><Point X="153" Y="141"/><Point X="153" Y="140"/><Point X="153" Y="141"/><Point X="153" Y="142"/><Point X="153" Y="143"/><Point X="153" Y="144"/><Point X="153" Y="145"/><Point X="153" Y="146"/><Point X="153" Y="147"/><Point X="153" Y="148"/><Point X="153" Y="149"/><Point X="153" Y="150"/><Point X="153" Y="151"/><Point X="153" Y="152"/><Point X="153" Y="153"/><Point X="153" Y="154"/><Point X="153" Y="155"/><Point X="153" Y="156"/><Point X="153" Y="157"/><Point X="153" Y="158"/><Point X="153" Y="159"/><Point X="153" Y="160"/><Point X="153" Y="161"/><Point X="153" Y="162"/><Point X="153" Y="163"/><Point X="153" Y="164"/><Point X="154" Y="164"/><Point X="154" Y="165"/><Point X="154" Y="166"/><Point X="154" Y="167"/><Point X="154" Y="168"/><Point X="155" Y="168"/><Point X="155" Y="169"/><Point X="155" Y="170"/><Point X="155" Y="171"/><Point X="156" Y="172"/><Point X="156" Y="173"/><Point X="156" Y="174"/><Point X="156" Y="175"/><Point X="156" Y="176"/><Point X="157.00001525878906" Y="176"/><Point X="157.00001525878906" Y="177"/><Point X="158" Y="178"/><Point X="158" Y="179"/><Point X="158" Y="181"/><Point X="159.00001525878906" Y="182"/><Point X="159.00001525878906" Y="183"/><Point X="159.00001525878906" Y="184"/><Point X="159.99998474121094" Y="186"/><Point X="159.99998474121094" Y="188"/><Point X="161.00001525878906" Y="188"/><Point X="161.00001525878906" Y="189"/><Point X="161.99998474121094" Y="190"/><Point X="161.99998474121094" Y="191"/><Point X="161.99998474121094" Y="192"/><Point X="163.00001525878906" Y="193"/><Point X="163.00001525878906" Y="194"/><Point X="163.99998474121094" Y="195"/><Point X="163.99998474121094" Y="196"/><Point X="165.00001525878906" Y="198"/><Point X="165.00001525878906" Y="199"/><Point X="165.99998474121094" Y="200"/><Point X="167" Y="202"/><Point X="167" Y="203"/><Point X="167.99998474121094" Y="205"/><Point X="167.99998474121094" Y="206"/><Point X="169" Y="207"/><Point X="170" Y="209"/><Point X="171" Y="211"/><Point X="171" Y="212"/><Point X="172" Y="213"/><Point X="172" Y="214"/><Point X="173" Y="215"/><Point X="174" Y="216"/><Point X="174" Y="217"/><Point X="174" Y="218"/><Point X="175" Y="219"/><Point X="175" Y="220"/><Point X="175" Y="221"/><Point X="176" Y="221"/><Point X="176" Y="222"/><Point X="176" Y="223"/><Point X="177" Y="223"/><Point X="177" Y="224"/><Point X="177" Y="225"/><Point X="178" Y="225"/><Point X="178" Y="226.00001525878906"/><Point X="178" Y="226.99998474121094"/><Point X="178" Y="228"/><Point X="178" Y="229"/><Point X="179" Y="229"/></Gesture>