<?xml version="1.0" encoding="utf-8"?>
<Gesture Name="caret05"><Point X="92" Y="245"/><Point X="92" Y="243.99998474121094"/><Point X="93" Y="243.99998474121094"/><Point X="94" Y="243.99998474121094"/><Point X="95" Y="243.99998474121094"/><Point X="96" Y="243.00001525878906"/><Point X="97" Y="243.00001525878906"/><Point X="97" Y="242"/><Point X="98" Y="242"/><Point X="98" Y="241"/><Point X="99" Y="241"/><Point X="100" Y="241"/><Point X="100" Y="240.00001525878906"/><Point X="101" Y="240.00001525878906"/><Point X="101" Y="239"/><Point X="102" Y="239"/><Point X="102" Y="238"/><Point X="103" Y="238"/><Point X="103" Y="236.99998474121094"/><Point X="104" Y="236.99998474121094"/><Point X="105" Y="236.99998474121094"/><Point X="106" Y="236.99998474121094"/><Point X="106" Y="236"/><Point X="108" Y="235"/><Point X="109" Y="233.99998474121094"/><Point X="110" Y="233.99998474121094"/><Point X="110" Y="233.00001525878906"/><Point X="111" Y="233.00001525878906"/><Point X="112" Y="232"/><Point X="113" Y="231"/><Point X="114" Y="231"/><Point X="115" Y="229"/><Point X="116" Y="229"/><Point X="117" Y="228"/><Point X="117.99996948242188" Y="226.99998474121094"/><Point X="119" Y="226.00001525878906"/><Point X="120" Y="224"/><Point X="121" Y="223"/><Point X="122" Y="223"/><Point X="123" Y="222"/><Point X="124" Y="222"/><Point X="125" Y="220"/><Point X="126" Y="219"/><Point X="127" Y="218"/><Point X="127" Y="217"/><Point X="127" Y="216"/><Point X="128" Y="216"/><Point X="129" Y="215"/><Point X="130" Y="215"/><Point X="130" Y="214"/><Point X="131" Y="213"/><Point X="131" Y="212"/><Point X="133" Y="211"/><Point X="133" Y="210"/><Point X="134" Y="210"/><Point X="135" Y="209"/><Point X="135" Y="208"/><Point X="137" Y="208"/><Point X="137" Y="207"/><Point X="138" Y="207"/><Point X="138" Y="206"/><Point X="139" Y="206"/><Point X="139" Y="205"/><Point X="141" Y="205"/><Point X="141" Y="204"/><Point X="142" Y="204"/><Point X="142" Y="203"/><Point X="142.99996948242188" Y="202"/><Point X="144" Y="202"/><Point X="144" Y="201"/><Point X="145" Y="200"/><Point X="145" Y="199"/><Point X="146" Y="199"/><Point X="146" Y="198"/><Point X="147" Y="198"/><Point X="147" Y="197"/><Point X="148" Y="197"/><Point X="149" Y="196"/><Point X="149" Y="195"/><Point X="150" Y="194"/><Point X="150" Y="193"/><Point X="151" Y="193"/><Point X="151" Y="192"/><Point X="151" Y="191"/><Point X="153" Y="191"/><Point X="153" Y="190"/><Point X="154" Y="189"/><Point X="154" Y="188"/><Point X="154" Y="187"/><Point X="155" Y="187"/><Point X="155" Y="186"/><Point X="156" Y="186"/><Point X="156" Y="185"/><Point X="157.00001525878906" Y="184"/><Point X="158" Y="184"/><Point X="158" Y="183"/><Point X="159.00001525878906" Y="183"/><Point X="159.00001525878906" Y="182"/><Point X="159.00001525878906" Y="181"/><Point X="159.99998474121094" Y="181"/><Point X="159.99998474121094" Y="180"/><Point X="161.00001525878906" Y="179"/><Point X="161.99998474121094" Y="178"/><Point X="161.99998474121094" Y="177"/><Point X="163.00001525878906" Y="177"/><Point X="163.99998474121094" Y="175"/><Point X="163.99998474121094" Y="174"/><Point X="165.00001525878906" Y="173"/><Point X="165.99998474121094" Y="173"/><Point X="165.99998474121094" Y="171"/><Point X="167" Y="171"/><Point X="167.99998474121094" Y="169"/><Point X="167.99998474121094" Y="168"/><Point X="167.99998474121094" Y="167"/><Point X="169" Y="167"/><Point X="170" Y="166"/><Point X="170" Y="165"/><Point X="171" Y="164"/><Point X="172" Y="163"/><Point X="172" Y="162"/><Point X="173" Y="162"/><Point X="173" Y="163"/><Point X="173" Y="164"/><Point X="173" Y="165"/><Point X="173" Y="166"/><Point X="172" Y="166"/><Point X="172" Y="168"/><Point X="172" Y="169"/><Point X="172" Y="170"/><Point X="171" Y="170"/><Point X="171" Y="171"/><Point X="171" Y="172"/><Point X="171" Y="173"/><Point X="171" Y="174"/><Point X="171" Y="175"/><Point X="171" Y="176"/><Point X="171" Y="177"/><Point X="170" Y="177"/><Point X="170" Y="178"/><Point X="170" Y="179"/><Point X="169" Y="180"/><Point X="169" Y="181"/><Point X="169" Y="182"/><Point X="169" Y="183"/><Point X="169" Y="184"/><Point X="169" Y="185"/><Point X="169" Y="186"/><Point X="169" Y="188"/><Point X="169" Y="189"/><Point X="169" Y="190"/><Point X="169" Y="191"/><Point X="169" Y="192"/><Point X="170" Y="193"/><Point X="171" Y="198"/><Point X="171" Y="199"/><Point X="172" Y="202"/><Point X="172" Y="204"/><Point X="172" Y="206"/><Point X="173" Y="208"/><Point X="174" Y="209"/><Point X="174" Y="211"/><Point X="174" Y="212"/><Point X="174" Y="213"/><Point X="175" Y="215"/><Point X="175" Y="216"/><Point X="176" Y="217"/><Point X="176" Y="219"/><Point X="176" Y="220"/><Point X="177" Y="221"/><Point X="178" Y="222"/><Point X="178" Y="223"/><Point X="178" Y="224"/><Point X="178" Y="225"/><Point X="179" Y="226.00001525878906"/><Point X="179" Y="226.99998474121094"/><Point X="179" Y="228"/><Point X="179" Y="229"/><Point X="179" Y="230.00001525878906"/><Point X="180" Y="231"/><Point X="180" Y="232"/><Point X="180" Y="233.99998474121094"/><Point X="181" Y="233.99998474121094"/><Point X="182.00001525878906" Y="235"/><Point X="182.00001525878906" Y="236"/><Point X="183" Y="238"/><Point X="184.00001525878906" Y="239"/><Point X="184.00001525878906" Y="240.00001525878906"/><Point X="184.99998474121094" Y="240.00001525878906"/><Point X="184.99998474121094" Y="241"/><Point X="186.00001525878906" Y="241"/><Point X="186.00001525878906" Y="242"/><Point X="186.99998474121094" Y="242"/><Point X="188.00001525878906" Y="242"/></Gesture>