<?xml version="1.0" encoding="utf-8"?>
<Gesture Name="arrow07"><Point X="130" Y="264"/><Point X="133" Y="260"/><Point X="139" Y="253.99998474121094"/><Point X="144" Y="249"/><Point X="151" Y="242"/><Point X="158" Y="236"/><Point X="167" Y="226.00001525878906"/><Point X="177" Y="216"/><Point X="188.99998474121094" Y="201"/><Point X="197" Y="191"/><Point X="204" Y="184"/><Point X="211.99998474121094" Y="176"/><Point X="221" Y="166"/><Point X="228" Y="159"/><Point X="232" Y="154"/><Point X="235.99998474121094" Y="151"/><Point X="238.00001525878906" Y="149"/><Point X="239.00001525878906" Y="148"/><Point X="240.00001525878906" Y="147"/><Point X="240.00001525878906" Y="146"/><Point X="242" Y="145"/><Point X="244" Y="144"/><Point X="246" Y="143"/><Point X="247" Y="142"/><Point X="247" Y="140"/><Point X="245" Y="139"/><Point X="239.00001525878906" Y="138"/><Point X="234.99998474121094" Y="138"/><Point X="225" Y="138"/><Point X="215.00001525878906" Y="138"/><Point X="206" Y="138"/><Point X="197" Y="137"/><Point X="190.99998474121094" Y="137"/><Point X="183" Y="137"/><Point X="180" Y="137"/><Point X="176" Y="137"/><Point X="173" Y="137"/><Point X="169" Y="137"/><Point X="163.99998474121094" Y="137"/><Point X="158" Y="137"/><Point X="157.00001525878906" Y="137"/><Point X="156" Y="137"/><Point X="155" Y="137"/><Point X="154" Y="137"/><Point X="154" Y="136"/><Point X="155" Y="136"/><Point X="158" Y="134"/><Point X="167" Y="133"/><Point X="177" Y="130"/><Point X="186.99998474121094" Y="130"/><Point X="195" Y="130"/><Point X="203" Y="131"/><Point X="215.00001525878906" Y="135"/><Point X="223" Y="137"/><Point X="233" Y="139"/><Point X="239.00001525878906" Y="143"/><Point X="247" Y="145"/><Point X="253" Y="146"/><Point X="257" Y="147"/><Point X="260" Y="147"/><Point X="264" Y="147"/><Point X="267" Y="147"/><Point X="272" Y="147"/><Point X="273" Y="147"/><Point X="274" Y="147"/><Point X="275" Y="147"/><Point X="275" Y="148"/><Point X="275" Y="149"/><Point X="275" Y="152"/><Point X="274" Y="154"/><Point X="273" Y="157"/><Point X="272" Y="160"/><Point X="268" Y="166"/><Point X="266" Y="175"/><Point X="264" Y="184"/><Point X="261" Y="195"/><Point X="259" Y="203"/><Point X="257" Y="211"/><Point X="256" Y="214"/><Point X="256" Y="219"/><Point X="256" Y="221"/><Point X="256" Y="223"/><Point X="256" Y="225"/><Point X="256" Y="226.99998474121094"/></Gesture>