<?xml version="1.0" encoding="utf-8"?>
<Gesture Name="arrow01"><Point X="125" Y="269"/><Point X="131" Y="265"/><Point X="155" Y="246"/><Point X="167.99998474121094" Y="239"/><Point X="176" Y="232"/><Point X="184.99998474121094" Y="226.99998474121094"/><Point X="190.00001525878906" Y="223"/><Point X="194" Y="220"/><Point X="198" Y="217"/><Point X="202" Y="213"/><Point X="206" Y="209"/><Point X="210.99998474121094" Y="204"/><Point X="215.00001525878906" Y="200"/><Point X="219" Y="197"/><Point X="224" Y="195"/><Point X="227" Y="193"/><Point X="229" Y="192"/><Point X="231" Y="191"/><Point X="232" Y="190"/><Point X="233" Y="190"/><Point X="233.99998474121094" Y="190"/><Point X="233.99998474121094" Y="189"/><Point X="235.99998474121094" Y="188"/><Point X="238.00001525878906" Y="188"/><Point X="240.00001525878906" Y="187"/><Point X="240.00001525878906" Y="185"/><Point X="241.00001525878906" Y="185"/><Point X="242" Y="184"/><Point X="243" Y="183"/><Point X="245" Y="183"/><Point X="247" Y="181"/><Point X="250" Y="177"/><Point X="256" Y="173"/><Point X="260" Y="171"/><Point X="263" Y="169"/><Point X="265" Y="168"/><Point X="266" Y="167"/><Point X="266" Y="166"/><Point X="267" Y="166"/><Point X="273" Y="164"/><Point X="277" Y="162"/><Point X="282" Y="160"/><Point X="285" Y="157"/><Point X="286" Y="156"/><Point X="287" Y="156"/><Point X="287" Y="155"/><Point X="288" Y="155"/><Point X="289" Y="155"/><Point X="286" Y="153"/><Point X="279" Y="150"/><Point X="276" Y="149"/><Point X="271" Y="148"/><Point X="267" Y="146"/><Point X="262" Y="145"/><Point X="260" Y="144"/><Point X="257" Y="144"/><Point X="254" Y="143"/><Point X="251" Y="141"/><Point X="250" Y="140"/><Point X="247" Y="139"/><Point X="246" Y="139"/><Point X="244" Y="139"/><Point X="243" Y="138"/><Point X="241.00001525878906" Y="138"/><Point X="239.00001525878906" Y="138"/><Point X="236.99998474121094" Y="137"/><Point X="235.99998474121094" Y="136"/><Point X="233.99998474121094" Y="136"/><Point X="233" Y="135"/><Point X="230" Y="133"/><Point X="229" Y="132"/><Point X="227" Y="132"/><Point X="226" Y="131"/><Point X="225" Y="130"/><Point X="223" Y="129"/><Point X="222" Y="129"/><Point X="221" Y="129"/><Point X="220" Y="128"/><Point X="219" Y="128"/><Point X="218" Y="128"/><Point X="217" Y="128"/><Point X="216.00001525878906" Y="128"/><Point X="219" Y="129"/><Point X="224" Y="130"/><Point X="229" Y="131"/><Point X="233" Y="132"/><Point X="235.99998474121094" Y="133"/><Point X="238.00001525878906" Y="133"/><Point X="239.00001525878906" Y="134"/><Point X="240.00001525878906" Y="135"/><Point X="241.00001525878906" Y="135"/><Point X="242" Y="135"/><Point X="243" Y="135"/><Point X="244" Y="135"/><Point X="244" Y="137"/><Point X="245" Y="137"/><Point X="246" Y="138"/><Point X="246" Y="139"/><Point X="247" Y="139"/><Point X="248" Y="140"/><Point X="250" Y="141"/><Point X="252" Y="142"/><Point X="253" Y="144"/><Point X="254" Y="144"/><Point X="255" Y="144"/><Point X="257" Y="145"/><Point X="258" Y="146"/><Point X="259" Y="146"/><Point X="261" Y="147"/><Point X="262" Y="148"/><Point X="265" Y="148"/><Point X="266" Y="149"/><Point X="267" Y="149"/><Point X="268" Y="149"/><Point X="269" Y="151"/><Point X="271" Y="151"/><Point X="272" Y="151"/><Point X="272" Y="152"/><Point X="273" Y="152"/><Point X="274" Y="152"/><Point X="275" Y="152"/><Point X="276" Y="153"/><Point X="277" Y="153"/><Point X="278" Y="154"/><Point X="279" Y="154"/><Point X="280" Y="155"/><Point X="281" Y="155"/><Point X="282" Y="155"/><Point X="283" Y="155"/><Point X="284" Y="155"/><Point X="285" Y="156"/><Point X="285" Y="157"/><Point X="285" Y="158"/><Point X="285" Y="160"/><Point X="285" Y="162"/><Point X="285" Y="166"/><Point X="285" Y="170"/><Point X="285" Y="176"/><Point X="285" Y="181"/><Point X="284" Y="186"/><Point X="282" Y="189"/><Point X="281" Y="191"/><Point X="280" Y="194"/><Point X="280" Y="197"/><Point X="280" Y="198"/><Point X="279" Y="201"/><Point X="279" Y="204"/><Point X="278" Y="207"/><Point X="277" Y="211"/><Point X="276" Y="214"/><Point X="275" Y="218"/><Point X="275" Y="222"/><Point X="273" Y="226.99998474121094"/><Point X="273" Y="230.00001525878906"/><Point X="273" Y="232"/><Point X="273" Y="235"/><Point X="273" Y="236"/><Point X="272" Y="239"/><Point X="272" Y="240.00001525878906"/><Point X="272" Y="241"/><Point X="272" Y="242"/><Point X="272" Y="243.00001525878906"/></Gesture>