<?xml version="1.0" encoding="utf-8"?>
<Gesture Name="arrow03"><Point X="156" Y="242"/><Point X="161.99998474121094" Y="236.99998474121094"/><Point X="173" Y="226.99998474121094"/><Point X="188.00001525878906" Y="217"/><Point X="199" Y="210"/><Point X="207" Y="207"/><Point X="210.99998474121094" Y="204"/><Point X="213.00001525878906" Y="202"/><Point X="217" Y="200"/><Point X="219" Y="198"/><Point X="222" Y="197"/><Point X="225" Y="194"/><Point X="229" Y="192"/><Point X="233.99998474121094" Y="190"/><Point X="238.00001525878906" Y="188"/><Point X="242" Y="185"/><Point X="247" Y="183"/><Point X="249" Y="182"/><Point X="251" Y="182"/><Point X="253" Y="182"/><Point X="254" Y="182"/><Point X="255" Y="182"/><Point X="256" Y="181"/><Point X="257" Y="180"/><Point X="258" Y="180"/><Point X="259" Y="179"/><Point X="260" Y="179"/><Point X="261" Y="179"/><Point X="262" Y="178"/><Point X="263" Y="177"/><Point X="263" Y="176"/><Point X="262" Y="176"/><Point X="256" Y="174"/><Point X="248" Y="173"/><Point X="241.00001525878906" Y="172"/><Point X="233.99998474121094" Y="170"/><Point X="231" Y="170"/><Point X="229" Y="170"/><Point X="225" Y="168"/><Point X="221" Y="167"/><Point X="217" Y="166"/><Point X="213.00001525878906" Y="165"/><Point X="208" Y="165"/><Point X="204" Y="164"/><Point X="199" Y="164"/><Point X="194" Y="163"/><Point X="192" Y="163"/><Point X="188.00001525878906" Y="163"/><Point X="186.00001525878906" Y="163"/><Point X="184.00001525878906" Y="163"/><Point X="182.00001525878906" Y="163"/><Point X="181" Y="163"/><Point X="180" Y="163"/><Point X="179" Y="163"/><Point X="178" Y="163"/><Point X="180" Y="162"/><Point X="188.00001525878906" Y="162"/><Point X="198" Y="162"/><Point X="205" Y="162"/><Point X="210.99998474121094" Y="163"/><Point X="214.00001525878906" Y="164"/><Point X="221" Y="165"/><Point X="224" Y="166"/><Point X="232" Y="167"/><Point X="238.00001525878906" Y="170"/><Point X="243" Y="171"/><Point X="251" Y="171"/><Point X="258" Y="171"/><Point X="263" Y="171"/><Point X="268" Y="171"/><Point X="270" Y="171"/><Point X="272" Y="171"/><Point X="273" Y="171"/><Point X="273" Y="172"/><Point X="275" Y="174"/><Point X="275" Y="182"/><Point X="274" Y="190"/><Point X="272" Y="197"/><Point X="268" Y="206"/><Point X="264" Y="215"/><Point X="258" Y="226.00001525878906"/><Point X="253" Y="236.99998474121094"/><Point X="249" Y="246"/><Point X="247" Y="252"/><Point X="245" Y="256"/><Point X="244" Y="259"/><Point X="242" Y="264"/><Point X="241.00001525878906" Y="266"/><Point X="240.00001525878906" Y="268"/><Point X="240.00001525878906" Y="270"/><Point X="240.00001525878906" Y="271"/><Point X="240.00001525878906" Y="272"/></Gesture>