<?xml version="1.0" encoding="utf-8"?>
<Gesture Name="arrow04"><Point X="111" Y="301"/><Point X="115" Y="298"/><Point X="125" Y="291"/><Point X="139" Y="285"/><Point X="152" Y="277"/><Point X="161.00001525878906" Y="274"/><Point X="169" Y="270"/><Point X="175" Y="266"/><Point X="180" Y="264"/><Point X="184.00001525878906" Y="261"/><Point X="190.00001525878906" Y="257"/><Point X="196" Y="251"/><Point X="204" Y="246"/><Point X="208" Y="242"/><Point X="213.00001525878906" Y="239"/><Point X="216.00001525878906" Y="236.99998474121094"/><Point X="218" Y="236"/><Point X="221" Y="233.99998474121094"/><Point X="222" Y="233.00001525878906"/><Point X="224" Y="232"/><Point X="225" Y="231"/><Point X="228" Y="230.00001525878906"/><Point X="230" Y="229"/><Point X="232" Y="228"/><Point X="233" Y="225"/><Point X="235.99998474121094" Y="225"/><Point X="236.99998474121094" Y="224"/><Point X="238.00001525878906" Y="223"/><Point X="239.00001525878906" Y="223"/><Point X="240.00001525878906" Y="223"/><Point X="241.00001525878906" Y="223"/><Point X="243" Y="223"/><Point X="243" Y="222"/><Point X="245" Y="221"/><Point X="247" Y="220"/><Point X="249" Y="219"/><Point X="251" Y="218"/><Point X="253" Y="218"/><Point X="254" Y="218"/><Point X="255" Y="218"/><Point X="258" Y="217"/><Point X="260" Y="216"/><Point X="263" Y="216"/><Point X="264" Y="215"/><Point X="267" Y="214"/><Point X="268" Y="214"/><Point X="263" Y="213"/><Point X="256" Y="212"/><Point X="253" Y="211"/><Point X="251" Y="210"/><Point X="247" Y="209"/><Point X="246" Y="209"/><Point X="244" Y="209"/><Point X="243" Y="209"/><Point X="242" Y="209"/><Point X="240.00001525878906" Y="209"/><Point X="239.00001525878906" Y="209"/><Point X="238.00001525878906" Y="209"/><Point X="236.99998474121094" Y="208"/><Point X="235.99998474121094" Y="207"/><Point X="235.99998474121094" Y="206"/><Point X="233.99998474121094" Y="206"/><Point X="233" Y="205"/><Point X="232" Y="204"/><Point X="230" Y="202"/><Point X="227" Y="200"/><Point X="224" Y="199"/><Point X="220" Y="197"/><Point X="213.00001525878906" Y="196"/><Point X="207" Y="196"/><Point X="204" Y="196"/><Point X="200" Y="196"/><Point X="197" Y="196"/><Point X="196" Y="196"/><Point X="195" Y="196"/><Point X="194" Y="196"/><Point X="192.99998474121094" Y="196"/><Point X="192" Y="196"/><Point X="190.99998474121094" Y="196"/><Point X="190.00001525878906" Y="196"/><Point X="192.99998474121094" Y="197"/><Point X="198" Y="200"/><Point X="208.99998474121094" Y="202"/><Point X="218" Y="205"/><Point X="224" Y="207"/><Point X="229" Y="208"/><Point X="233" Y="209"/><Point X="238.00001525878906" Y="212"/><Point X="242" Y="214"/><Point X="245" Y="215"/><Point X="247" Y="215"/><Point X="248" Y="216"/><Point X="251" Y="217"/><Point X="254" Y="218"/><Point X="258" Y="219"/><Point X="263" Y="221"/><Point X="266" Y="222"/><Point X="269" Y="222"/><Point X="271" Y="223"/><Point X="272" Y="223"/><Point X="273" Y="223"/><Point X="274" Y="223"/><Point X="275" Y="223"/><Point X="276" Y="224"/><Point X="278" Y="224"/><Point X="276" Y="229"/><Point X="271" Y="236"/><Point X="268" Y="241"/><Point X="265" Y="246.99998474121094"/><Point X="260" Y="253.99998474121094"/><Point X="256" Y="261"/><Point X="250" Y="272"/><Point X="248" Y="274"/><Point X="246" Y="278"/><Point X="245" Y="279"/><Point X="245" Y="280"/><Point X="244" Y="280"/><Point X="244" Y="281"/><Point X="244" Y="282"/><Point X="244" Y="284"/></Gesture>