<?xml version="1.0" encoding="utf-8"?>
<Gesture Name="arrow05"><Point X="174" Y="241"/><Point X="179" Y="236"/><Point X="188.99998474121094" Y="226.99998474121094"/><Point X="197" Y="218"/><Point X="204" Y="211"/><Point X="210.99998474121094" Y="204"/><Point X="217" Y="196"/><Point X="226" Y="189"/><Point X="234.99998474121094" Y="179"/><Point X="242" Y="173"/><Point X="251" Y="167"/><Point X="257" Y="163"/><Point X="261" Y="161"/><Point X="264" Y="158"/><Point X="267" Y="156"/><Point X="269" Y="155"/><Point X="271" Y="154"/><Point X="275" Y="152"/><Point X="279" Y="149"/><Point X="284" Y="146"/><Point X="288" Y="144"/><Point X="292" Y="142"/><Point X="295" Y="140"/><Point X="297" Y="140"/><Point X="298" Y="140"/><Point X="299" Y="140"/><Point X="295" Y="138"/><Point X="287" Y="134"/><Point X="280" Y="133"/><Point X="275" Y="131"/><Point X="270" Y="130"/><Point X="268" Y="130"/><Point X="265" Y="129"/><Point X="262" Y="128"/><Point X="259" Y="126.99999237060547"/><Point X="258" Y="126.99999237060547"/><Point X="257" Y="126.99999237060547"/><Point X="256" Y="126.99999237060547"/><Point X="255" Y="126.99999237060547"/><Point X="254" Y="126.99999237060547"/><Point X="253" Y="126.99999237060547"/><Point X="258" Y="126.99999237060547"/><Point X="267" Y="126.99999237060547"/><Point X="274" Y="128"/><Point X="285" Y="129"/><Point X="293" Y="131"/><Point X="298" Y="132"/><Point X="303" Y="133"/><Point X="306" Y="133"/><Point X="311" Y="133"/><Point X="313" Y="133"/><Point X="315" Y="133"/><Point X="319" Y="133"/><Point X="321" Y="133"/><Point X="324" Y="133"/><Point X="327" Y="133"/><Point X="328" Y="133"/><Point X="330" Y="133"/><Point X="331" Y="133"/><Point X="331" Y="134"/><Point X="331" Y="135"/><Point X="331" Y="136"/><Point X="331" Y="137"/><Point X="331" Y="139"/><Point X="329" Y="142"/><Point X="327" Y="145"/><Point X="321" Y="152"/><Point X="317" Y="160"/><Point X="311" Y="168"/><Point X="306" Y="178"/><Point X="301" Y="186"/><Point X="297" Y="194"/><Point X="294" Y="200"/><Point X="292" Y="205"/><Point X="287" Y="210"/><Point X="285" Y="215"/><Point X="282" Y="220"/><Point X="280" Y="224"/><Point X="278" Y="226.99998474121094"/><Point X="277" Y="229"/><Point X="276" Y="233.00001525878906"/><Point X="275" Y="235"/><Point X="274" Y="236.99998474121094"/><Point X="274" Y="240.00001525878906"/></Gesture>