<?xml version="1.0" encoding="utf-8"?>
<Gesture Name="caret03"><Point X="123" Y="270"/><Point X="124" Y="266"/><Point X="126" Y="258"/><Point X="130" Y="250.00001525878906"/><Point X="135" Y="242"/><Point X="138" Y="232"/><Point X="142.99996948242188" Y="221"/><Point X="149" Y="210"/><Point X="154" Y="202"/><Point X="161.00001525878906" Y="192"/><Point X="167" Y="184"/><Point X="174" Y="177"/><Point X="182.00001525878906" Y="169"/><Point X="188.00001525878906" Y="159"/><Point X="194" Y="152"/><Point X="198" Y="146"/><Point X="199" Y="142"/><Point X="201" Y="138"/><Point X="203" Y="136"/><Point X="204" Y="134"/><Point X="204" Y="133"/><Point X="204" Y="131"/><Point X="205" Y="131"/><Point X="206" Y="130"/><Point X="206" Y="129"/><Point X="206" Y="128"/><Point X="207" Y="128"/><Point X="208" Y="128"/><Point X="209.99998474121094" Y="128"/><Point X="210.99998474121094" Y="129"/><Point X="210.99998474121094" Y="133"/><Point X="213.00001525878906" Y="137"/><Point X="217" Y="143"/><Point X="220" Y="149"/><Point X="222" Y="155"/><Point X="227" Y="163"/><Point X="233.99998474121094" Y="173"/><Point X="242" Y="187"/><Point X="248" Y="197"/><Point X="250" Y="202"/><Point X="251" Y="207"/><Point X="252" Y="209"/><Point X="252" Y="213"/><Point X="254" Y="214"/><Point X="254" Y="216"/><Point X="254" Y="217"/><Point X="254" Y="218"/><Point X="255" Y="220"/><Point X="256" Y="222"/><Point X="256" Y="223"/><Point X="256" Y="225"/><Point X="256" Y="226.00001525878906"/><Point X="256" Y="226.99998474121094"/><Point X="256" Y="228"/><Point X="256" Y="229"/><Point X="257" Y="229"/></Gesture>