<?xml version="1.0" encoding="utf-8"?>
<Gesture Name="caret08"><Point X="138" Y="292"/><Point X="146" Y="270"/><Point X="167.99998474121094" Y="220"/><Point X="171" Y="213"/><Point X="175" Y="203"/><Point X="178" Y="194"/><Point X="183" Y="187"/><Point X="186.00001525878906" Y="179"/><Point X="188.00001525878906" Y="171"/><Point X="190.00001525878906" Y="168"/><Point X="194" Y="161"/><Point X="196" Y="156"/><Point X="199" Y="148"/><Point X="205" Y="137"/><Point X="211.99998474121094" Y="121"/><Point X="215.00001525878906" Y="113.00000762939453"/><Point X="218" Y="109"/><Point X="219" Y="107"/><Point X="219" Y="106"/><Point X="220" Y="106"/><Point X="221" Y="109"/><Point X="223" Y="113.00000762939453"/><Point X="227" Y="120.00000762939453"/><Point X="230" Y="129"/><Point X="233" Y="145"/><Point X="239.00001525878906" Y="162"/><Point X="241.00001525878906" Y="173"/><Point X="244" Y="184"/><Point X="247" Y="197"/><Point X="255" Y="222"/><Point X="259" Y="233.00001525878906"/><Point X="262" Y="241"/><Point X="267" Y="249"/><Point X="270" Y="256"/><Point X="273" Y="261"/><Point X="277" Y="268"/><Point X="278" Y="271"/><Point X="279" Y="274"/><Point X="280" Y="275"/><Point X="281" Y="277"/><Point X="282" Y="278"/><Point X="282" Y="279"/><Point X="282" Y="280"/><Point X="282" Y="281"/></Gesture>