<?xml version="1.0" encoding="utf-8"?>
<Gesture Name="caret06"><Point X="84" Y="281"/><Point X="89" Y="271"/><Point X="97" Y="252"/><Point X="101" Y="243.99998474121094"/><Point X="105" Y="233.99998474121094"/><Point X="108" Y="225"/><Point X="112" Y="217"/><Point X="116" Y="212"/><Point X="117.99996948242188" Y="206"/><Point X="119" Y="204"/><Point X="120" Y="202"/><Point X="121" Y="201"/><Point X="121" Y="200"/><Point X="123" Y="197"/><Point X="123" Y="196"/><Point X="125" Y="196"/><Point X="128" Y="200"/><Point X="133" Y="205"/><Point X="136" Y="212"/><Point X="140" Y="218"/><Point X="146" Y="232"/><Point X="150" Y="246"/><Point X="154" Y="261"/><Point X="158" Y="271"/><Point X="161.00001525878906" Y="282"/><Point X="163.99998474121094" Y="294"/><Point X="171" Y="310"/><Point X="174" Y="322"/><Point X="176" Y="330"/><Point X="178" Y="336"/><Point X="179" Y="339"/><Point X="179" Y="340"/><Point X="179" Y="342"/><Point X="179" Y="343"/><Point X="180" Y="344"/></Gesture>