<?xml version="1.0" encoding="utf-8"?>
<Gesture Name="check05"><Point X="123" Y="181"/><Point X="128" Y="190"/><Point X="131" Y="197"/><Point X="136" Y="202"/><Point X="137" Y="205"/><Point X="139" Y="208"/><Point X="141" Y="210"/><Point X="141" Y="211"/><Point X="142.99996948242188" Y="213"/><Point X="144" Y="214"/><Point X="144" Y="216"/><Point X="145" Y="217"/><Point X="146" Y="217"/><Point X="147" Y="216"/><Point X="154" Y="204"/><Point X="169" Y="169"/><Point X="178" Y="141"/><Point X="198" Y="80"/></Gesture>