<?xml version="1.0" encoding="utf-8"?>
<Gesture Name="check10"><Point X="167" Y="241"/><Point X="169" Y="242"/><Point X="171" Y="246.99998474121094"/><Point X="171" Y="249"/><Point X="172" Y="251"/><Point X="173" Y="253.00001525878906"/><Point X="174" Y="255"/><Point X="175" Y="257"/><Point X="177" Y="258"/><Point X="177" Y="259"/><Point X="178" Y="260"/><Point X="179" Y="261"/><Point X="179" Y="263"/><Point X="180" Y="263"/><Point X="180" Y="264"/><Point X="181" Y="265"/><Point X="182.00001525878906" Y="266"/><Point X="183" Y="267"/><Point X="184.99998474121094" Y="268"/><Point X="188.00001525878906" Y="272"/><Point X="190.00001525878906" Y="274"/><Point X="194" Y="275"/><Point X="195" Y="277"/><Point X="196" Y="279"/><Point X="197" Y="279"/><Point X="197" Y="280"/><Point X="198" Y="280"/><Point X="199" Y="281"/><Point X="199" Y="282"/><Point X="200" Y="282"/><Point X="201" Y="282"/><Point X="207" Y="270"/><Point X="232" Y="208"/><Point X="240.00001525878906" Y="186"/><Point X="264" Y="106"/><Point X="268" Y="85.000015258789063"/><Point X="275" Y="68"/></Gesture>