<?xml version="1.0" encoding="utf-8"?>
<Gesture Name="check04"><Point X="171" Y="209"/><Point X="176" Y="212"/><Point X="182.00001525878906" Y="216"/><Point X="188.00001525878906" Y="221"/><Point X="192" Y="223"/><Point X="197" Y="225"/><Point X="201" Y="226.99998474121094"/><Point X="205" Y="230.00001525878906"/><Point X="213.00001525878906" Y="231"/><Point X="217" Y="232"/><Point X="219" Y="232"/><Point X="221" Y="232"/><Point X="225" Y="232"/><Point X="226" Y="232"/><Point X="227" Y="232"/><Point X="228" Y="232"/><Point X="229" Y="232"/><Point X="232" Y="232"/><Point X="236.99998474121094" Y="222"/><Point X="243" Y="206"/><Point X="246" Y="193"/><Point X="248" Y="185"/><Point X="250" Y="175"/><Point X="255" Y="161"/><Point X="259" Y="151"/><Point X="261" Y="143"/><Point X="263" Y="138"/><Point X="264" Y="134"/><Point X="265" Y="131"/><Point X="267" Y="128"/><Point X="268" Y="126"/><Point X="268" Y="121"/><Point X="270" Y="116"/><Point X="272" Y="109.99999237060547"/><Point X="272" Y="106"/><Point X="273" Y="101"/><Point X="277" Y="96"/><Point X="277" Y="92.999984741210938"/></Gesture>