<?xml version="1.0" encoding="utf-8"?>
<Gesture Name="check09"><Point X="107.00003051757813" Y="260"/><Point X="110" Y="262"/><Point X="115" Y="265"/><Point X="117" Y="267"/><Point X="120" Y="268"/><Point X="123" Y="271"/><Point X="123" Y="272"/><Point X="124" Y="272"/><Point X="124" Y="273"/><Point X="125" Y="273"/><Point X="126" Y="273"/><Point X="128" Y="272"/><Point X="142" Y="252"/><Point X="170" Y="203"/><Point X="183" Y="172"/><Point X="197" Y="134"/><Point X="211.99998474121094" Y="85.000015258789063"/><Point X="216.00001525878906" Y="65.000015258789063"/></Gesture>