<?xml version="1.0" encoding="utf-8"?>
<Gesture Name="check02"><Point X="153" Y="256"/><Point X="155" Y="258"/><Point X="161.00001525878906" Y="261"/><Point X="167.99998474121094" Y="264"/><Point X="179" Y="271"/><Point X="192" Y="277"/><Point X="204" Y="284"/><Point X="215.00001525878906" Y="289"/><Point X="223" Y="294"/><Point X="227" Y="296"/><Point X="231" Y="298"/><Point X="235.99998474121094" Y="300"/><Point X="239.00001525878906" Y="302"/><Point X="243" Y="303"/><Point X="246" Y="304"/><Point X="247" Y="304"/><Point X="248" Y="304"/><Point X="251" Y="304"/><Point X="252" Y="304"/><Point X="254" Y="304"/><Point X="258" Y="300"/><Point X="267" Y="287"/><Point X="276" Y="264"/><Point X="281" Y="250.00001525878906"/><Point X="289" Y="222"/><Point X="295" Y="177"/><Point X="298" Y="157"/><Point X="300" Y="142"/><Point X="301" Y="134"/><Point X="303" Y="129"/><Point X="303" Y="125.00000762939453"/><Point X="303" Y="121.99999237060547"/><Point X="304" Y="120.00000762939453"/><Point X="304" Y="116"/><Point X="305" Y="115.00000762939453"/></Gesture>