<?xml version="1.0" encoding="utf-8"?>
<Gesture Name="check03"><Point X="154" Y="238"/><Point X="154" Y="240.00001525878906"/><Point X="158" Y="250.00001525878906"/><Point X="161.00001525878906" Y="258"/><Point X="165.99998474121094" Y="265"/><Point X="169" Y="270"/><Point X="172" Y="275"/><Point X="177" Y="281"/><Point X="183" Y="288"/><Point X="188.99998474121094" Y="292"/><Point X="192.99998474121094" Y="297"/><Point X="198" Y="302"/><Point X="201" Y="305"/><Point X="203" Y="307"/><Point X="205" Y="309"/><Point X="207" Y="310"/><Point X="208" Y="311"/><Point X="208" Y="312"/><Point X="208" Y="313"/><Point X="208" Y="314"/><Point X="208.99998474121094" Y="314"/><Point X="209.99998474121094" Y="314"/><Point X="215.00001525878906" Y="308"/><Point X="220" Y="300"/><Point X="228" Y="283"/><Point X="235.99998474121094" Y="261"/><Point X="246" Y="236"/><Point X="251" Y="223"/><Point X="258" Y="211"/><Point X="265" Y="193"/><Point X="267" Y="182"/><Point X="270" Y="174"/><Point X="272" Y="169"/><Point X="273" Y="166"/><Point X="274" Y="163"/><Point X="274" Y="161"/><Point X="274" Y="160"/><Point X="275" Y="157"/><Point X="276" Y="154"/><Point X="279" Y="149"/><Point X="282" Y="141"/><Point X="286" Y="133"/></Gesture>