<?xml version="1.0" encoding="utf-8"?>
<Gesture Name="circle04"><Point X="245" Y="131"/><Point X="227" Y="133"/><Point X="220" Y="133"/><Point X="214.00001525878906" Y="133"/><Point X="208.99998474121094" Y="133"/><Point X="203" Y="134"/><Point X="195" Y="134"/><Point X="186.99998474121094" Y="135"/><Point X="180" Y="137"/><Point X="173" Y="139"/><Point X="165.99998474121094" Y="142"/><Point X="161.99998474121094" Y="145"/><Point X="157.00001525878906" Y="148"/><Point X="153" Y="153"/><Point X="149" Y="155"/><Point X="145" Y="160"/><Point X="141" Y="165"/><Point X="135" Y="169"/><Point X="131" Y="176"/><Point X="125" Y="182"/><Point X="122" Y="191"/><Point X="117.99996948242188" Y="200"/><Point X="114" Y="207"/><Point X="112" Y="214"/><Point X="111" Y="220"/><Point X="108" Y="228"/><Point X="107.00003051757813" Y="236"/><Point X="107.00003051757813" Y="242"/><Point X="107.00003051757813" Y="246"/><Point X="107.00003051757813" Y="251"/><Point X="107.00003051757813" Y="256"/><Point X="108" Y="258"/><Point X="109" Y="262"/><Point X="110" Y="264"/><Point X="112" Y="267"/><Point X="116" Y="273"/><Point X="119" Y="277"/><Point X="122" Y="282"/><Point X="125" Y="285"/><Point X="128" Y="290"/><Point X="131" Y="293"/><Point X="136" Y="297"/><Point X="140" Y="301"/><Point X="145" Y="304"/><Point X="149" Y="307"/><Point X="156" Y="310"/><Point X="161.00001525878906" Y="312"/><Point X="167" Y="314"/><Point X="171" Y="314"/><Point X="174" Y="314"/><Point X="179" Y="314"/><Point X="186.00001525878906" Y="314"/><Point X="194" Y="313"/><Point X="204" Y="312"/><Point X="211.99998474121094" Y="311"/><Point X="220" Y="309"/><Point X="225" Y="308"/><Point X="230" Y="308"/><Point X="232" Y="307"/><Point X="233.99998474121094" Y="307"/><Point X="236.99998474121094" Y="306"/><Point X="239.00001525878906" Y="305"/><Point X="243" Y="305"/><Point X="249" Y="302"/><Point X="256" Y="299"/><Point X="261" Y="297"/><Point X="268" Y="295"/><Point X="271" Y="293"/><Point X="274" Y="292"/><Point X="276" Y="291"/><Point X="278" Y="290"/><Point X="279" Y="289"/><Point X="280" Y="288"/><Point X="281" Y="288"/><Point X="281" Y="287"/><Point X="283" Y="286"/><Point X="284" Y="285"/><Point X="286" Y="281"/><Point X="288" Y="279"/><Point X="290" Y="275"/><Point X="293" Y="270"/><Point X="294" Y="266"/><Point X="296" Y="260"/><Point X="297" Y="257"/><Point X="297" Y="253.99998474121094"/><Point X="297" Y="251"/><Point X="297" Y="249"/><Point X="297" Y="246.99998474121094"/><Point X="297" Y="243.99998474121094"/><Point X="297" Y="243.00001525878906"/><Point X="297" Y="242"/><Point X="297" Y="240.00001525878906"/><Point X="297" Y="236.99998474121094"/><Point X="297" Y="233.99998474121094"/><Point X="297" Y="231"/><Point X="297" Y="226.00001525878906"/><Point X="297" Y="223"/><Point X="297" Y="219"/><Point X="297" Y="216"/><Point X="297" Y="214"/><Point X="297" Y="210"/><Point X="297" Y="209"/><Point X="297" Y="208"/><Point X="297" Y="207"/><Point X="297" Y="206"/><Point X="297" Y="204"/><Point X="296" Y="203"/><Point X="296" Y="202"/><Point X="296" Y="201"/><Point X="295" Y="200"/><Point X="294" Y="199"/><Point X="293" Y="196"/><Point X="292" Y="195"/><Point X="291" Y="194"/><Point X="290" Y="193"/><Point X="290" Y="191"/><Point X="289" Y="190"/><Point X="288" Y="189"/><Point X="288" Y="187"/><Point X="287" Y="185"/><Point X="285" Y="184"/><Point X="285" Y="182"/><Point X="284" Y="180"/><Point X="282" Y="177"/><Point X="281" Y="176"/><Point X="279" Y="172"/><Point X="279" Y="171"/><Point X="277" Y="169"/><Point X="276" Y="168"/><Point X="275" Y="167"/><Point X="274" Y="166"/><Point X="273" Y="165"/><Point X="272" Y="164"/><Point X="270" Y="163"/><Point X="270" Y="162"/><Point X="269" Y="161"/><Point X="268" Y="159"/><Point X="267" Y="157"/><Point X="266" Y="157"/><Point X="266" Y="155"/><Point X="265" Y="155"/><Point X="264" Y="154"/><Point X="263" Y="153"/><Point X="262" Y="151"/><Point X="261" Y="150"/><Point X="260" Y="149"/><Point X="260" Y="148"/><Point X="259" Y="147"/><Point X="258" Y="145"/><Point X="257" Y="143"/><Point X="256" Y="143"/><Point X="255" Y="141"/><Point X="255" Y="140"/><Point X="254" Y="139"/><Point X="253" Y="137"/><Point X="252" Y="136"/><Point X="251" Y="135"/><Point X="250" Y="133"/><Point X="249" Y="132"/><Point X="248" Y="131"/><Point X="247" Y="130"/><Point X="247" Y="129"/><Point X="246" Y="128"/><Point X="245" Y="128"/><Point X="244" Y="128"/><Point X="243" Y="128"/><Point X="243" Y="126.99999237060547"/><Point X="242" Y="126.99999237060547"/><Point X="241.00001525878906" Y="126.99999237060547"/><Point X="240.00001525878906" Y="126.99999237060547"/></Gesture>