<?xml version="1.0" encoding="utf-8"?>
<Gesture Name="circle01"><Point X="211.99998474121094" Y="151"/><Point X="208.99998474121094" Y="151"/><Point X="204" Y="152"/><Point X="201" Y="154"/><Point X="194" Y="156"/><Point X="188.99998474121094" Y="158"/><Point X="184.00001525878906" Y="161"/><Point X="181" Y="162"/><Point X="178" Y="164"/><Point X="174" Y="165"/><Point X="172" Y="167"/><Point X="169" Y="169"/><Point X="165.99998474121094" Y="171"/><Point X="163.00001525878906" Y="173"/><Point X="159.99998474121094" Y="175"/><Point X="156" Y="179"/><Point X="152" Y="185"/><Point X="149" Y="190"/><Point X="145" Y="193"/><Point X="142" Y="196"/><Point X="141" Y="198"/><Point X="138" Y="202"/><Point X="136" Y="204"/><Point X="135" Y="206"/><Point X="135" Y="208"/><Point X="134" Y="210"/><Point X="132.00003051757813" Y="212"/><Point X="131" Y="215"/><Point X="129" Y="221"/><Point X="129" Y="226.99998474121094"/><Point X="129" Y="231"/><Point X="130" Y="236.99998474121094"/><Point X="131" Y="240.00001525878906"/><Point X="132.00003051757813" Y="242"/><Point X="133" Y="246"/><Point X="135" Y="248"/><Point X="140" Y="252"/><Point X="144" Y="256"/><Point X="148" Y="259"/><Point X="153" Y="263"/><Point X="161.00001525878906" Y="268"/><Point X="167.99998474121094" Y="272"/><Point X="176" Y="275"/><Point X="184.00001525878906" Y="280"/><Point X="188.99998474121094" Y="282"/><Point X="196" Y="285"/><Point X="199" Y="287"/><Point X="205" Y="290"/><Point X="207" Y="291"/><Point X="210.99998474121094" Y="292"/><Point X="217" Y="294"/><Point X="223" Y="295"/><Point X="228" Y="295"/><Point X="235.99998474121094" Y="295"/><Point X="243" Y="295"/><Point X="247" Y="295"/><Point X="250" Y="294"/><Point X="254" Y="293"/><Point X="256" Y="292"/><Point X="258" Y="292"/><Point X="261" Y="289"/><Point X="263" Y="288"/><Point X="265" Y="287"/><Point X="267" Y="287"/><Point X="269" Y="286"/><Point X="271" Y="285"/><Point X="272" Y="284"/><Point X="273" Y="283"/><Point X="274" Y="281"/><Point X="277" Y="278"/><Point X="279" Y="275"/><Point X="281" Y="265"/><Point X="282" Y="256"/><Point X="283" Y="245"/><Point X="283" Y="239"/><Point X="283" Y="235"/><Point X="283" Y="232"/><Point X="283" Y="230.00001525878906"/><Point X="282" Y="226.00001525878906"/><Point X="281" Y="224"/><Point X="280" Y="221"/><Point X="278" Y="217"/><Point X="276" Y="214"/><Point X="274" Y="209"/><Point X="273" Y="206"/><Point X="271" Y="203"/><Point X="270" Y="199"/><Point X="269" Y="198"/><Point X="268" Y="196"/><Point X="267" Y="195"/><Point X="266" Y="192"/><Point X="265" Y="191"/><Point X="265" Y="190"/><Point X="264" Y="189"/><Point X="263" Y="188"/><Point X="262" Y="187"/><Point X="260" Y="186"/><Point X="259" Y="184"/><Point X="257" Y="183"/><Point X="257" Y="182"/><Point X="256" Y="181"/><Point X="255" Y="180"/><Point X="253" Y="179"/><Point X="252" Y="177"/><Point X="251" Y="176"/><Point X="250" Y="176"/><Point X="249" Y="176"/><Point X="249" Y="175"/><Point X="248" Y="175"/><Point X="247" Y="174"/><Point X="246" Y="174"/><Point X="245" Y="173"/><Point X="244" Y="173"/><Point X="242" Y="172"/><Point X="241.00001525878906" Y="169"/><Point X="239.00001525878906" Y="168"/><Point X="238.00001525878906" Y="167"/><Point X="236.99998474121094" Y="166"/><Point X="235.99998474121094" Y="166"/><Point X="234.99998474121094" Y="165"/><Point X="233.99998474121094" Y="164"/><Point X="233" Y="163"/><Point X="232" Y="163"/><Point X="231" Y="162"/><Point X="230" Y="162"/><Point X="229" Y="162"/><Point X="229" Y="161"/><Point X="227" Y="161"/><Point X="226" Y="161"/></Gesture>