<?xml version="1.0" encoding="utf-8"?>
<Gesture Name="circle05"><Point X="293" Y="146"/><Point X="288" Y="146"/><Point X="281" Y="146"/><Point X="271" Y="148"/><Point X="261" Y="150"/><Point X="251" Y="153"/><Point X="243" Y="158"/><Point X="234.99998474121094" Y="162"/><Point X="228" Y="164"/><Point X="225" Y="166"/><Point X="218" Y="171"/><Point X="210.99998474121094" Y="180"/><Point X="200" Y="193"/><Point X="196" Y="201"/><Point X="190.99998474121094" Y="208"/><Point X="188.00001525878906" Y="213"/><Point X="186.00001525878906" Y="219"/><Point X="184.00001525878906" Y="226.99998474121094"/><Point X="181" Y="233.99998474121094"/><Point X="181" Y="241"/><Point X="181" Y="246.99998474121094"/><Point X="183" Y="253.99998474121094"/><Point X="184.00001525878906" Y="260"/><Point X="186.00001525878906" Y="267"/><Point X="188.00001525878906" Y="271"/><Point X="194" Y="275"/><Point X="201" Y="282"/><Point X="213.00001525878906" Y="289"/><Point X="227" Y="294"/><Point X="239.00001525878906" Y="296"/><Point X="247" Y="296"/><Point X="254" Y="296"/><Point X="260" Y="296"/><Point X="271" Y="295"/><Point X="279" Y="294"/><Point X="291" Y="289"/><Point X="299" Y="286"/><Point X="306" Y="284"/><Point X="314" Y="278"/><Point X="322" Y="271"/><Point X="337" Y="253.99998474121094"/><Point X="347" Y="238"/><Point X="355" Y="226.00001525878906"/><Point X="369" Y="204"/><Point X="376" Y="190"/><Point X="378" Y="184"/><Point X="379" Y="178"/><Point X="379" Y="175"/><Point X="379" Y="172"/><Point X="377" Y="168"/><Point X="370" Y="164"/><Point X="362" Y="158"/><Point X="355" Y="154"/><Point X="349" Y="151"/><Point X="331" Y="145"/><Point X="326" Y="144"/><Point X="320" Y="143"/><Point X="316" Y="141"/><Point X="314" Y="141"/><Point X="312" Y="141"/><Point X="310" Y="141"/><Point X="309" Y="141"/></Gesture>