<?xml version="1.0" encoding="utf-8"?>
<Gesture Name="circle06"><Point X="297" Y="121"/><Point X="290" Y="123"/><Point X="282" Y="125.00000762939453"/><Point X="276" Y="128"/><Point X="269" Y="130"/><Point X="264" Y="132"/><Point X="258" Y="136"/><Point X="249" Y="143"/><Point X="242" Y="150"/><Point X="233" Y="161"/><Point X="225" Y="174"/><Point X="220" Y="183"/><Point X="218" Y="190"/><Point X="213.00001525878906" Y="198"/><Point X="210.99998474121094" Y="207"/><Point X="209.99998474121094" Y="215"/><Point X="209.99998474121094" Y="220"/><Point X="209.99998474121094" Y="226.00001525878906"/><Point X="209.99998474121094" Y="231"/><Point X="210.99998474121094" Y="236"/><Point X="211.99998474121094" Y="239"/><Point X="218" Y="246"/><Point X="226" Y="252"/><Point X="234.99998474121094" Y="260"/><Point X="243" Y="268"/><Point X="251" Y="272"/><Point X="258" Y="277"/><Point X="269" Y="282"/><Point X="283" Y="285"/><Point X="293" Y="287"/><Point X="301" Y="287"/><Point X="307" Y="287"/><Point X="312" Y="287"/><Point X="316" Y="286"/><Point X="321" Y="284"/><Point X="327" Y="279"/><Point X="335" Y="276"/><Point X="342" Y="271"/><Point X="348" Y="267"/><Point X="351" Y="264"/><Point X="357" Y="256"/><Point X="363" Y="249"/><Point X="369" Y="235"/><Point X="374" Y="225"/><Point X="375" Y="218"/><Point X="376" Y="214"/><Point X="376" Y="210"/><Point X="376" Y="206"/><Point X="376" Y="203"/><Point X="373" Y="196"/><Point X="372" Y="193"/><Point X="370" Y="185"/><Point X="367" Y="178"/><Point X="362" Y="173"/><Point X="360" Y="168"/><Point X="358" Y="164"/><Point X="355" Y="159"/><Point X="352" Y="152"/><Point X="349" Y="147"/><Point X="347" Y="144"/><Point X="345" Y="142"/><Point X="343" Y="140"/><Point X="341" Y="137"/><Point X="340" Y="136"/><Point X="338" Y="135"/><Point X="336" Y="133"/><Point X="334" Y="133"/><Point X="332" Y="131"/><Point X="331" Y="130"/><Point X="327" Y="129"/><Point X="326" Y="129"/><Point X="323" Y="128"/><Point X="322" Y="128"/><Point X="320" Y="128"/><Point X="319" Y="128"/><Point X="318" Y="128"/><Point X="317" Y="128"/><Point X="316" Y="128"/><Point X="315" Y="128"/></Gesture>