<?xml version="1.0" encoding="utf-8"?>
<Gesture Name="circle08"><Point X="296" Y="121.99999237060547"/><Point X="290" Y="121.99999237060547"/><Point X="279" Y="123"/><Point X="267" Y="125.00000762939453"/><Point X="253" Y="126"/><Point X="243" Y="128"/><Point X="233" Y="130"/><Point X="225" Y="133"/><Point X="219" Y="136"/><Point X="209.99998474121094" Y="138"/><Point X="200" Y="140"/><Point X="194" Y="144"/><Point X="188.00001525878906" Y="146"/><Point X="182.00001525878906" Y="150"/><Point X="176" Y="156"/><Point X="169" Y="164"/><Point X="163.00001525878906" Y="174"/><Point X="158" Y="183"/><Point X="155" Y="193"/><Point X="151" Y="205"/><Point X="149" Y="213"/><Point X="146" Y="222"/><Point X="145" Y="228"/><Point X="145" Y="236"/><Point X="145" Y="243.99998474121094"/><Point X="148" Y="255"/><Point X="150" Y="264"/><Point X="155" Y="273"/><Point X="161.99998474121094" Y="282"/><Point X="171" Y="292"/><Point X="182.00001525878906" Y="300"/><Point X="192" Y="306"/><Point X="201" Y="312"/><Point X="214.00001525878906" Y="316"/><Point X="224" Y="319"/><Point X="233" Y="320"/><Point X="248" Y="320"/><Point X="260" Y="319"/><Point X="274" Y="316"/><Point X="285" Y="311"/><Point X="292" Y="306"/><Point X="302" Y="299"/><Point X="309" Y="293"/><Point X="319" Y="282"/><Point X="330" Y="267"/><Point X="336" Y="250.00001525878906"/><Point X="340" Y="236.99998474121094"/><Point X="344" Y="223"/><Point X="344" Y="207"/><Point X="344" Y="195"/><Point X="341" Y="185"/><Point X="339" Y="176"/><Point X="336" Y="168"/><Point X="332" Y="161"/><Point X="326" Y="153"/><Point X="322" Y="146"/><Point X="315" Y="140"/><Point X="309" Y="135"/><Point X="304" Y="131"/><Point X="297" Y="126.99999237060547"/><Point X="292" Y="123"/><Point X="287" Y="121"/><Point X="283" Y="119"/><Point X="281" Y="116.99999237060547"/><Point X="278" Y="116"/></Gesture>