<?xml version="1.0" encoding="utf-8"?>
<Gesture Name="delete_mark10"><Point X="172" Y="159"/><Point X="178" Y="165"/><Point X="186.99998474121094" Y="176"/><Point X="194" Y="186"/><Point X="202" Y="194"/><Point X="208.99998474121094" Y="201"/><Point X="216.00001525878906" Y="210"/><Point X="220" Y="217"/><Point X="227" Y="224"/><Point X="232" Y="230.00001525878906"/><Point X="235.99998474121094" Y="233.00001525878906"/><Point X="239.00001525878906" Y="236.99998474121094"/><Point X="242" Y="242"/><Point X="246" Y="246"/><Point X="249" Y="252"/><Point X="252" Y="257"/><Point X="256" Y="261"/><Point X="258" Y="264"/><Point X="260" Y="266"/><Point X="261" Y="270"/><Point X="263" Y="271"/><Point X="264" Y="273"/><Point X="264" Y="274"/><Point X="265" Y="277"/><Point X="266" Y="278"/><Point X="267" Y="278"/><Point X="267" Y="279"/><Point X="267" Y="280"/><Point X="267" Y="281"/><Point X="267" Y="282"/><Point X="267" Y="283"/><Point X="265" Y="283"/><Point X="257" Y="283"/><Point X="241.00001525878906" Y="283"/><Point X="223" Y="283"/><Point X="201" Y="283"/><Point X="188.99998474121094" Y="283"/><Point X="178" Y="283"/><Point X="169" Y="283"/><Point X="159.99998474121094" Y="283"/><Point X="154" Y="283"/><Point X="148" Y="284"/><Point X="145" Y="284"/><Point X="141" Y="285"/><Point X="138" Y="286"/><Point X="135" Y="286"/><Point X="132.00003051757813" Y="286"/><Point X="131" Y="286"/><Point X="130" Y="286"/><Point X="129" Y="286"/><Point X="128" Y="286"/><Point X="127" Y="286"/><Point X="126" Y="286"/><Point X="126" Y="285"/><Point X="126" Y="282"/><Point X="128" Y="276"/><Point X="134" Y="267"/><Point X="148" Y="253.99998474121094"/><Point X="165.00001525878906" Y="236"/><Point X="184.99998474121094" Y="218"/><Point X="208.99998474121094" Y="192"/><Point X="234.99998474121094" Y="170"/><Point X="258" Y="147"/><Point X="273" Y="132"/><Point X="281" Y="124"/><Point X="288" Y="118"/><Point X="291" Y="116"/><Point X="293" Y="114"/><Point X="294" Y="113.00000762939453"/><Point X="295" Y="112.00000762939453"/><Point X="296" Y="112.00000762939453"/></Gesture>