<?xml version="1.0" encoding="utf-8"?>
<Gesture Name="delete_mark01"><Point X="146" Y="136"/><Point X="149" Y="139"/><Point X="154" Y="144"/><Point X="159.00001525878906" Y="148"/><Point X="163.00001525878906" Y="154"/><Point X="165.99998474121094" Y="158"/><Point X="172" Y="162"/><Point X="175" Y="167"/><Point X="180" Y="173"/><Point X="184.99998474121094" Y="181"/><Point X="190.99998474121094" Y="189"/><Point X="194" Y="195"/><Point X="197" Y="201"/><Point X="202" Y="207"/><Point X="206" Y="213"/><Point X="210.99998474121094" Y="220"/><Point X="215.00001525878906" Y="226.00001525878906"/><Point X="217" Y="229"/><Point X="219" Y="233.00001525878906"/><Point X="220" Y="236"/><Point X="223" Y="238"/><Point X="224" Y="242"/><Point X="225" Y="243.00001525878906"/><Point X="225" Y="245"/><Point X="226" Y="246"/><Point X="227" Y="249"/><Point X="229" Y="250.00001525878906"/><Point X="231" Y="252"/><Point X="233" Y="253.99998474121094"/><Point X="234.99998474121094" Y="258"/><Point X="236.99998474121094" Y="261"/><Point X="240.00001525878906" Y="262"/><Point X="241.00001525878906" Y="264"/><Point X="243" Y="266"/><Point X="245" Y="268"/><Point X="246" Y="270"/><Point X="249" Y="271"/><Point X="250" Y="274"/><Point X="251" Y="275"/><Point X="253" Y="277"/><Point X="254" Y="279"/><Point X="256" Y="281"/><Point X="257" Y="282"/><Point X="257" Y="283"/><Point X="249" Y="283"/><Point X="234.99998474121094" Y="282"/><Point X="228" Y="281"/><Point X="215.00001525878906" Y="280"/><Point X="199" Y="279"/><Point X="186.99998474121094" Y="279"/><Point X="175" Y="279"/><Point X="167.99998474121094" Y="279"/><Point X="158" Y="279"/><Point X="152" Y="280"/><Point X="147" Y="281"/><Point X="142" Y="282"/><Point X="140" Y="283"/><Point X="136" Y="283"/><Point X="134" Y="284"/><Point X="131" Y="286"/><Point X="128" Y="287"/><Point X="125" Y="288"/><Point X="123" Y="288"/><Point X="120" Y="288"/><Point X="117.99996948242188" Y="288"/><Point X="117" Y="288"/><Point X="116" Y="288"/><Point X="115" Y="288"/><Point X="114" Y="288"/><Point X="112" Y="288"/><Point X="112" Y="287"/><Point X="114" Y="284"/><Point X="115" Y="282"/><Point X="117.99996948242188" Y="277"/><Point X="124" Y="272"/><Point X="128" Y="268"/><Point X="132.00003051757813" Y="263"/><Point X="141" Y="253.00001525878906"/><Point X="146" Y="246"/><Point X="151" Y="238"/><Point X="157.00001525878906" Y="228"/><Point X="161.99998474121094" Y="222"/><Point X="167" Y="215"/><Point X="170" Y="211"/><Point X="175" Y="205"/><Point X="181" Y="201"/><Point X="184.99998474121094" Y="198"/><Point X="190.99998474121094" Y="194"/><Point X="194" Y="192"/><Point X="198" Y="190"/><Point X="201" Y="186"/><Point X="205" Y="182"/><Point X="208.99998474121094" Y="178"/><Point X="214.00001525878906" Y="171"/><Point X="221" Y="163"/><Point X="224" Y="159"/><Point X="225" Y="156"/><Point X="227" Y="153"/><Point X="230" Y="152"/><Point X="230" Y="151"/><Point X="231" Y="151"/><Point X="232" Y="150"/></Gesture>