<?xml version="1.0" encoding="utf-8"?>
<Gesture Name="delete_mark09"><Point X="194" Y="193"/><Point X="203" Y="200"/><Point X="213.00001525878906" Y="208"/><Point X="222" Y="213"/><Point X="231" Y="219"/><Point X="235.99998474121094" Y="223"/><Point X="243" Y="229"/><Point X="251" Y="235"/><Point X="260" Y="243.00001525878906"/><Point X="269" Y="252"/><Point X="278" Y="258"/><Point X="283" Y="265"/><Point X="289" Y="269"/><Point X="292" Y="272"/><Point X="294" Y="276"/><Point X="297" Y="278"/><Point X="300" Y="281"/><Point X="301" Y="283"/><Point X="305" Y="286"/><Point X="307" Y="288"/><Point X="308" Y="290"/><Point X="311" Y="294"/><Point X="315" Y="297"/><Point X="318" Y="300"/><Point X="321" Y="303"/><Point X="323" Y="305"/><Point X="325" Y="307"/><Point X="325" Y="308"/><Point X="326" Y="310"/><Point X="327" Y="310"/><Point X="327" Y="311"/><Point X="327" Y="312"/><Point X="328" Y="313"/><Point X="328" Y="314"/><Point X="323" Y="314"/><Point X="311" Y="311"/><Point X="299" Y="309"/><Point X="284" Y="308"/><Point X="274" Y="305"/><Point X="265" Y="304"/><Point X="256" Y="304"/><Point X="247" Y="304"/><Point X="239.00001525878906" Y="307"/><Point X="227" Y="309"/><Point X="215.00001525878906" Y="313"/><Point X="205" Y="315"/><Point X="197" Y="318"/><Point X="192" Y="320"/><Point X="186.00001525878906" Y="323"/><Point X="183" Y="323"/><Point X="181" Y="324"/><Point X="178" Y="325"/><Point X="176" Y="326"/><Point X="175" Y="326"/><Point X="174" Y="326"/><Point X="173" Y="326"/><Point X="172" Y="326"/><Point X="173" Y="321"/><Point X="183" Y="302"/><Point X="199" Y="278"/><Point X="222" Y="246.99998474121094"/><Point X="255" Y="212"/><Point X="275" Y="186"/><Point X="305" Y="148"/><Point X="318" Y="134"/><Point X="325" Y="126"/><Point X="331" Y="121"/><Point X="332" Y="119"/><Point X="333" Y="116.99999237060547"/><Point X="334" Y="116.99999237060547"/><Point X="334" Y="116"/></Gesture>