<?xml version="1.0" encoding="utf-8"?>
<Gesture Name="left_curly_brace04"><Point X="252" Y="145"/><Point X="251" Y="146"/><Point X="247" Y="149"/><Point X="244" Y="153"/><Point X="242" Y="156"/><Point X="240.00001525878906" Y="158"/><Point X="238.00001525878906" Y="162"/><Point X="235.99998474121094" Y="165"/><Point X="234.99998474121094" Y="166"/><Point X="233" Y="170"/><Point X="233" Y="171"/><Point X="231" Y="173"/><Point X="230" Y="176"/><Point X="230" Y="178"/><Point X="230" Y="180"/><Point X="230" Y="182"/><Point X="230" Y="186"/><Point X="230" Y="187"/><Point X="232" Y="190"/><Point X="233" Y="191"/><Point X="233.99998474121094" Y="195"/><Point X="233.99998474121094" Y="196"/><Point X="234.99998474121094" Y="198"/><Point X="236.99998474121094" Y="200"/><Point X="241.00001525878906" Y="204"/><Point X="243" Y="207"/><Point X="246" Y="208"/><Point X="249" Y="211"/><Point X="251" Y="213"/><Point X="253" Y="214"/><Point X="255" Y="216"/><Point X="256" Y="217"/><Point X="257" Y="217"/><Point X="258" Y="218"/><Point X="259" Y="220"/><Point X="260" Y="221"/><Point X="261" Y="221"/><Point X="261" Y="223"/><Point X="262" Y="223"/><Point X="263" Y="225"/><Point X="263" Y="228"/><Point X="263" Y="231"/><Point X="263" Y="236"/><Point X="261" Y="239"/><Point X="258" Y="243.00001525878906"/><Point X="254" Y="248"/><Point X="251" Y="252"/><Point X="248" Y="256"/><Point X="246" Y="258"/><Point X="244" Y="260"/><Point X="242" Y="262"/><Point X="241.00001525878906" Y="264"/><Point X="240.00001525878906" Y="265"/><Point X="239.00001525878906" Y="265"/><Point X="239.00001525878906" Y="266"/><Point X="236.99998474121094" Y="267"/><Point X="235.99998474121094" Y="268"/><Point X="234.99998474121094" Y="269"/><Point X="234.99998474121094" Y="270"/><Point X="233.99998474121094" Y="271"/><Point X="233.99998474121094" Y="272"/><Point X="233.99998474121094" Y="273"/><Point X="234.99998474121094" Y="273"/><Point X="239.00001525878906" Y="274"/><Point X="242" Y="275"/><Point X="244" Y="275"/><Point X="248" Y="276"/><Point X="250" Y="276"/><Point X="251" Y="277"/><Point X="252" Y="278"/><Point X="252" Y="279"/><Point X="254" Y="281"/><Point X="255" Y="287"/><Point X="255" Y="294"/><Point X="255" Y="302"/><Point X="253" Y="307"/><Point X="251" Y="315"/><Point X="248" Y="324"/><Point X="246" Y="332"/><Point X="245" Y="335"/><Point X="244" Y="337"/><Point X="242" Y="341"/><Point X="242" Y="342"/><Point X="242" Y="344"/><Point X="243" Y="346"/><Point X="244" Y="348"/><Point X="245" Y="350"/><Point X="248" Y="352"/><Point X="251" Y="353"/><Point X="255" Y="354"/><Point X="262" Y="354"/><Point X="270" Y="354"/><Point X="284" Y="348"/><Point X="304" Y="334"/></Gesture>