<?xml version="1.0" encoding="utf-8"?>
<Gesture Name="left_square_bracket10"><Point X="177" Y="162"/><Point X="171" Y="162"/><Point X="163.00001525878906" Y="163"/><Point X="158" Y="164"/><Point X="152" Y="164"/><Point X="150" Y="165"/><Point X="147" Y="165"/><Point X="144" Y="165"/><Point X="142" Y="166"/><Point X="141" Y="166"/><Point X="140" Y="166"/><Point X="139" Y="166"/><Point X="137" Y="166"/><Point X="136" Y="166"/><Point X="136" Y="169"/><Point X="136" Y="173"/><Point X="136" Y="182"/><Point X="136" Y="191"/><Point X="136" Y="197"/><Point X="136" Y="206"/><Point X="136" Y="217"/><Point X="136" Y="229"/><Point X="136" Y="241"/><Point X="136" Y="250.00001525878906"/><Point X="136" Y="253.99998474121094"/><Point X="136" Y="259"/><Point X="136" Y="264"/><Point X="136" Y="268"/><Point X="136" Y="273"/><Point X="136" Y="282"/><Point X="136" Y="291"/><Point X="136" Y="299"/><Point X="136" Y="305"/><Point X="136" Y="308"/><Point X="136" Y="314"/><Point X="136" Y="316"/><Point X="136" Y="320"/><Point X="136" Y="322"/><Point X="136" Y="323"/><Point X="136" Y="325"/><Point X="136" Y="328"/><Point X="136" Y="330"/><Point X="136" Y="332"/><Point X="136" Y="334"/><Point X="136" Y="336"/><Point X="137" Y="337"/><Point X="137" Y="338"/><Point X="137" Y="339"/><Point X="137" Y="340"/><Point X="137" Y="341"/><Point X="138" Y="342"/><Point X="140" Y="343"/><Point X="142" Y="345"/><Point X="147" Y="346"/><Point X="151" Y="348"/><Point X="155" Y="351"/><Point X="161.00001525878906" Y="353"/><Point X="165.00001525878906" Y="355"/><Point X="170" Y="356"/><Point X="173" Y="357"/><Point X="177" Y="358"/><Point X="179" Y="359"/><Point X="181" Y="360"/><Point X="182.00001525878906" Y="360"/><Point X="184.99998474121094" Y="361"/><Point X="186.00001525878906" Y="361"/><Point X="186.99998474121094" Y="361"/></Gesture>