<?xml version="1.0" encoding="utf-8"?>
<Gesture Name="left_square_bracket02"><Point X="227" Y="158"/><Point X="222" Y="158"/><Point X="210.99998474121094" Y="158"/><Point X="199" Y="158"/><Point X="188.99998474121094" Y="158"/><Point X="180" Y="159"/><Point X="167.99998474121094" Y="159"/><Point X="161.99998474121094" Y="159"/><Point X="152" Y="160"/><Point X="146" Y="160"/><Point X="144" Y="160"/><Point X="142" Y="160"/><Point X="138" Y="160"/><Point X="136" Y="160"/><Point X="133" Y="160"/><Point X="130" Y="160"/><Point X="128" Y="160"/><Point X="125" Y="160"/><Point X="123" Y="160"/><Point X="121" Y="160"/><Point X="120" Y="160"/><Point X="119" Y="160"/><Point X="117.99996948242188" Y="160"/><Point X="117" Y="160"/><Point X="116" Y="160"/><Point X="116" Y="161"/><Point X="116" Y="162"/><Point X="116" Y="164"/><Point X="116" Y="167"/><Point X="116" Y="171"/><Point X="116" Y="175"/><Point X="116" Y="178"/><Point X="117" Y="181"/><Point X="117.99996948242188" Y="187"/><Point X="119" Y="192"/><Point X="120" Y="199"/><Point X="121" Y="206"/><Point X="122" Y="213"/><Point X="123" Y="219"/><Point X="123" Y="224"/><Point X="123" Y="228"/><Point X="123" Y="233.00001525878906"/><Point X="124" Y="239"/><Point X="125" Y="246.99998474121094"/><Point X="125" Y="253.00001525878906"/><Point X="125" Y="261"/><Point X="125" Y="267"/><Point X="125" Y="271"/><Point X="125" Y="274"/><Point X="125" Y="276"/><Point X="125" Y="280"/><Point X="125" Y="282"/><Point X="125" Y="284"/><Point X="125" Y="288"/><Point X="125" Y="290"/><Point X="125" Y="292"/><Point X="125" Y="295"/><Point X="125" Y="297"/><Point X="125" Y="300"/><Point X="127" Y="304"/><Point X="127" Y="308"/><Point X="127" Y="311"/><Point X="127" Y="314"/><Point X="127" Y="315"/><Point X="127" Y="317"/><Point X="127" Y="319"/><Point X="127" Y="320"/><Point X="127" Y="321"/><Point X="127" Y="322"/><Point X="129" Y="322"/><Point X="132.00003051757813" Y="323"/><Point X="140" Y="324"/><Point X="149" Y="324"/><Point X="155" Y="324"/><Point X="161.00001525878906" Y="324"/><Point X="165.00001525878906" Y="324"/><Point X="169" Y="324"/><Point X="172" Y="324"/><Point X="174" Y="324"/><Point X="177" Y="324"/><Point X="180" Y="324"/><Point X="182.00001525878906" Y="324"/><Point X="186.99998474121094" Y="324"/><Point X="188.00001525878906" Y="324"/><Point X="188.99998474121094" Y="324"/><Point X="190.00001525878906" Y="324"/><Point X="190.99998474121094" Y="324"/><Point X="192" Y="324"/><Point X="192.99998474121094" Y="324"/></Gesture>