<?xml version="1.0" encoding="utf-8"?>
<Gesture Name="left_square_bracket05"><Point X="210.99998474121094" Y="102.99999237060547"/><Point X="207" Y="102.99999237060547"/><Point X="195" Y="102.99999237060547"/><Point X="172" Y="102.00000762939453"/><Point X="156" Y="102.00000762939453"/><Point X="141" Y="102.00000762939453"/><Point X="131" Y="102.00000762939453"/><Point X="114" Y="102.00000762939453"/><Point X="99" Y="102.00000762939453"/><Point X="90" Y="102.00000762939453"/><Point X="83" Y="102.00000762939453"/><Point X="77" Y="102.00000762939453"/><Point X="74" Y="102.00000762939453"/><Point X="72" Y="102.00000762939453"/><Point X="68" Y="102.00000762939453"/><Point X="67" Y="102.00000762939453"/><Point X="66" Y="102.00000762939453"/><Point X="65" Y="102.00000762939453"/><Point X="64" Y="102.00000762939453"/><Point X="62" Y="102.00000762939453"/><Point X="61" Y="104"/><Point X="60" Y="106"/><Point X="58" Y="114"/><Point X="57" Y="128"/><Point X="56" Y="138"/><Point X="56" Y="147"/><Point X="56" Y="162"/><Point X="56" Y="176"/><Point X="56" Y="191"/><Point X="56" Y="200"/><Point X="56" Y="209"/><Point X="56" Y="216"/><Point X="57" Y="229"/><Point X="58" Y="238"/><Point X="58" Y="246.99998474121094"/><Point X="59" Y="253.00001525878906"/><Point X="59" Y="259"/><Point X="59" Y="262"/><Point X="59" Y="265"/><Point X="59" Y="267"/><Point X="59" Y="270"/><Point X="59" Y="273"/><Point X="59" Y="275"/><Point X="59" Y="276"/><Point X="59" Y="277"/><Point X="59" Y="278"/><Point X="59" Y="279"/><Point X="59" Y="280"/><Point X="59" Y="281"/><Point X="61" Y="281"/><Point X="65" Y="283"/><Point X="70" Y="284"/><Point X="78" Y="284"/><Point X="87" Y="284"/><Point X="93" Y="284"/><Point X="101" Y="284"/><Point X="105" Y="284"/><Point X="110" Y="283"/><Point X="116" Y="283"/><Point X="121" Y="283"/><Point X="126" Y="283"/><Point X="129" Y="282"/><Point X="135" Y="281"/><Point X="140" Y="280"/><Point X="145" Y="280"/><Point X="148" Y="279"/><Point X="150" Y="279"/><Point X="152" Y="279"/><Point X="153" Y="279"/><Point X="154" Y="279"/><Point X="155" Y="278"/><Point X="156" Y="277"/></Gesture>