<?xml version="1.0" encoding="utf-8"?>
<Gesture Name="left_square_bracket01"><Point X="223" Y="142"/><Point X="219" Y="142"/><Point X="213.00001525878906" Y="142"/><Point X="208.99998474121094" Y="142"/><Point X="206" Y="142"/><Point X="204" Y="142"/><Point X="202" Y="142"/><Point X="201" Y="142"/><Point X="198" Y="142"/><Point X="197" Y="142"/><Point X="196" Y="142"/><Point X="195" Y="142"/><Point X="194" Y="142"/><Point X="192" Y="142"/><Point X="190.99998474121094" Y="142"/><Point X="190.00001525878906" Y="142"/><Point X="188.99998474121094" Y="142"/><Point X="188.99998474121094" Y="143"/><Point X="188.99998474121094" Y="149"/><Point X="190.00001525878906" Y="153"/><Point X="190.99998474121094" Y="159"/><Point X="192" Y="164"/><Point X="194" Y="169"/><Point X="194" Y="174"/><Point X="195" Y="176"/><Point X="195" Y="180"/><Point X="195" Y="182"/><Point X="195" Y="184"/><Point X="195" Y="187"/><Point X="195" Y="188"/><Point X="195" Y="189"/><Point X="195" Y="190"/><Point X="195" Y="193"/><Point X="195" Y="196"/><Point X="195" Y="200"/><Point X="195" Y="204"/><Point X="195" Y="208"/><Point X="196" Y="215"/><Point X="196" Y="217"/><Point X="196" Y="219"/><Point X="196" Y="223"/><Point X="196" Y="224"/><Point X="196" Y="226.00001525878906"/><Point X="196" Y="226.99998474121094"/><Point X="196" Y="229"/><Point X="197" Y="231"/><Point X="198" Y="233.00001525878906"/><Point X="198" Y="235"/><Point X="200" Y="241"/><Point X="201" Y="243.99998474121094"/><Point X="203" Y="248"/><Point X="204" Y="251"/><Point X="204" Y="253.00001525878906"/><Point X="204" Y="256"/><Point X="204" Y="258"/><Point X="204" Y="259"/><Point X="204" Y="260"/><Point X="204" Y="261"/><Point X="204" Y="263"/><Point X="204" Y="264"/><Point X="205" Y="265"/><Point X="205" Y="266"/><Point X="205" Y="267"/><Point X="206" Y="268"/><Point X="207" Y="270"/><Point X="208" Y="270"/><Point X="209.99998474121094" Y="272"/><Point X="211.99998474121094" Y="273"/><Point X="213.00001525878906" Y="274"/><Point X="215.00001525878906" Y="274"/><Point X="216.00001525878906" Y="274"/><Point X="219" Y="274"/><Point X="220" Y="274"/><Point X="221" Y="274"/><Point X="222" Y="274"/><Point X="223" Y="274"/><Point X="225" Y="274"/><Point X="226" Y="274"/><Point X="227" Y="274"/><Point X="228" Y="274"/><Point X="229" Y="274"/><Point X="233" Y="274"/></Gesture>