<?xml version="1.0" encoding="utf-8"?>
<Gesture Name="left_square_bracket06"><Point X="117" Y="159"/><Point X="117" Y="159"/><Point X="116" Y="159"/><Point X="115" Y="159"/><Point X="114" Y="159"/><Point X="113" Y="159"/><Point X="112" Y="160"/><Point X="110" Y="160"/><Point X="110" Y="161"/><Point X="110" Y="162"/><Point X="109" Y="163"/><Point X="109" Y="164"/><Point X="109" Y="165"/><Point X="109" Y="166"/><Point X="108" Y="166"/><Point X="107.00003051757813" Y="167"/><Point X="107.00003051757813" Y="168"/><Point X="106" Y="169"/><Point X="105" Y="170"/><Point X="104" Y="172"/><Point X="103" Y="172"/><Point X="102" Y="173"/><Point X="102" Y="174"/><Point X="101" Y="176"/><Point X="100" Y="177"/><Point X="100" Y="178"/><Point X="99" Y="181"/><Point X="99" Y="182"/><Point X="99" Y="183"/><Point X="98" Y="184"/><Point X="98" Y="185"/><Point X="98" Y="188"/><Point X="98" Y="190"/><Point X="98" Y="192"/><Point X="98" Y="194"/><Point X="98" Y="196"/><Point X="98" Y="197"/><Point X="98" Y="199"/><Point X="99" Y="200"/><Point X="100" Y="204"/><Point X="100" Y="206"/><Point X="100" Y="208"/><Point X="100" Y="210"/><Point X="101" Y="212"/><Point X="101" Y="214"/><Point X="102" Y="216"/><Point X="103" Y="220"/><Point X="104" Y="222"/><Point X="105" Y="225"/><Point X="105" Y="228"/><Point X="105" Y="230.00001525878906"/><Point X="105" Y="231"/><Point X="106" Y="233.00001525878906"/><Point X="107.00003051757813" Y="236"/><Point X="107.00003051757813" Y="236.99998474121094"/><Point X="108" Y="240.00001525878906"/><Point X="108" Y="241"/><Point X="109" Y="245"/><Point X="109" Y="246"/><Point X="109" Y="248"/><Point X="110" Y="249"/><Point X="110" Y="253.00001525878906"/><Point X="110" Y="253.99998474121094"/><Point X="111" Y="257"/><Point X="112" Y="260"/><Point X="112" Y="261"/><Point X="112" Y="263"/><Point X="112" Y="264"/><Point X="112" Y="265"/><Point X="112" Y="267"/><Point X="112" Y="269"/><Point X="112" Y="271"/><Point X="112" Y="272"/><Point X="114" Y="273"/><Point X="114" Y="275"/><Point X="114" Y="277"/><Point X="114" Y="278"/><Point X="115" Y="280"/><Point X="115" Y="282"/><Point X="116" Y="283"/><Point X="116" Y="284"/><Point X="116" Y="285"/><Point X="117" Y="286"/><Point X="117.99996948242188" Y="287"/><Point X="119" Y="289"/><Point X="124" Y="291"/><Point X="127" Y="292"/><Point X="134" Y="293"/><Point X="138" Y="293"/><Point X="142.99996948242188" Y="293"/><Point X="146" Y="293"/><Point X="150" Y="293"/><Point X="152" Y="292"/><Point X="156" Y="291"/><Point X="157.00001525878906" Y="291"/><Point X="159.00001525878906" Y="291"/><Point X="159.99998474121094" Y="291"/><Point X="161.00001525878906" Y="291"/><Point X="163.00001525878906" Y="291"/><Point X="165.00001525878906" Y="290"/><Point X="167" Y="289"/></Gesture>