<?xml version="1.0" encoding="utf-8"?>
<Gesture Name="left_square_bracket04"><Point X="211.99998474121094" Y="135"/><Point X="207" Y="135"/><Point X="201" Y="135"/><Point X="196" Y="134"/><Point X="190.99998474121094" Y="133"/><Point X="188.00001525878906" Y="132"/><Point X="183" Y="131"/><Point X="181" Y="131"/><Point X="178" Y="131"/><Point X="175" Y="131"/><Point X="173" Y="131"/><Point X="172" Y="131"/><Point X="171" Y="131"/><Point X="170" Y="131"/><Point X="169" Y="131"/><Point X="167.99998474121094" Y="131"/><Point X="167" Y="133"/><Point X="165.00001525878906" Y="135"/><Point X="161.99998474121094" Y="142"/><Point X="158" Y="152"/><Point X="156" Y="160"/><Point X="155" Y="169"/><Point X="154" Y="177"/><Point X="154" Y="181"/><Point X="153" Y="188"/><Point X="153" Y="192"/><Point X="153" Y="200"/><Point X="153" Y="209"/><Point X="153" Y="216"/><Point X="153" Y="222"/><Point X="152" Y="229"/><Point X="152" Y="233.00001525878906"/><Point X="151" Y="238"/><Point X="151" Y="248"/><Point X="151" Y="251"/><Point X="151" Y="255"/><Point X="151" Y="258"/><Point X="151" Y="260"/><Point X="151" Y="263"/><Point X="151" Y="266"/><Point X="151" Y="268"/><Point X="151" Y="271"/><Point X="151" Y="273"/><Point X="151" Y="275"/><Point X="151" Y="276"/><Point X="151" Y="277"/><Point X="151" Y="280"/><Point X="157.00001525878906" Y="282"/><Point X="174" Y="283"/><Point X="186.99998474121094" Y="283"/><Point X="192.99998474121094" Y="283"/><Point X="201" Y="282"/><Point X="207" Y="281"/><Point X="210.99998474121094" Y="281"/><Point X="213.00001525878906" Y="281"/><Point X="216.00001525878906" Y="281"/><Point X="217" Y="281"/><Point X="218" Y="281"/><Point X="219" Y="279"/><Point X="221" Y="277"/><Point X="229" Y="273"/></Gesture>