<?xml version="1.0" encoding="utf-8"?>
<Gesture Name="pigtail04"><Point X="177" Y="256"/><Point X="184.00001525878906" Y="252"/><Point X="192" Y="246.99998474121094"/><Point X="196" Y="243.00001525878906"/><Point X="202" Y="239"/><Point X="208" Y="233.00001525878906"/><Point X="217" Y="226.99998474121094"/><Point X="225" Y="222"/><Point X="232" Y="215"/><Point X="236.99998474121094" Y="211"/><Point X="242" Y="204"/><Point X="243" Y="202"/><Point X="246" Y="199"/><Point X="248" Y="198"/><Point X="248" Y="196"/><Point X="249" Y="195"/><Point X="250" Y="193"/><Point X="251" Y="190"/><Point X="251" Y="187"/><Point X="251" Y="185"/><Point X="251" Y="181"/><Point X="250" Y="180"/><Point X="249" Y="177"/><Point X="247" Y="174"/><Point X="243" Y="172"/><Point X="238.00001525878906" Y="170"/><Point X="231" Y="168"/><Point X="227" Y="167"/><Point X="219" Y="164"/><Point X="214.00001525878906" Y="164"/><Point X="210.99998474121094" Y="164"/><Point X="208" Y="164"/><Point X="206" Y="164"/><Point X="203" Y="164"/><Point X="201" Y="164"/><Point X="199" Y="165"/><Point X="195" Y="167"/><Point X="188.99998474121094" Y="177"/><Point X="183" Y="186"/><Point X="178" Y="196"/><Point X="175" Y="202"/><Point X="173" Y="206"/><Point X="172" Y="211"/><Point X="171" Y="216"/><Point X="171" Y="222"/><Point X="171" Y="226.99998474121094"/><Point X="171" Y="233.00001525878906"/><Point X="174" Y="242"/><Point X="177" Y="248"/><Point X="179" Y="253.99998474121094"/><Point X="183" Y="259"/><Point X="190.00001525878906" Y="265"/><Point X="200" Y="271"/><Point X="207" Y="276"/><Point X="218" Y="279"/><Point X="234.99998474121094" Y="283"/><Point X="247" Y="287"/><Point X="256" Y="288"/><Point X="264" Y="288"/><Point X="267" Y="288"/><Point X="272" Y="288"/><Point X="275" Y="288"/><Point X="281" Y="288"/><Point X="285" Y="286"/><Point X="288" Y="285"/><Point X="291" Y="285"/><Point X="294" Y="283"/></Gesture>