<?xml version="1.0" encoding="utf-8"?>
<Gesture Name="pigtail05"><Point X="134" Y="256"/><Point X="139" Y="255"/><Point X="149" Y="250.00001525878906"/><Point X="158" Y="243.99998474121094"/><Point X="165.99998474121094" Y="239"/><Point X="173" Y="235"/><Point X="178" Y="231"/><Point X="183" Y="226.99998474121094"/><Point X="188.00001525878906" Y="222"/><Point X="194" Y="216"/><Point X="199" Y="211"/><Point X="205" Y="205"/><Point X="211.99998474121094" Y="198"/><Point X="217" Y="191"/><Point X="223" Y="184"/><Point X="226" Y="181"/><Point X="228" Y="175"/><Point X="230" Y="172"/><Point X="232" Y="168"/><Point X="232" Y="166"/><Point X="232" Y="163"/><Point X="232" Y="159"/><Point X="231" Y="157"/><Point X="230" Y="155"/><Point X="228" Y="153"/><Point X="227" Y="152"/><Point X="225" Y="151"/><Point X="223" Y="150"/><Point X="221" Y="150"/><Point X="220" Y="150"/><Point X="219" Y="150"/><Point X="218" Y="150"/><Point X="216.00001525878906" Y="150"/><Point X="215.00001525878906" Y="150"/><Point X="213.00001525878906" Y="150"/><Point X="210.99998474121094" Y="154"/><Point X="209.99998474121094" Y="156"/><Point X="207" Y="160"/><Point X="205" Y="166"/><Point X="204" Y="171"/><Point X="204" Y="177"/><Point X="204" Y="180"/><Point X="204" Y="185"/><Point X="204" Y="189"/><Point X="206" Y="195"/><Point X="209.99998474121094" Y="201"/><Point X="216.00001525878906" Y="208"/><Point X="224" Y="214"/><Point X="236.99998474121094" Y="220"/><Point X="245" Y="222"/><Point X="261" Y="223"/><Point X="277" Y="222"/><Point X="290" Y="218"/><Point X="301" Y="213"/><Point X="308" Y="211"/><Point X="313" Y="209"/><Point X="318" Y="207"/><Point X="321" Y="206"/><Point X="327" Y="203"/><Point X="338" Y="198"/></Gesture>