<?xml version="1.0" encoding="utf-8"?>
<Gesture Name="rectangle07"><Point X="146" Y="137"/><Point X="146" Y="139"/><Point X="146" Y="141"/><Point X="146" Y="144"/><Point X="147" Y="149"/><Point X="148" Y="157"/><Point X="149" Y="162"/><Point X="150" Y="168"/><Point X="151" Y="176"/><Point X="154" Y="193"/><Point X="155" Y="205"/><Point X="157.00001525878906" Y="219"/><Point X="158" Y="225"/><Point X="159.00001525878906" Y="233.99998474121094"/><Point X="159.99998474121094" Y="242"/><Point X="159.99998474121094" Y="250.00001525878906"/><Point X="159.99998474121094" Y="256"/><Point X="159.99998474121094" Y="260"/><Point X="159.99998474121094" Y="265"/><Point X="159.99998474121094" Y="267"/><Point X="159.99998474121094" Y="271"/><Point X="159.99998474121094" Y="272"/><Point X="159.99998474121094" Y="274"/><Point X="159.99998474121094" Y="275"/><Point X="159.99998474121094" Y="278"/><Point X="159.99998474121094" Y="279"/><Point X="159.99998474121094" Y="280"/><Point X="161.00001525878906" Y="280"/><Point X="163.00001525878906" Y="282"/><Point X="167.99998474121094" Y="283"/><Point X="174" Y="284"/><Point X="184.99998474121094" Y="284"/><Point X="194" Y="284"/><Point X="201" Y="284"/><Point X="208" Y="284"/><Point X="217" Y="283"/><Point X="227" Y="283"/><Point X="235.99998474121094" Y="283"/><Point X="245" Y="283"/><Point X="252" Y="283"/><Point X="256" Y="283"/><Point X="260" Y="283"/><Point X="262" Y="283"/><Point X="267" Y="283"/><Point X="269" Y="283"/><Point X="271" Y="283"/><Point X="275" Y="283"/><Point X="276" Y="283"/><Point X="278" Y="283"/><Point X="281" Y="283"/><Point X="282" Y="283"/><Point X="283" Y="283"/><Point X="284" Y="283"/><Point X="285" Y="283"/><Point X="286" Y="283"/><Point X="288" Y="283"/><Point X="289" Y="283"/><Point X="290" Y="283"/><Point X="291" Y="283"/><Point X="292" Y="283"/><Point X="293" Y="282"/><Point X="295" Y="282"/><Point X="296" Y="281"/><Point X="298" Y="280"/><Point X="301" Y="279"/><Point X="303" Y="277"/><Point X="306" Y="276"/><Point X="308" Y="275"/><Point X="312" Y="274"/><Point X="315" Y="273"/><Point X="318" Y="273"/><Point X="320" Y="273"/><Point X="322" Y="273"/><Point X="323" Y="273"/><Point X="324" Y="273"/><Point X="325" Y="273"/><Point X="327" Y="273"/><Point X="330" Y="273"/><Point X="332" Y="272"/><Point X="335" Y="271"/><Point X="338" Y="271"/><Point X="339" Y="271"/><Point X="341" Y="271"/><Point X="343" Y="271"/><Point X="344" Y="271"/><Point X="345" Y="271"/><Point X="346" Y="271"/><Point X="347" Y="271"/><Point X="350" Y="271"/><Point X="354" Y="271"/><Point X="356" Y="271"/><Point X="359" Y="271"/><Point X="360" Y="271"/><Point X="361" Y="271"/><Point X="362" Y="271"/><Point X="363" Y="271"/><Point X="366" Y="271"/><Point X="369" Y="271"/><Point X="373" Y="271"/><Point X="376" Y="271"/><Point X="377" Y="271"/><Point X="379" Y="271"/><Point X="381" Y="271"/><Point X="382" Y="271"/><Point X="383" Y="271"/><Point X="383" Y="270"/><Point X="384" Y="269"/><Point X="385" Y="267"/><Point X="386" Y="265"/><Point X="386" Y="260"/><Point X="388" Y="257"/><Point X="388" Y="248"/><Point X="388" Y="236"/><Point X="387" Y="223"/><Point X="386" Y="214"/><Point X="385" Y="206"/><Point X="384" Y="200"/><Point X="384" Y="197"/><Point X="384" Y="195"/><Point X="383" Y="193"/><Point X="383" Y="191"/><Point X="383" Y="190"/><Point X="382" Y="188"/><Point X="381" Y="185"/><Point X="380" Y="182"/><Point X="379" Y="178"/><Point X="377" Y="173"/><Point X="376" Y="168"/><Point X="376" Y="165"/><Point X="376" Y="162"/><Point X="376" Y="161"/><Point X="376" Y="160"/><Point X="376" Y="159"/><Point X="376" Y="158"/><Point X="375" Y="157"/><Point X="374" Y="157"/><Point X="374" Y="156"/><Point X="374" Y="155"/><Point X="374" Y="154"/><Point X="374" Y="153"/><Point X="374" Y="152"/><Point X="373" Y="152"/><Point X="372" Y="151"/><Point X="372" Y="150"/><Point X="370" Y="150"/><Point X="369" Y="149"/><Point X="366" Y="147"/><Point X="364" Y="146"/><Point X="358" Y="144"/><Point X="349" Y="143"/><Point X="337" Y="143"/><Point X="326" Y="143"/><Point X="319" Y="143"/><Point X="312" Y="143"/><Point X="306" Y="143"/><Point X="304" Y="143"/><Point X="302" Y="143"/><Point X="296" Y="143"/><Point X="290" Y="143"/><Point X="281" Y="142"/><Point X="273" Y="141"/><Point X="264" Y="140"/><Point X="256" Y="139"/><Point X="248" Y="139"/><Point X="241.00001525878906" Y="138"/><Point X="232" Y="138"/><Point X="224" Y="138"/><Point X="215.00001525878906" Y="138"/><Point X="207" Y="138"/><Point X="203" Y="138"/><Point X="197" Y="138"/><Point X="194" Y="138"/><Point X="190.00001525878906" Y="138"/><Point X="186.00001525878906" Y="137"/><Point X="183" Y="136"/><Point X="179" Y="134"/><Point X="177" Y="133"/><Point X="174" Y="132"/><Point X="171" Y="132"/><Point X="169" Y="132"/><Point X="167.99998474121094" Y="132"/><Point X="167" Y="132"/><Point X="165.00001525878906" Y="132"/><Point X="163.99998474121094" Y="132"/><Point X="163.00001525878906" Y="132"/><Point X="161.99998474121094" Y="132"/><Point X="161.00001525878906" Y="132"/><Point X="159.99998474121094" Y="132"/><Point X="159.00001525878906" Y="132"/><Point X="158" Y="132"/></Gesture>