<?xml version="1.0" encoding="utf-8"?>
<Gesture Name="rectangle08"><Point X="140" Y="159"/><Point X="141" Y="167"/><Point X="142" Y="182"/><Point X="142.99996948242188" Y="192"/><Point X="145" Y="200"/><Point X="145" Y="211"/><Point X="145" Y="224"/><Point X="145" Y="233.00001525878906"/><Point X="145" Y="243.99998474121094"/><Point X="145" Y="251"/><Point X="145" Y="256"/><Point X="145" Y="262"/><Point X="145" Y="265"/><Point X="145" Y="271"/><Point X="145" Y="276"/><Point X="146" Y="282"/><Point X="147" Y="287"/><Point X="147" Y="289"/><Point X="148" Y="294"/><Point X="148" Y="296"/><Point X="148" Y="298"/><Point X="148" Y="300"/><Point X="148" Y="301"/><Point X="148" Y="302"/><Point X="148" Y="303"/><Point X="148" Y="304"/><Point X="150" Y="305"/><Point X="152" Y="306"/><Point X="156" Y="307"/><Point X="161.99998474121094" Y="308"/><Point X="167" Y="308"/><Point X="176" Y="308"/><Point X="188.99998474121094" Y="308"/><Point X="205" Y="308"/><Point X="215.00001525878906" Y="308"/><Point X="224" Y="307"/><Point X="233" Y="305"/><Point X="242" Y="304"/><Point X="251" Y="304"/><Point X="259" Y="304"/><Point X="268" Y="304"/><Point X="279" Y="304"/><Point X="283" Y="304"/><Point X="288" Y="304"/><Point X="296" Y="304"/><Point X="305" Y="306"/><Point X="313" Y="307"/><Point X="320" Y="307"/><Point X="324" Y="308"/><Point X="329" Y="308"/><Point X="330" Y="308"/><Point X="332" Y="309"/><Point X="333" Y="309"/><Point X="334" Y="309"/><Point X="335" Y="309"/><Point X="337" Y="309"/><Point X="339" Y="309"/><Point X="341" Y="309"/><Point X="342" Y="309"/><Point X="343" Y="309"/><Point X="344" Y="309"/><Point X="345" Y="308"/><Point X="346" Y="303"/><Point X="347" Y="295"/><Point X="347" Y="289"/><Point X="347" Y="281"/><Point X="346" Y="275"/><Point X="343" Y="260"/><Point X="339" Y="240.00001525878906"/><Point X="335" Y="225"/><Point X="333" Y="216"/><Point X="332" Y="207"/><Point X="329" Y="195"/><Point X="328" Y="188"/><Point X="327" Y="183"/><Point X="326" Y="180"/><Point X="325" Y="177"/><Point X="325" Y="175"/><Point X="324" Y="174"/><Point X="323" Y="173"/><Point X="323" Y="172"/><Point X="323" Y="170"/><Point X="323" Y="169"/><Point X="323" Y="168"/><Point X="323" Y="167"/><Point X="323" Y="166"/><Point X="322" Y="166"/><Point X="321" Y="165"/><Point X="315" Y="163"/><Point X="309" Y="160"/><Point X="302" Y="159"/><Point X="288" Y="159"/><Point X="272" Y="159"/><Point X="246" Y="165"/><Point X="232" Y="169"/><Point X="215.00001525878906" Y="173"/><Point X="196" Y="179"/><Point X="186.00001525878906" Y="181"/><Point X="177" Y="182"/><Point X="170" Y="183"/><Point X="165.00001525878906" Y="183"/><Point X="159.00001525878906" Y="183"/><Point X="153" Y="183"/><Point X="148" Y="183"/><Point X="142" Y="183"/><Point X="139" Y="183"/><Point X="134" Y="183"/><Point X="132.00003051757813" Y="183"/><Point X="129" Y="183"/><Point X="126" Y="183"/><Point X="125" Y="183"/><Point X="124" Y="183"/><Point X="123" Y="183"/></Gesture>