<?xml version="1.0" encoding="utf-8"?>
<Gesture Name="rectangle01"><Point X="156" Y="192"/><Point X="156" Y="193"/><Point X="155" Y="196"/><Point X="154" Y="199"/><Point X="154" Y="201"/><Point X="153" Y="202"/><Point X="153" Y="204"/><Point X="152" Y="205"/><Point X="152" Y="209"/><Point X="151" Y="211"/><Point X="151" Y="213"/><Point X="151" Y="217"/><Point X="151" Y="219"/><Point X="151" Y="222"/><Point X="151" Y="225"/><Point X="151" Y="226.99998474121094"/><Point X="151" Y="230.00001525878906"/><Point X="151" Y="233.00001525878906"/><Point X="151" Y="235"/><Point X="151" Y="236"/><Point X="151" Y="236.99998474121094"/><Point X="151" Y="239"/><Point X="151" Y="240.00001525878906"/><Point X="151" Y="241"/><Point X="151" Y="242"/><Point X="151" Y="243.00001525878906"/><Point X="151" Y="243.99998474121094"/><Point X="151" Y="245"/><Point X="151" Y="246"/><Point X="151" Y="246.99998474121094"/><Point X="151" Y="249"/><Point X="151" Y="251"/><Point X="151" Y="253.99998474121094"/><Point X="151" Y="257"/><Point X="151" Y="259"/><Point X="151" Y="262"/><Point X="151" Y="263"/><Point X="151" Y="264"/><Point X="151" Y="265"/><Point X="151" Y="266"/><Point X="151" Y="268"/><Point X="151" Y="270"/><Point X="151" Y="271"/><Point X="151" Y="273"/><Point X="151" Y="274"/><Point X="151" Y="277"/><Point X="151" Y="278"/><Point X="151" Y="279"/><Point X="151" Y="280"/><Point X="151" Y="281"/><Point X="153" Y="282"/><Point X="155" Y="284"/><Point X="158" Y="284"/><Point X="159.99998474121094" Y="285"/><Point X="163.00001525878906" Y="286"/><Point X="167.99998474121094" Y="286"/><Point X="174" Y="286"/><Point X="183" Y="286"/><Point X="190.99998474121094" Y="286"/><Point X="202" Y="285"/><Point X="208" Y="284"/><Point X="214.00001525878906" Y="282"/><Point X="222" Y="280"/><Point X="228" Y="279"/><Point X="238.00001525878906" Y="278"/><Point X="245" Y="278"/><Point X="250" Y="278"/><Point X="254" Y="278"/><Point X="257" Y="278"/><Point X="259" Y="278"/><Point X="262" Y="279"/><Point X="263" Y="279"/><Point X="265" Y="279"/><Point X="266" Y="279"/><Point X="268" Y="279"/><Point X="270" Y="279"/><Point X="272" Y="279"/><Point X="275" Y="279"/><Point X="279" Y="279"/><Point X="282" Y="279"/><Point X="284" Y="279"/><Point X="286" Y="279"/><Point X="288" Y="279"/><Point X="289" Y="280"/><Point X="290" Y="280"/><Point X="291" Y="280"/><Point X="292" Y="278"/><Point X="294" Y="271"/><Point X="294" Y="263"/><Point X="294" Y="253.99998474121094"/><Point X="293" Y="246"/><Point X="293" Y="240.00001525878906"/><Point X="292" Y="233.99998474121094"/><Point X="292" Y="230.00001525878906"/><Point X="291" Y="223"/><Point X="290" Y="221"/><Point X="289" Y="216"/><Point X="289" Y="214"/><Point X="288" Y="209"/><Point X="288" Y="207"/><Point X="287" Y="203"/><Point X="287" Y="200"/><Point X="287" Y="197"/><Point X="286" Y="192"/><Point X="286" Y="189"/><Point X="286" Y="184"/><Point X="285" Y="182"/><Point X="285" Y="180"/><Point X="285" Y="179"/><Point X="280" Y="179"/><Point X="277" Y="179"/><Point X="272" Y="179"/><Point X="267" Y="179"/><Point X="261" Y="179"/><Point X="255" Y="179"/><Point X="249" Y="179"/><Point X="240.00001525878906" Y="179"/><Point X="234.99998474121094" Y="179"/><Point X="229" Y="179"/><Point X="226" Y="179"/><Point X="224" Y="179"/><Point X="221" Y="179"/><Point X="218" Y="179"/><Point X="216.00001525878906" Y="179"/><Point X="213.00001525878906" Y="179"/><Point X="209.99998474121094" Y="179"/><Point X="208" Y="179"/><Point X="205" Y="179"/><Point X="203" Y="179"/><Point X="201" Y="179"/><Point X="200" Y="179"/><Point X="199" Y="179"/><Point X="198" Y="179"/><Point X="197" Y="179"/><Point X="196" Y="179"/><Point X="195" Y="179"/><Point X="194" Y="179"/><Point X="192.99998474121094" Y="179"/><Point X="192" Y="179"/><Point X="190.99998474121094" Y="179"/><Point X="190.00001525878906" Y="179"/><Point X="188.99998474121094" Y="179"/><Point X="188.00001525878906" Y="179"/><Point X="186.00001525878906" Y="179"/><Point X="184.99998474121094" Y="179"/><Point X="184.00001525878906" Y="179"/><Point X="183" Y="179"/><Point X="182.00001525878906" Y="179"/><Point X="181" Y="179"/><Point X="180" Y="179"/><Point X="179" Y="179"/><Point X="178" Y="179"/><Point X="177" Y="180"/><Point X="176" Y="181"/><Point X="175" Y="181"/><Point X="172" Y="181"/><Point X="171" Y="181"/><Point X="170" Y="181"/><Point X="169" Y="181"/><Point X="167.99998474121094" Y="181"/><Point X="165.00001525878906" Y="182"/><Point X="163.99998474121094" Y="182"/><Point X="163.00001525878906" Y="182"/><Point X="161.00001525878906" Y="182"/><Point X="157.00001525878906" Y="182"/><Point X="156" Y="182"/><Point X="155" Y="182"/><Point X="154" Y="182"/></Gesture>