<?xml version="1.0" encoding="utf-8"?>
<Gesture Name="rectangle05"><Point X="198" Y="144"/><Point X="198" Y="151"/><Point X="198" Y="159"/><Point X="198" Y="168"/><Point X="198" Y="175"/><Point X="198" Y="180"/><Point X="198" Y="186"/><Point X="198" Y="192"/><Point X="198" Y="197"/><Point X="198" Y="200"/><Point X="198" Y="204"/><Point X="198" Y="206"/><Point X="198" Y="207"/><Point X="198" Y="209"/><Point X="198" Y="210"/><Point X="198" Y="211"/><Point X="198" Y="212"/><Point X="198" Y="213"/><Point X="198" Y="214"/><Point X="200" Y="215"/><Point X="206" Y="218"/><Point X="211.99998474121094" Y="218"/><Point X="221" Y="218"/><Point X="229" Y="218"/><Point X="241.00001525878906" Y="217"/><Point X="249" Y="216"/><Point X="258" Y="215"/><Point X="270" Y="213"/><Point X="281" Y="211"/><Point X="289" Y="210"/><Point X="296" Y="209"/><Point X="304" Y="208"/><Point X="316" Y="204"/><Point X="327" Y="203"/><Point X="335" Y="203"/><Point X="339" Y="203"/><Point X="344" Y="203"/><Point X="348" Y="203"/><Point X="350" Y="203"/><Point X="351" Y="203"/><Point X="352" Y="205"/><Point X="353" Y="205"/><Point X="354" Y="205"/><Point X="355" Y="205"/><Point X="356" Y="205"/><Point X="357" Y="205"/><Point X="358" Y="202"/><Point X="358" Y="199"/><Point X="358" Y="193"/><Point X="358" Y="187"/><Point X="355" Y="179"/><Point X="353" Y="174"/><Point X="352" Y="169"/><Point X="352" Y="167"/><Point X="350" Y="163"/><Point X="349" Y="160"/><Point X="348" Y="158"/><Point X="347" Y="156"/><Point X="346" Y="154"/><Point X="345" Y="152"/><Point X="344" Y="151"/><Point X="343" Y="149"/><Point X="343" Y="147"/><Point X="343" Y="146"/><Point X="343" Y="145"/><Point X="343" Y="144"/><Point X="342" Y="144"/><Point X="342" Y="143"/><Point X="339" Y="142"/><Point X="337" Y="141"/><Point X="334" Y="140"/><Point X="330" Y="139"/><Point X="325" Y="139"/><Point X="315" Y="139"/><Point X="300" Y="139"/><Point X="281" Y="142"/><Point X="268" Y="144"/><Point X="259" Y="147"/><Point X="245" Y="149"/><Point X="221" Y="154"/><Point X="211.99998474121094" Y="155"/><Point X="205" Y="156"/><Point X="202" Y="156"/><Point X="199" Y="156"/><Point X="196" Y="156"/><Point X="194" Y="156"/><Point X="192.99998474121094" Y="156"/><Point X="190.99998474121094" Y="156"/><Point X="190.00001525878906" Y="156"/><Point X="188.99998474121094" Y="156"/><Point X="188.00001525878906" Y="156"/><Point X="186.99998474121094" Y="156"/><Point X="186.00001525878906" Y="156"/></Gesture>