<?xml version="1.0" encoding="utf-8"?>
<Gesture Name="rectangle02"><Point X="140" Y="138"/><Point X="139" Y="145"/><Point X="138" Y="151"/><Point X="137" Y="157"/><Point X="137" Y="161"/><Point X="136" Y="165"/><Point X="136" Y="170"/><Point X="135" Y="176"/><Point X="135" Y="182"/><Point X="135" Y="191"/><Point X="135" Y="200"/><Point X="135" Y="205"/><Point X="135" Y="212"/><Point X="135" Y="222"/><Point X="135" Y="228"/><Point X="135" Y="235"/><Point X="135" Y="241"/><Point X="135" Y="243.99998474121094"/><Point X="135" Y="246"/><Point X="135" Y="250.00001525878906"/><Point X="135" Y="251"/><Point X="135" Y="253.00001525878906"/><Point X="135" Y="253.99998474121094"/><Point X="135" Y="255"/><Point X="136" Y="258"/><Point X="136" Y="259"/><Point X="136" Y="261"/><Point X="137" Y="262"/><Point X="138" Y="265"/><Point X="139" Y="266"/><Point X="139" Y="268"/><Point X="139" Y="269"/><Point X="139" Y="270"/><Point X="139" Y="272"/><Point X="141" Y="272"/><Point X="144" Y="272"/><Point X="151" Y="272"/><Point X="159.99998474121094" Y="270"/><Point X="171" Y="268"/><Point X="180" Y="267"/><Point X="186.99998474121094" Y="265"/><Point X="192" Y="264"/><Point X="195" Y="264"/><Point X="201" Y="263"/><Point X="207" Y="263"/><Point X="223" Y="263"/><Point X="229" Y="263"/><Point X="235.99998474121094" Y="263"/><Point X="242" Y="263"/><Point X="246" Y="263"/><Point X="253" Y="262"/><Point X="259" Y="259"/><Point X="267" Y="258"/><Point X="275" Y="258"/><Point X="279" Y="257"/><Point X="285" Y="257"/><Point X="289" Y="257"/><Point X="291" Y="257"/><Point X="295" Y="257"/><Point X="296" Y="257"/><Point X="298" Y="257"/><Point X="299" Y="257"/><Point X="301" Y="257"/><Point X="304" Y="256"/><Point X="305" Y="256"/><Point X="307" Y="256"/><Point X="308" Y="256"/><Point X="309" Y="256"/><Point X="310" Y="256"/><Point X="311" Y="256"/><Point X="312" Y="255"/><Point X="314" Y="253.99998474121094"/><Point X="316" Y="253.99998474121094"/><Point X="317" Y="253.99998474121094"/><Point X="318" Y="252"/><Point X="320" Y="248"/><Point X="322" Y="242"/><Point X="324" Y="238"/><Point X="325" Y="233.99998474121094"/><Point X="326" Y="228"/><Point X="327" Y="223"/><Point X="327" Y="216"/><Point X="327" Y="208"/><Point X="327" Y="205"/><Point X="327" Y="200"/><Point X="326" Y="194"/><Point X="325" Y="189"/><Point X="323" Y="186"/><Point X="322" Y="184"/><Point X="321" Y="179"/><Point X="319" Y="175"/><Point X="316" Y="167"/><Point X="313" Y="159"/><Point X="312" Y="153"/><Point X="311" Y="148"/><Point X="310" Y="145"/><Point X="309" Y="142"/><Point X="308" Y="140"/><Point X="308" Y="138"/><Point X="308" Y="137"/><Point X="308" Y="136"/><Point X="303" Y="136"/><Point X="294" Y="136"/><Point X="284" Y="136"/><Point X="273" Y="136"/><Point X="261" Y="136"/><Point X="254" Y="136"/><Point X="248" Y="137"/><Point X="240.00001525878906" Y="137"/><Point X="233.99998474121094" Y="138"/><Point X="226" Y="138"/><Point X="221" Y="139"/><Point X="214.00001525878906" Y="139"/><Point X="208" Y="139"/><Point X="202" Y="139"/><Point X="195" Y="139"/><Point X="190.99998474121094" Y="139"/><Point X="184.99998474121094" Y="139"/><Point X="181" Y="139"/><Point X="179" Y="139"/><Point X="174" Y="139"/><Point X="172" Y="139"/><Point X="167" Y="139"/><Point X="165.00001525878906" Y="139"/><Point X="159.00001525878906" Y="138"/><Point X="156" Y="138"/><Point X="153" Y="138"/><Point X="150" Y="137"/><Point X="148" Y="137"/><Point X="144" Y="137"/><Point X="142" Y="137"/><Point X="139" Y="137"/><Point X="138" Y="137"/><Point X="136" Y="137"/><Point X="134" Y="137"/><Point X="133" Y="137"/><Point X="132.00003051757813" Y="137"/><Point X="131" Y="137"/></Gesture>