<?xml version="1.0" encoding="utf-8"?>
<Gesture Name="rectangle03"><Point X="117" Y="168"/><Point X="117" Y="173"/><Point X="117.99996948242188" Y="183"/><Point X="119" Y="193"/><Point X="119" Y="205"/><Point X="121" Y="214"/><Point X="121" Y="221"/><Point X="121" Y="226.99998474121094"/><Point X="121" Y="229"/><Point X="121" Y="235"/><Point X="121" Y="238"/><Point X="121" Y="246"/><Point X="121" Y="251"/><Point X="121" Y="255"/><Point X="121" Y="260"/><Point X="121" Y="264"/><Point X="121" Y="266"/><Point X="121" Y="268"/><Point X="121" Y="271"/><Point X="121" Y="272"/><Point X="121" Y="274"/><Point X="121" Y="275"/><Point X="121" Y="276"/><Point X="122" Y="277"/><Point X="122" Y="278"/><Point X="123" Y="279"/><Point X="125" Y="281"/><Point X="128" Y="283"/><Point X="131" Y="283"/><Point X="139" Y="285"/><Point X="149" Y="285"/><Point X="159.99998474121094" Y="285"/><Point X="165.99998474121094" Y="285"/><Point X="174" Y="285"/><Point X="181" Y="285"/><Point X="192.99998474121094" Y="285"/><Point X="204" Y="285"/><Point X="216.00001525878906" Y="285"/><Point X="223" Y="285"/><Point X="231" Y="285"/><Point X="238.00001525878906" Y="285"/><Point X="247" Y="285"/><Point X="261" Y="285"/><Point X="270" Y="285"/><Point X="279" Y="285"/><Point X="286" Y="285"/><Point X="290" Y="285"/><Point X="294" Y="285"/><Point X="298" Y="285"/><Point X="302" Y="285"/><Point X="304" Y="285"/><Point X="307" Y="285"/><Point X="310" Y="285"/><Point X="312" Y="285"/><Point X="313" Y="285"/><Point X="314" Y="285"/><Point X="315" Y="285"/><Point X="316" Y="285"/><Point X="317" Y="285"/><Point X="318" Y="285"/><Point X="318" Y="284"/><Point X="318" Y="281"/><Point X="318" Y="275"/><Point X="317" Y="267"/><Point X="314" Y="259"/><Point X="311" Y="251"/><Point X="309" Y="245"/><Point X="307" Y="235"/><Point X="305" Y="228"/><Point X="302" Y="222"/><Point X="301" Y="217"/><Point X="299" Y="214"/><Point X="298" Y="209"/><Point X="297" Y="206"/><Point X="295" Y="204"/><Point X="293" Y="200"/><Point X="293" Y="199"/><Point X="292" Y="196"/><Point X="291" Y="194"/><Point X="290" Y="189"/><Point X="289" Y="186"/><Point X="288" Y="181"/><Point X="287" Y="177"/><Point X="287" Y="174"/><Point X="287" Y="172"/><Point X="287" Y="169"/><Point X="287" Y="168"/><Point X="287" Y="167"/><Point X="287" Y="166"/><Point X="287" Y="165"/><Point X="285" Y="164"/><Point X="284" Y="162"/><Point X="282" Y="160"/><Point X="280" Y="158"/><Point X="274" Y="156"/><Point X="269" Y="155"/><Point X="260" Y="154"/><Point X="243" Y="154"/><Point X="225" Y="154"/><Point X="207" Y="157"/><Point X="197" Y="159"/><Point X="181" Y="162"/><Point X="165.99998474121094" Y="166"/><Point X="154" Y="167"/><Point X="142" Y="168"/><Point X="133" Y="168"/><Point X="121" Y="168"/><Point X="102" Y="168"/><Point X="91" Y="168"/><Point X="81" Y="168"/><Point X="73" Y="169"/><Point X="68" Y="170"/><Point X="60" Y="171"/><Point X="57" Y="171"/><Point X="54" Y="171"/><Point X="51" Y="171"/><Point X="50" Y="171"/><Point X="49" Y="171"/><Point X="48" Y="171"/><Point X="46" Y="171"/><Point X="45" Y="171"/><Point X="45" Y="172"/></Gesture>