<?xml version="1.0" encoding="utf-8"?>
<Gesture Name="right_square_bracket01"><Point X="205" Y="143"/><Point X="210.99998474121094" Y="143"/><Point X="217" Y="143"/><Point X="220" Y="143"/><Point X="224" Y="143"/><Point X="228" Y="144"/><Point X="230" Y="144"/><Point X="231" Y="144"/><Point X="232" Y="144"/><Point X="233" Y="144"/><Point X="233.99998474121094" Y="145"/><Point X="233.99998474121094" Y="146"/><Point X="234.99998474121094" Y="150"/><Point X="235.99998474121094" Y="152"/><Point X="235.99998474121094" Y="159"/><Point X="235.99998474121094" Y="164"/><Point X="235.99998474121094" Y="170"/><Point X="235.99998474121094" Y="174"/><Point X="235.99998474121094" Y="180"/><Point X="236.99998474121094" Y="187"/><Point X="238.00001525878906" Y="199"/><Point X="239.00001525878906" Y="209"/><Point X="241.00001525878906" Y="220"/><Point X="244" Y="229"/><Point X="245" Y="233.99998474121094"/><Point X="246" Y="241"/><Point X="247" Y="246"/><Point X="248" Y="252"/><Point X="250" Y="258"/><Point X="254" Y="266"/><Point X="256" Y="274"/><Point X="257" Y="282"/><Point X="258" Y="287"/><Point X="259" Y="290"/><Point X="260" Y="295"/><Point X="261" Y="299"/><Point X="262" Y="302"/><Point X="262" Y="305"/><Point X="262" Y="307"/><Point X="262" Y="309"/><Point X="262" Y="311"/><Point X="262" Y="312"/><Point X="262" Y="313"/><Point X="261" Y="313"/><Point X="258" Y="313"/><Point X="255" Y="313"/><Point X="252" Y="313"/><Point X="249" Y="313"/><Point X="246" Y="313"/><Point X="242" Y="312"/><Point X="236.99998474121094" Y="311"/><Point X="233" Y="311"/><Point X="225" Y="310"/><Point X="219" Y="310"/><Point X="210.99998474121094" Y="310"/><Point X="205" Y="310"/><Point X="202" Y="310"/><Point X="199" Y="310"/><Point X="197" Y="310"/><Point X="196" Y="310"/><Point X="195" Y="310"/><Point X="194" Y="310"/><Point X="192.99998474121094" Y="310"/></Gesture>