<?xml version="1.0" encoding="utf-8"?>
<Gesture Name="right_square_bracket03"><Point X="174" Y="166"/><Point X="175" Y="166"/><Point X="176" Y="166"/><Point X="180" Y="165"/><Point X="182.00001525878906" Y="165"/><Point X="184.99998474121094" Y="164"/><Point X="190.99998474121094" Y="163"/><Point X="195" Y="162"/><Point X="202" Y="162"/><Point X="205" Y="162"/><Point X="208.99998474121094" Y="162"/><Point X="210.99998474121094" Y="162"/><Point X="211.99998474121094" Y="162"/><Point X="213.00001525878906" Y="162"/><Point X="215.00001525878906" Y="162"/><Point X="216.00001525878906" Y="162"/><Point X="217" Y="162"/><Point X="218" Y="163"/><Point X="219" Y="163"/><Point X="220" Y="165"/><Point X="223" Y="167"/><Point X="225" Y="175"/><Point X="226" Y="182"/><Point X="226" Y="188"/><Point X="226" Y="191"/><Point X="225" Y="195"/><Point X="224" Y="200"/><Point X="223" Y="203"/><Point X="221" Y="211"/><Point X="220" Y="219"/><Point X="219" Y="228"/><Point X="218" Y="233.99998474121094"/><Point X="218" Y="240.00001525878906"/><Point X="218" Y="245"/><Point X="218" Y="250.00001525878906"/><Point X="218" Y="253.99998474121094"/><Point X="218" Y="262"/><Point X="218" Y="268"/><Point X="218" Y="270"/><Point X="218" Y="275"/><Point X="218" Y="278"/><Point X="218" Y="282"/><Point X="218" Y="284"/><Point X="218" Y="287"/><Point X="218" Y="290"/><Point X="218" Y="291"/><Point X="218" Y="293"/><Point X="218" Y="295"/><Point X="218" Y="296"/><Point X="218" Y="298"/><Point X="218" Y="299"/><Point X="218" Y="300"/><Point X="218" Y="301"/><Point X="218" Y="302"/><Point X="218" Y="303"/><Point X="218" Y="304"/><Point X="216.00001525878906" Y="304"/><Point X="214.00001525878906" Y="305"/><Point X="208" Y="305"/><Point X="205" Y="305"/><Point X="200" Y="305"/><Point X="198" Y="305"/><Point X="195" Y="305"/><Point X="192" Y="305"/><Point X="190.99998474121094" Y="305"/><Point X="188.99998474121094" Y="305"/><Point X="186.99998474121094" Y="305"/><Point X="186.00001525878906" Y="305"/><Point X="184.99998474121094" Y="305"/><Point X="184.00001525878906" Y="305"/><Point X="183" Y="305"/><Point X="182.00001525878906" Y="305"/><Point X="180" Y="305"/><Point X="179" Y="305"/><Point X="178" Y="305"/><Point X="177" Y="305"/><Point X="176" Y="305"/><Point X="175" Y="305"/><Point X="174" Y="305"/><Point X="173" Y="305"/><Point X="172" Y="305"/><Point X="171" Y="305"/><Point X="170" Y="305"/></Gesture>