<?xml version="1.0" encoding="utf-8"?>
<Gesture Name="right_square_bracket06"><Point X="167.99998474121094" Y="148"/><Point X="174" Y="146"/><Point X="183" Y="142"/><Point X="194" Y="140"/><Point X="202" Y="136"/><Point X="208" Y="134"/><Point X="215.00001525878906" Y="132"/><Point X="219" Y="130"/><Point X="222" Y="129"/><Point X="224" Y="129"/><Point X="227" Y="126.99999237060547"/><Point X="230" Y="126"/><Point X="233.99998474121094" Y="125.00000762939453"/><Point X="236.99998474121094" Y="124"/><Point X="242" Y="124"/><Point X="244" Y="124"/><Point X="246" Y="124"/><Point X="248" Y="124"/><Point X="249" Y="124"/><Point X="250" Y="124"/><Point X="251" Y="124"/><Point X="251" Y="125.00000762939453"/><Point X="252" Y="125.00000762939453"/><Point X="253" Y="126.99999237060547"/><Point X="255" Y="129"/><Point X="255" Y="130"/><Point X="255" Y="132"/><Point X="256" Y="135"/><Point X="257" Y="140"/><Point X="257" Y="146"/><Point X="257" Y="156"/><Point X="257" Y="167"/><Point X="257" Y="177"/><Point X="257" Y="185"/><Point X="255" Y="194"/><Point X="253" Y="208"/><Point X="251" Y="219"/><Point X="248" Y="231"/><Point X="247" Y="240.00001525878906"/><Point X="246" Y="245"/><Point X="245" Y="251"/><Point X="244" Y="256"/><Point X="244" Y="262"/><Point X="244" Y="270"/><Point X="244" Y="275"/><Point X="244" Y="281"/><Point X="244" Y="285"/><Point X="244" Y="288"/><Point X="244" Y="291"/><Point X="244" Y="293"/><Point X="244" Y="294"/><Point X="244" Y="296"/><Point X="245" Y="297"/><Point X="245" Y="298"/><Point X="245" Y="299"/><Point X="246" Y="300"/><Point X="246" Y="301"/><Point X="246" Y="302"/><Point X="246" Y="304"/><Point X="246" Y="305"/><Point X="245" Y="306"/><Point X="238.00001525878906" Y="307"/><Point X="224" Y="308"/><Point X="208.99998474121094" Y="309"/><Point X="199" Y="310"/><Point X="190.99998474121094" Y="310"/><Point X="186.99998474121094" Y="310"/><Point X="183" Y="310"/><Point X="181" Y="310"/><Point X="178" Y="310"/><Point X="177" Y="310"/><Point X="176" Y="310"/></Gesture>