<?xml version="1.0" encoding="utf-8"?>
<Gesture Name="right_square_bracket05"><Point X="196" Y="145"/><Point X="202" Y="145"/><Point X="210.99998474121094" Y="145"/><Point X="219" Y="146"/><Point X="225" Y="146"/><Point X="230" Y="146"/><Point X="234.99998474121094" Y="147"/><Point X="241.00001525878906" Y="147"/><Point X="249" Y="148"/><Point X="252" Y="149"/><Point X="254" Y="149"/><Point X="258" Y="149"/><Point X="259" Y="149"/><Point X="260" Y="149"/><Point X="261" Y="150"/><Point X="262" Y="152"/><Point X="263" Y="156"/><Point X="263" Y="161"/><Point X="263" Y="170"/><Point X="263" Y="179"/><Point X="263" Y="184"/><Point X="263" Y="190"/><Point X="263" Y="195"/><Point X="263" Y="201"/><Point X="263" Y="206"/><Point X="263" Y="213"/><Point X="263" Y="221"/><Point X="263" Y="226.99998474121094"/><Point X="263" Y="233.00001525878906"/><Point X="263" Y="236.99998474121094"/><Point X="263" Y="242"/><Point X="263" Y="245"/><Point X="265" Y="250.00001525878906"/><Point X="266" Y="253.00001525878906"/><Point X="267" Y="257"/><Point X="267" Y="260"/><Point X="267" Y="261"/><Point X="267" Y="263"/><Point X="267" Y="264"/><Point X="267" Y="265"/><Point X="267" Y="266"/><Point X="267" Y="267"/><Point X="267" Y="268"/><Point X="264" Y="268"/><Point X="260" Y="268"/><Point X="252" Y="268"/><Point X="238.00001525878906" Y="268"/><Point X="221" Y="268"/><Point X="208" Y="268"/><Point X="200" Y="267"/><Point X="194" Y="267"/><Point X="190.00001525878906" Y="267"/><Point X="188.00001525878906" Y="267"/><Point X="184.00001525878906" Y="267"/><Point X="181" Y="267"/><Point X="178" Y="267"/><Point X="175" Y="267"/><Point X="173" Y="267"/><Point X="172" Y="267"/></Gesture>