<?xml version="1.0" encoding="utf-8"?>
<Gesture Name="right_square_bracket09"><Point X="177" Y="166"/><Point X="186.00001525878906" Y="165"/><Point X="196" Y="165"/><Point X="205" Y="165"/><Point X="210.99998474121094" Y="165"/><Point X="216.00001525878906" Y="165"/><Point X="219" Y="165"/><Point X="222" Y="166"/><Point X="224" Y="166"/><Point X="225" Y="166"/><Point X="226" Y="166"/><Point X="227" Y="167"/><Point X="228" Y="169"/><Point X="229" Y="171"/><Point X="231" Y="175"/><Point X="233" Y="184"/><Point X="235.99998474121094" Y="199"/><Point X="236.99998474121094" Y="211"/><Point X="238.00001525878906" Y="226.00001525878906"/><Point X="241.00001525878906" Y="236.99998474121094"/><Point X="242" Y="246"/><Point X="243" Y="257"/><Point X="244" Y="266"/><Point X="245" Y="272"/><Point X="246" Y="279"/><Point X="247" Y="284"/><Point X="247" Y="290"/><Point X="248" Y="293"/><Point X="248" Y="296"/><Point X="248" Y="299"/><Point X="248" Y="301"/><Point X="248" Y="303"/><Point X="248" Y="304"/><Point X="248" Y="305"/><Point X="248" Y="306"/><Point X="248" Y="307"/><Point X="248" Y="308"/><Point X="248" Y="309"/><Point X="244" Y="312"/><Point X="231" Y="316"/><Point X="211.99998474121094" Y="318"/><Point X="188.99998474121094" Y="321"/><Point X="171" Y="324"/><Point X="156" Y="324"/><Point X="147" Y="324"/><Point X="141" Y="324"/><Point X="137" Y="324"/><Point X="134" Y="324"/><Point X="133" Y="324"/><Point X="131" Y="324"/><Point X="130" Y="324"/></Gesture>