<?xml version="1.0" encoding="utf-8"?>
<Gesture Name="right_square_bracket08"><Point X="136" Y="167"/><Point X="145" Y="165"/><Point X="159.99998474121094" Y="163"/><Point X="171" Y="162"/><Point X="181" Y="159"/><Point X="188.00001525878906" Y="158"/><Point X="192" Y="157"/><Point X="196" Y="155"/><Point X="201" Y="154"/><Point X="205" Y="153"/><Point X="208" Y="153"/><Point X="214.00001525878906" Y="151"/><Point X="218" Y="151"/><Point X="221" Y="151"/><Point X="224" Y="151"/><Point X="225" Y="151"/><Point X="226" Y="151"/><Point X="228" Y="151"/><Point X="229" Y="151"/><Point X="229" Y="152"/><Point X="230" Y="157"/><Point X="230" Y="163"/><Point X="230" Y="171"/><Point X="230" Y="177"/><Point X="229" Y="182"/><Point X="228" Y="188"/><Point X="226" Y="192"/><Point X="225" Y="197"/><Point X="224" Y="202"/><Point X="224" Y="211"/><Point X="223" Y="220"/><Point X="223" Y="230.00001525878906"/><Point X="223" Y="238"/><Point X="223" Y="245"/><Point X="223" Y="249"/><Point X="223" Y="253.00001525878906"/><Point X="223" Y="256"/><Point X="223" Y="259"/><Point X="223" Y="261"/><Point X="223" Y="264"/><Point X="223" Y="267"/><Point X="223" Y="271"/><Point X="223" Y="273"/><Point X="223" Y="276"/><Point X="223" Y="279"/><Point X="223" Y="281"/><Point X="223" Y="283"/><Point X="223" Y="285"/><Point X="223" Y="286"/><Point X="223" Y="287"/><Point X="223" Y="288"/><Point X="223" Y="289"/><Point X="221" Y="289"/><Point X="219" Y="292"/><Point X="207" Y="296"/><Point X="183" Y="300"/><Point X="169" Y="301"/><Point X="157.00001525878906" Y="301"/><Point X="148" Y="301"/><Point X="142" Y="301"/><Point X="136" Y="301"/><Point X="130" Y="301"/><Point X="127" Y="301"/><Point X="124" Y="301"/><Point X="122" Y="301"/><Point X="119" Y="303"/><Point X="113" Y="304"/><Point X="112" Y="304"/><Point X="110" Y="304"/></Gesture>