<?xml version="1.0" encoding="utf-8"?>
<Gesture Name="right_square_bracket04"><Point X="152" Y="138"/><Point X="154" Y="138"/><Point X="155" Y="138"/><Point X="156" Y="138"/><Point X="158" Y="139"/><Point X="159.00001525878906" Y="139"/><Point X="159.99998474121094" Y="139"/><Point X="161.00001525878906" Y="140"/><Point X="161.99998474121094" Y="141"/><Point X="163.00001525878906" Y="143"/><Point X="163.99998474121094" Y="144"/><Point X="165.00001525878906" Y="146"/><Point X="165.99998474121094" Y="148"/><Point X="165.99998474121094" Y="150"/><Point X="165.99998474121094" Y="151"/><Point X="165.99998474121094" Y="152"/><Point X="165.99998474121094" Y="154"/><Point X="167" Y="156"/><Point X="167.99998474121094" Y="160"/><Point X="169" Y="164"/><Point X="170" Y="171"/><Point X="170" Y="175"/><Point X="170" Y="182"/><Point X="170" Y="185"/><Point X="170" Y="188"/><Point X="170" Y="192"/><Point X="170" Y="194"/><Point X="170" Y="197"/><Point X="170" Y="200"/><Point X="170" Y="203"/><Point X="170" Y="207"/><Point X="170" Y="211"/><Point X="170" Y="217"/><Point X="170" Y="220"/><Point X="170" Y="223"/><Point X="170" Y="225"/><Point X="170" Y="228"/><Point X="170" Y="229"/><Point X="170" Y="232"/><Point X="170" Y="233.00001525878906"/><Point X="170" Y="233.99998474121094"/><Point X="170" Y="235"/><Point X="170" Y="236"/><Point X="170" Y="238"/><Point X="170" Y="239"/><Point X="170" Y="240.00001525878906"/><Point X="170" Y="241"/><Point X="170" Y="242"/><Point X="170" Y="243.00001525878906"/><Point X="170" Y="245"/><Point X="170" Y="246"/><Point X="170" Y="246.99998474121094"/><Point X="171" Y="246.99998474121094"/><Point X="171" Y="248"/><Point X="172" Y="249"/><Point X="173" Y="249"/><Point X="173" Y="250.00001525878906"/><Point X="174" Y="251"/><Point X="175" Y="253.00001525878906"/><Point X="176" Y="253.99998474121094"/><Point X="176" Y="255"/><Point X="176" Y="256"/><Point X="176" Y="257"/><Point X="176" Y="258"/><Point X="176" Y="259"/><Point X="176" Y="260"/><Point X="176" Y="261"/><Point X="176" Y="262"/><Point X="176" Y="263"/><Point X="175" Y="264"/><Point X="174" Y="264"/><Point X="171" Y="264"/><Point X="169" Y="264"/><Point X="167" Y="264"/><Point X="165.00001525878906" Y="264"/><Point X="163.00001525878906" Y="264"/><Point X="159.99998474121094" Y="264"/><Point X="158" Y="266"/><Point X="155" Y="266"/><Point X="153" Y="267"/><Point X="151" Y="267"/><Point X="149" Y="268"/><Point X="147" Y="268"/><Point X="145" Y="268"/><Point X="144" Y="268"/><Point X="142.99996948242188" Y="268"/><Point X="142" Y="268"/></Gesture>