<?xml version="1.0" encoding="utf-8"?>
<Gesture Name="star06"><Point X="158" Y="298"/><Point X="159.99998474121094" Y="288"/><Point X="165.00001525878906" Y="272"/><Point X="171" Y="261"/><Point X="175" Y="250.00001525878906"/><Point X="181" Y="236"/><Point X="186.00001525878906" Y="223"/><Point X="190.00001525878906" Y="212"/><Point X="192.99998474121094" Y="204"/><Point X="196" Y="194"/><Point X="198" Y="188"/><Point X="200" Y="181"/><Point X="201" Y="176"/><Point X="202" Y="173"/><Point X="204" Y="169"/><Point X="204" Y="167"/><Point X="204" Y="165"/><Point X="204" Y="164"/><Point X="207" Y="165"/><Point X="208" Y="167"/><Point X="211.99998474121094" Y="173"/><Point X="218" Y="189"/><Point X="221" Y="204"/><Point X="225" Y="218"/><Point X="227" Y="226.00001525878906"/><Point X="230" Y="235"/><Point X="233" Y="243.00001525878906"/><Point X="238.00001525878906" Y="257"/><Point X="241.00001525878906" Y="269"/><Point X="243" Y="278"/><Point X="245" Y="285"/><Point X="246" Y="288"/><Point X="248" Y="291"/><Point X="248" Y="294"/><Point X="248" Y="296"/><Point X="248" Y="297"/><Point X="248" Y="298"/><Point X="248" Y="299"/><Point X="246" Y="299"/><Point X="241.00001525878906" Y="299"/><Point X="234.99998474121094" Y="298"/><Point X="224" Y="296"/><Point X="207" Y="292"/><Point X="190.00001525878906" Y="285"/><Point X="179" Y="280"/><Point X="171" Y="274"/><Point X="163.00001525878906" Y="268"/><Point X="156" Y="261"/><Point X="150" Y="257"/><Point X="146" Y="253.00001525878906"/><Point X="142" Y="250.00001525878906"/><Point X="141" Y="248"/><Point X="139" Y="246.99998474121094"/><Point X="138" Y="246"/><Point X="137" Y="246"/><Point X="136" Y="246"/><Point X="135" Y="246"/><Point X="135" Y="245"/><Point X="137" Y="240.00001525878906"/><Point X="148" Y="230.00001525878906"/><Point X="156" Y="224"/><Point X="170" Y="218"/><Point X="183" Y="214"/><Point X="190.00001525878906" Y="213"/><Point X="198" Y="212"/><Point X="202" Y="211"/><Point X="206" Y="210"/><Point X="209.99998474121094" Y="208"/><Point X="215.00001525878906" Y="206"/><Point X="219" Y="204"/><Point X="222" Y="203"/><Point X="225" Y="203"/><Point X="226" Y="202"/><Point X="227" Y="201"/><Point X="228" Y="201"/><Point X="228" Y="202"/><Point X="227" Y="204"/><Point X="223" Y="210"/><Point X="217" Y="217"/><Point X="214.00001525878906" Y="224"/><Point X="207" Y="229"/><Point X="199" Y="238"/><Point X="188.99998474121094" Y="248"/><Point X="179" Y="255"/><Point X="170" Y="265"/><Point X="165.00001525878906" Y="272"/><Point X="159.00001525878906" Y="277"/><Point X="156" Y="283"/><Point X="154" Y="285"/><Point X="152" Y="288"/><Point X="151" Y="290"/><Point X="150" Y="291"/><Point X="149" Y="292"/><Point X="148" Y="293"/></Gesture>