<?xml version="1.0" encoding="utf-8"?>
<Gesture Name="star01"><Point X="132.00003051757813" Y="286"/><Point X="133" Y="282"/><Point X="135" Y="275"/><Point X="137" Y="269"/><Point X="142" Y="260"/><Point X="147" Y="249"/><Point X="154" Y="236.99998474121094"/><Point X="159.00001525878906" Y="224"/><Point X="163.00001525878906" Y="215"/><Point X="171" Y="197"/><Point X="174" Y="189"/><Point X="177" Y="182"/><Point X="179" Y="177"/><Point X="181" Y="171"/><Point X="182.00001525878906" Y="167"/><Point X="184.00001525878906" Y="163"/><Point X="184.99998474121094" Y="158"/><Point X="186.99998474121094" Y="156"/><Point X="186.99998474121094" Y="154"/><Point X="186.99998474121094" Y="152"/><Point X="188.00001525878906" Y="152"/><Point X="188.99998474121094" Y="154"/><Point X="192" Y="156"/><Point X="198" Y="164"/><Point X="201" Y="171"/><Point X="205" Y="178"/><Point X="209.99998474121094" Y="183"/><Point X="216.00001525878906" Y="193"/><Point X="225" Y="203"/><Point X="232" Y="214"/><Point X="236.99998474121094" Y="222"/><Point X="240.00001525878906" Y="229"/><Point X="243" Y="235"/><Point X="245" Y="238"/><Point X="247" Y="240.00001525878906"/><Point X="249" Y="243.99998474121094"/><Point X="250" Y="246.99998474121094"/><Point X="254" Y="249"/><Point X="257" Y="256"/><Point X="260" Y="260"/><Point X="265" Y="265"/><Point X="266" Y="268"/><Point X="268" Y="271"/><Point X="270" Y="275"/><Point X="271" Y="277"/><Point X="272" Y="278"/><Point X="273" Y="280"/><Point X="273" Y="281"/><Point X="273" Y="282"/><Point X="273" Y="283"/><Point X="273" Y="284"/><Point X="270" Y="284"/><Point X="265" Y="281"/><Point X="258" Y="276"/><Point X="244" Y="267"/><Point X="224" Y="258"/><Point X="201" Y="248"/><Point X="188.99998474121094" Y="243.99998474121094"/><Point X="181" Y="242"/><Point X="165.00001525878906" Y="236.99998474121094"/><Point X="150" Y="233.00001525878906"/><Point X="141" Y="231"/><Point X="131" Y="228"/><Point X="123" Y="225"/><Point X="117.99996948242188" Y="224"/><Point X="109" Y="222"/><Point X="104" Y="220"/><Point X="99" Y="217"/><Point X="92" Y="214"/><Point X="89" Y="213"/><Point X="85" Y="212"/><Point X="83" Y="212"/><Point X="81" Y="211"/><Point X="79" Y="211"/><Point X="78" Y="211"/><Point X="77" Y="210"/><Point X="76" Y="210"/><Point X="75" Y="209"/><Point X="74" Y="208"/><Point X="74" Y="206"/><Point X="74" Y="204"/><Point X="74" Y="201"/><Point X="78" Y="197"/><Point X="88" Y="194"/><Point X="96" Y="190"/><Point X="107.00003051757813" Y="187"/><Point X="119" Y="186"/><Point X="135" Y="184"/><Point X="150" Y="184"/><Point X="158" Y="184"/><Point X="167.99998474121094" Y="183"/><Point X="182.00001525878906" Y="183"/><Point X="197" Y="182"/><Point X="211.99998474121094" Y="179"/><Point X="221" Y="178"/><Point X="230" Y="175"/><Point X="239.00001525878906" Y="173"/><Point X="252" Y="172"/><Point X="259" Y="171"/><Point X="267" Y="171"/><Point X="270" Y="171"/><Point X="274" Y="171"/><Point X="275" Y="171"/><Point X="276" Y="171"/><Point X="277" Y="171"/><Point X="277" Y="172"/><Point X="276" Y="174"/><Point X="273" Y="176"/><Point X="267" Y="178"/><Point X="264" Y="180"/><Point X="258" Y="183"/><Point X="253" Y="186"/><Point X="246" Y="189"/><Point X="240.00001525878906" Y="195"/><Point X="231" Y="201"/><Point X="221" Y="210"/><Point X="211.99998474121094" Y="218"/><Point X="205" Y="225"/><Point X="198" Y="231"/><Point X="190.99998474121094" Y="238"/><Point X="184.00001525878906" Y="245"/><Point X="177" Y="251"/><Point X="172" Y="258"/><Point X="167.99998474121094" Y="263"/><Point X="163.99998474121094" Y="267"/><Point X="161.99998474121094" Y="270"/><Point X="161.00001525878906" Y="271"/><Point X="159.00001525878906" Y="273"/><Point X="158" Y="274"/><Point X="157.00001525878906" Y="274"/><Point X="156" Y="275"/><Point X="155" Y="276"/><Point X="154" Y="277"/><Point X="153" Y="278"/><Point X="152" Y="279"/><Point X="151" Y="280"/><Point X="150" Y="281"/><Point X="149" Y="282"/><Point X="148" Y="283"/><Point X="147" Y="284"/></Gesture>