<?xml version="1.0" encoding="utf-8"?>
<Gesture Name="star10"><Point X="150" Y="299"/><Point X="157.00001525878906" Y="286"/><Point X="177" Y="253.00001525878906"/><Point X="186.00001525878906" Y="238"/><Point X="192.99998474121094" Y="226.00001525878906"/><Point X="199" Y="216"/><Point X="204" Y="206"/><Point X="206" Y="203"/><Point X="208" Y="198"/><Point X="208.99998474121094" Y="195"/><Point X="209.99998474121094" Y="193"/><Point X="209.99998474121094" Y="192"/><Point X="210.99998474121094" Y="192"/><Point X="211.99998474121094" Y="193"/><Point X="216.00001525878906" Y="196"/><Point X="223" Y="209"/><Point X="231" Y="220"/><Point X="241.00001525878906" Y="236.99998474121094"/><Point X="247" Y="248"/><Point X="254" Y="259"/><Point X="260" Y="272"/><Point X="267" Y="284"/><Point X="270" Y="294"/><Point X="272" Y="300"/><Point X="273" Y="303"/><Point X="274" Y="306"/><Point X="275" Y="308"/><Point X="277" Y="311"/><Point X="277" Y="312"/><Point X="277" Y="313"/><Point X="277" Y="314"/><Point X="277" Y="315"/><Point X="277" Y="316"/><Point X="277" Y="318"/><Point X="275" Y="318"/><Point X="260" Y="314"/><Point X="229" Y="305"/><Point X="200" Y="290"/><Point X="171" Y="278"/><Point X="157.00001525878906" Y="273"/><Point X="147" Y="269"/><Point X="136" Y="263"/><Point X="130" Y="260"/><Point X="122" Y="257"/><Point X="117" Y="253.99998474121094"/><Point X="113" Y="253.00001525878906"/><Point X="111" Y="252"/><Point X="108" Y="251"/><Point X="106" Y="250.00001525878906"/><Point X="104" Y="250.00001525878906"/><Point X="103" Y="249"/><Point X="102" Y="249"/><Point X="102" Y="248"/><Point X="101" Y="246.99998474121094"/><Point X="100" Y="246"/><Point X="102" Y="243.99998474121094"/><Point X="114" Y="236"/><Point X="139" Y="226.99998474121094"/><Point X="170" Y="216"/><Point X="194" Y="209"/><Point X="213.00001525878906" Y="204"/><Point X="227" Y="201"/><Point X="242" Y="199"/><Point X="253" Y="197"/><Point X="263" Y="195"/><Point X="274" Y="194"/><Point X="283" Y="192"/><Point X="291" Y="190"/><Point X="302" Y="189"/><Point X="308" Y="189"/><Point X="311" Y="189"/><Point X="316" Y="189"/><Point X="318" Y="189"/><Point X="319" Y="189"/><Point X="320" Y="189"/><Point X="321" Y="189"/><Point X="322" Y="189"/><Point X="322" Y="190"/><Point X="322" Y="191"/><Point X="320" Y="193"/><Point X="309" Y="202"/><Point X="285" Y="218"/><Point X="244" Y="239"/><Point X="216.00001525878906" Y="249"/><Point X="198" Y="258"/><Point X="184.99998474121094" Y="263"/><Point X="172" Y="269"/><Point X="163.00001525878906" Y="274"/><Point X="157.00001525878906" Y="277"/><Point X="151" Y="282"/><Point X="147" Y="284"/><Point X="142.99996948242188" Y="285"/><Point X="141" Y="287"/><Point X="138" Y="290"/><Point X="135" Y="291"/><Point X="133" Y="291"/><Point X="131" Y="292"/><Point X="131" Y="293"/><Point X="129" Y="293"/><Point X="129" Y="294"/><Point X="127" Y="294"/></Gesture>