<?xml version="1.0" encoding="utf-8"?>
<Gesture Name="star08"><Point X="102" Y="286"/><Point X="104" Y="279"/><Point X="111" Y="265"/><Point X="120" Y="248"/><Point X="137" Y="221"/><Point X="151" Y="202"/><Point X="161.00001525878906" Y="187"/><Point X="175" Y="158"/><Point X="183" Y="143"/><Point X="186.99998474121094" Y="132"/><Point X="190.00001525878906" Y="126"/><Point X="194" Y="118"/><Point X="196" Y="113.00000762939453"/><Point X="199" Y="105.00000762939453"/><Point X="203" Y="97"/><Point X="204" Y="92.999984741210938"/><Point X="205" Y="88"/><Point X="206" Y="85.000015258789063"/><Point X="207" Y="84"/><Point X="208" Y="82"/><Point X="208" Y="81"/><Point X="208" Y="80"/><Point X="210.99998474121094" Y="83"/><Point X="213.00001525878906" Y="90"/><Point X="214.00001525878906" Y="99.999992370605469"/><Point X="216.00001525878906" Y="118"/><Point X="218" Y="136"/><Point X="220" Y="152"/><Point X="221" Y="163"/><Point X="225" Y="180"/><Point X="228" Y="200"/><Point X="229" Y="212"/><Point X="230" Y="218"/><Point X="230" Y="225"/><Point X="230" Y="228"/><Point X="230" Y="232"/><Point X="230" Y="235"/><Point X="230" Y="236.99998474121094"/><Point X="230" Y="239"/><Point X="230" Y="241"/><Point X="230" Y="242"/><Point X="229" Y="243.99998474121094"/><Point X="223" Y="246"/><Point X="213.00001525878906" Y="246"/><Point X="204" Y="246"/><Point X="192" Y="243.99998474121094"/><Point X="167.99998474121094" Y="240.00001525878906"/><Point X="153" Y="236.99998474121094"/><Point X="138" Y="233.99998474121094"/><Point X="117.99996948242188" Y="230.00001525878906"/><Point X="108" Y="228"/><Point X="99" Y="225"/><Point X="92" Y="222"/><Point X="86" Y="221"/><Point X="84" Y="220"/><Point X="80" Y="219"/><Point X="79" Y="219"/><Point X="77" Y="217"/><Point X="74" Y="213"/><Point X="71" Y="208"/><Point X="71" Y="199"/><Point X="76" Y="188"/><Point X="91" Y="170"/><Point X="102" Y="159"/><Point X="117.99996948242188" Y="145"/><Point X="152" Y="119"/><Point X="176" Y="105.00000762939453"/><Point X="190.00001525878906" Y="99"/><Point X="202" Y="94"/><Point X="224" Y="88"/><Point X="239.00001525878906" Y="85.000015258789063"/><Point X="249" Y="84"/><Point X="252" Y="84"/><Point X="254" Y="84"/><Point X="258" Y="82"/><Point X="259" Y="82"/><Point X="260" Y="82"/><Point X="261" Y="82"/><Point X="262" Y="82"/><Point X="262" Y="83"/><Point X="262" Y="87"/><Point X="257" Y="97"/><Point X="243" Y="115.00000762939453"/><Point X="227" Y="131"/><Point X="216.00001525878906" Y="143"/><Point X="196" Y="161"/><Point X="170" Y="186"/><Point X="148" Y="209"/><Point X="138" Y="217"/><Point X="126" Y="231"/><Point X="105" Y="261"/><Point X="91" Y="280"/><Point X="81" Y="292"/><Point X="75" Y="301"/><Point X="68" Y="311"/><Point X="62" Y="319"/><Point X="57" Y="329"/><Point X="54" Y="337"/><Point X="52" Y="342"/><Point X="49" Y="347"/><Point X="49" Y="350"/><Point X="47" Y="352"/><Point X="46" Y="355"/></Gesture>