<?xml version="1.0" encoding="utf-8"?>
<Gesture Name="star07"><Point X="142.99996948242188" Y="301"/><Point X="147" Y="292"/><Point X="154" Y="283"/><Point X="159.99998474121094" Y="272"/><Point X="167.99998474121094" Y="260"/><Point X="171" Y="253.99998474121094"/><Point X="175" Y="248"/><Point X="182.00001525878906" Y="240.00001525878906"/><Point X="190.99998474121094" Y="226.99998474121094"/><Point X="197" Y="216"/><Point X="207" Y="202"/><Point X="210.99998474121094" Y="195"/><Point X="219" Y="185"/><Point X="223" Y="177"/><Point X="230" Y="170"/><Point X="234.99998474121094" Y="162"/><Point X="240.00001525878906" Y="154"/><Point X="241.00001525878906" Y="150"/><Point X="243" Y="147"/><Point X="244" Y="144"/><Point X="244" Y="143"/><Point X="245" Y="142"/><Point X="245" Y="141"/><Point X="246" Y="140"/><Point X="246" Y="139"/><Point X="248" Y="138"/><Point X="248" Y="137"/><Point X="250" Y="137"/><Point X="252" Y="140"/><Point X="254" Y="144"/><Point X="257" Y="150"/><Point X="259" Y="156"/><Point X="261" Y="162"/><Point X="267" Y="174"/><Point X="271" Y="187"/><Point X="276" Y="199"/><Point X="281" Y="209"/><Point X="283" Y="215"/><Point X="291" Y="226.99998474121094"/><Point X="295" Y="235"/><Point X="298" Y="241"/><Point X="303" Y="246"/><Point X="306" Y="250.00001525878906"/><Point X="307" Y="253.99998474121094"/><Point X="308" Y="256"/><Point X="309" Y="258"/><Point X="311" Y="259"/><Point X="311" Y="260"/><Point X="311" Y="261"/><Point X="311" Y="262"/><Point X="311" Y="263"/><Point X="311" Y="264"/><Point X="307" Y="264"/><Point X="295" Y="262"/><Point X="282" Y="260"/><Point X="269" Y="258"/><Point X="243" Y="253.99998474121094"/><Point X="226" Y="252"/><Point X="214.00001525878906" Y="249"/><Point X="201" Y="246.99998474121094"/><Point X="188.00001525878906" Y="242"/><Point X="167" Y="235"/><Point X="158" Y="230.00001525878906"/><Point X="153" Y="228"/><Point X="147" Y="225"/><Point X="144" Y="221"/><Point X="141" Y="218"/><Point X="137" Y="215"/><Point X="134" Y="212"/><Point X="132.00003051757813" Y="211"/><Point X="131" Y="209"/><Point X="130" Y="207"/><Point X="130" Y="202"/><Point X="130" Y="200"/><Point X="131" Y="195"/><Point X="138" Y="191"/><Point X="150" Y="184"/><Point X="163.99998474121094" Y="179"/><Point X="175" Y="177"/><Point X="184.99998474121094" Y="175"/><Point X="205" Y="169"/><Point X="223" Y="165"/><Point X="236.99998474121094" Y="162"/><Point X="246" Y="161"/><Point X="257" Y="159"/><Point X="269" Y="155"/><Point X="281" Y="154"/><Point X="293" Y="153"/><Point X="301" Y="152"/><Point X="307" Y="150"/><Point X="314" Y="150"/><Point X="317" Y="149"/><Point X="319" Y="149"/><Point X="321" Y="149"/><Point X="322" Y="149"/><Point X="323" Y="149"/><Point X="323" Y="151"/><Point X="323" Y="154"/><Point X="315" Y="164"/><Point X="301" Y="179"/><Point X="278" Y="203"/><Point X="261" Y="218"/><Point X="234.99998474121094" Y="238"/><Point X="213.00001525878906" Y="257"/><Point X="190.00001525878906" Y="279"/><Point X="175" Y="293"/><Point X="163.99998474121094" Y="304"/><Point X="153" Y="314"/><Point X="142.99996948242188" Y="322"/><Point X="137" Y="327"/><Point X="132.00003051757813" Y="330"/><Point X="130" Y="333"/><Point X="128" Y="335"/><Point X="126" Y="335"/><Point X="125" Y="336"/><Point X="124" Y="337"/></Gesture>