<?xml version="1.0" encoding="utf-8"?>
<Gesture Name="triangle06"><Point X="213.00001525878906" Y="171"/><Point X="208.99998474121094" Y="180"/><Point X="207" Y="187"/><Point X="201" Y="198"/><Point X="192.99998474121094" Y="212"/><Point X="183" Y="226.99998474121094"/><Point X="173" Y="242"/><Point X="167" Y="252"/><Point X="161.00001525878906" Y="262"/><Point X="155" Y="270"/><Point X="149" Y="280"/><Point X="145" Y="291"/><Point X="140" Y="300"/><Point X="134" Y="308"/><Point X="131" Y="315"/><Point X="129" Y="318"/><Point X="126" Y="321"/><Point X="125" Y="323"/><Point X="125" Y="324"/><Point X="124" Y="325"/><Point X="123" Y="326"/><Point X="123" Y="327"/><Point X="122" Y="328"/><Point X="121" Y="329"/><Point X="120" Y="330"/><Point X="119" Y="330"/><Point X="119" Y="331"/><Point X="119" Y="332"/><Point X="119" Y="333"/><Point X="119" Y="334"/><Point X="121" Y="335"/><Point X="124" Y="335"/><Point X="138" Y="333"/><Point X="158" Y="329"/><Point X="171" Y="326"/><Point X="182.00001525878906" Y="324"/><Point X="190.00001525878906" Y="322"/><Point X="202" Y="319"/><Point X="214.00001525878906" Y="317"/><Point X="229" Y="314"/><Point X="238.00001525878906" Y="313"/><Point X="243" Y="312"/><Point X="248" Y="312"/><Point X="251" Y="312"/><Point X="254" Y="312"/><Point X="259" Y="312"/><Point X="260" Y="312"/><Point X="261" Y="312"/><Point X="262" Y="312"/><Point X="263" Y="312"/><Point X="264" Y="312"/><Point X="265" Y="312"/><Point X="265" Y="310"/><Point X="265" Y="306"/><Point X="265" Y="298"/><Point X="263" Y="291"/><Point X="258" Y="279"/><Point X="249" Y="253.99998474121094"/><Point X="233.99998474121094" Y="222"/><Point X="220" Y="198"/><Point X="205" Y="174"/><Point X="190.00001525878906" Y="147"/><Point X="179" Y="126.99999237060547"/><Point X="173" Y="116.99999237060547"/><Point X="165.99998474121094" Y="106"/><Point X="161.00001525878906" Y="98.000007629394531"/><Point X="158" Y="94"/><Point X="154" Y="91"/><Point X="153" Y="88"/><Point X="151" Y="87"/><Point X="149" Y="85.000015258789063"/><Point X="148" Y="84"/><Point X="149" Y="81"/></Gesture>