<?xml version="1.0" encoding="utf-8"?>
<Gesture Name="triangle02"><Point X="142.99996948242188" Y="194"/><Point X="142" Y="198"/><Point X="139" Y="204"/><Point X="137" Y="209"/><Point X="133" Y="216"/><Point X="130" Y="222"/><Point X="125" Y="228"/><Point X="119" Y="236.99998474121094"/><Point X="115" Y="243.00001525878906"/><Point X="110" Y="251"/><Point X="107.00003051757813" Y="257"/><Point X="105" Y="262"/><Point X="103" Y="264"/><Point X="100" Y="269"/><Point X="99" Y="272"/><Point X="97" Y="275"/><Point X="95" Y="279"/><Point X="94" Y="281"/><Point X="93" Y="284"/><Point X="92" Y="286"/><Point X="91" Y="288"/><Point X="90" Y="290"/><Point X="89" Y="292"/><Point X="88" Y="294"/><Point X="87" Y="296"/><Point X="87" Y="297"/><Point X="87" Y="298"/><Point X="87" Y="299"/><Point X="87" Y="300"/><Point X="87" Y="301"/><Point X="89" Y="300"/><Point X="96" Y="296"/><Point X="102" Y="293"/><Point X="110" Y="290"/><Point X="117" Y="287"/><Point X="121" Y="286"/><Point X="127" Y="283"/><Point X="131" Y="283"/><Point X="137" Y="282"/><Point X="142.99996948242188" Y="279"/><Point X="150" Y="279"/><Point X="159.00001525878906" Y="279"/><Point X="165.00001525878906" Y="278"/><Point X="172" Y="278"/><Point X="177" Y="278"/><Point X="180" Y="278"/><Point X="183" Y="278"/><Point X="184.99998474121094" Y="278"/><Point X="186.99998474121094" Y="278"/><Point X="188.00001525878906" Y="278"/><Point X="190.00001525878906" Y="278"/><Point X="190.99998474121094" Y="278"/><Point X="192" Y="278"/><Point X="192.99998474121094" Y="278"/><Point X="192" Y="276"/><Point X="188.00001525878906" Y="272"/><Point X="181" Y="267"/><Point X="174" Y="258"/><Point X="159.99998474121094" Y="243.00001525878906"/><Point X="151" Y="233.00001525878906"/><Point X="145" Y="223"/><Point X="138" Y="212"/><Point X="133" Y="203"/><Point X="130" Y="197"/><Point X="128" Y="192"/><Point X="127" Y="190"/><Point X="125" Y="188"/><Point X="124" Y="186"/><Point X="122" Y="184"/><Point X="120" Y="182"/><Point X="119" Y="181"/><Point X="117" Y="179"/><Point X="115" Y="178"/><Point X="114" Y="178"/><Point X="113" Y="177"/><Point X="113" Y="176"/><Point X="112" Y="176"/><Point X="111" Y="176"/><Point X="110" Y="176"/></Gesture>