<?xml version="1.0" encoding="utf-8"?>
<Gesture Name="triangle10"><Point X="204" Y="128"/><Point X="202" Y="133"/><Point X="197" Y="139"/><Point X="192" Y="145"/><Point X="186.99998474121094" Y="152"/><Point X="180" Y="162"/><Point X="174" Y="173"/><Point X="169" Y="182"/><Point X="165.00001525878906" Y="192"/><Point X="159.00001525878906" Y="201"/><Point X="155" Y="208"/><Point X="150" Y="218"/><Point X="142.99996948242188" Y="229"/><Point X="135" Y="239"/><Point X="132.00003051757813" Y="243.99998474121094"/><Point X="129" Y="250.00001525878906"/><Point X="127" Y="253.00001525878906"/><Point X="124" Y="257"/><Point X="123" Y="259"/><Point X="121" Y="262"/><Point X="119" Y="266"/><Point X="117.99996948242188" Y="271"/><Point X="117" Y="278"/><Point X="114" Y="283"/><Point X="113" Y="289"/><Point X="112" Y="292"/><Point X="111" Y="294"/><Point X="110" Y="297"/><Point X="110" Y="298"/><Point X="110" Y="299"/><Point X="110" Y="300"/><Point X="113" Y="300"/><Point X="126" Y="300"/><Point X="140" Y="300"/><Point X="152" Y="298"/><Point X="171" Y="296"/><Point X="215.00001525878906" Y="288"/><Point X="225" Y="286"/><Point X="235.99998474121094" Y="284"/><Point X="245" Y="283"/><Point X="253" Y="282"/><Point X="261" Y="281"/><Point X="269" Y="279"/><Point X="272" Y="278"/><Point X="277" Y="277"/><Point X="280" Y="276"/><Point X="283" Y="276"/><Point X="285" Y="276"/><Point X="286" Y="276"/><Point X="287" Y="276"/><Point X="288" Y="276"/><Point X="289" Y="276"/><Point X="290" Y="275"/><Point X="291" Y="275"/><Point X="292" Y="275"/><Point X="293" Y="275"/><Point X="294" Y="275"/><Point X="295" Y="275"/><Point X="296" Y="274"/><Point X="299" Y="273"/><Point X="300" Y="273"/><Point X="302" Y="273"/><Point X="303" Y="273"/><Point X="304" Y="273"/><Point X="305" Y="273"/><Point X="306" Y="273"/><Point X="306" Y="270"/><Point X="304" Y="264"/><Point X="297" Y="248"/><Point X="289" Y="233.99998474121094"/><Point X="284" Y="224"/><Point X="277" Y="214"/><Point X="268" Y="203"/><Point X="256" Y="188"/><Point X="246" Y="177"/><Point X="231" Y="159"/><Point X="224" Y="152"/><Point X="216.00001525878906" Y="146"/><Point X="208" Y="138"/><Point X="198" Y="132"/><Point X="192" Y="126.99999237060547"/><Point X="188.99998474121094" Y="124"/><Point X="182.00001525878906" Y="118"/><Point X="179" Y="114"/><Point X="177" Y="112.00000762939453"/><Point X="175" Y="109.99999237060547"/><Point X="173" Y="108.00000762939453"/><Point X="172" Y="108.00000762939453"/><Point X="172" Y="107"/><Point X="171" Y="107"/><Point X="170" Y="107"/></Gesture>