<?xml version="1.0" encoding="utf-8"?>
<Gesture Name="triangle07"><Point X="104" Y="307"/><Point X="107.00003051757813" Y="296"/><Point X="113" Y="280"/><Point X="120" Y="264"/><Point X="125" Y="250.00001525878906"/><Point X="129" Y="240.00001525878906"/><Point X="133" Y="231"/><Point X="137" Y="217"/><Point X="142" Y="206"/><Point X="145" Y="194"/><Point X="150" Y="184"/><Point X="155" Y="175"/><Point X="161.00001525878906" Y="161"/><Point X="169" Y="146"/><Point X="174" Y="137"/><Point X="180" Y="126"/><Point X="183" Y="118"/><Point X="186.99998474121094" Y="111"/><Point X="190.00001525878906" Y="106"/><Point X="192" Y="102.00000762939453"/><Point X="192.99998474121094" Y="98.000007629394531"/><Point X="194" Y="98.000007629394531"/><Point X="194" Y="97"/><Point X="194" Y="96"/><Point X="195" Y="96"/><Point X="197" Y="96"/><Point X="199" Y="96"/><Point X="202" Y="96"/><Point X="203" Y="98.000007629394531"/><Point X="207" Y="105.00000762939453"/><Point X="211.99998474121094" Y="118"/><Point X="216.00001525878906" Y="129"/><Point X="221" Y="140"/><Point X="224" Y="149"/><Point X="229" Y="162"/><Point X="235.99998474121094" Y="175"/><Point X="241.00001525878906" Y="191"/><Point X="246" Y="201"/><Point X="249" Y="207"/><Point X="254" Y="218"/><Point X="260" Y="229"/><Point X="264" Y="239"/><Point X="266" Y="243.99998474121094"/><Point X="267" Y="248"/><Point X="268" Y="250.00001525878906"/><Point X="268" Y="251"/><Point X="268" Y="252"/><Point X="268" Y="253.00001525878906"/><Point X="268" Y="253.99998474121094"/><Point X="268" Y="255"/><Point X="268" Y="256"/><Point X="268" Y="257"/><Point X="269" Y="258"/><Point X="269" Y="259"/><Point X="270" Y="259"/><Point X="270" Y="261"/><Point X="270" Y="262"/><Point X="270" Y="263"/><Point X="271" Y="264"/><Point X="271" Y="265"/><Point X="271" Y="266"/><Point X="272" Y="268"/><Point X="273" Y="269"/><Point X="273" Y="270"/><Point X="274" Y="271"/><Point X="274" Y="273"/><Point X="274" Y="276"/><Point X="274" Y="277"/><Point X="274" Y="279"/><Point X="274" Y="280"/><Point X="274" Y="281"/><Point X="274" Y="282"/><Point X="274" Y="283"/><Point X="271" Y="284"/><Point X="263" Y="285"/><Point X="256" Y="285"/><Point X="244" Y="285"/><Point X="225" Y="285"/><Point X="211.99998474121094" Y="285"/><Point X="201" Y="285"/><Point X="190.99998474121094" Y="285"/><Point X="176" Y="289"/><Point X="163.00001525878906" Y="294"/><Point X="149" Y="299"/><Point X="138" Y="304"/><Point X="132.00003051757813" Y="306"/><Point X="123" Y="308"/><Point X="116" Y="309"/><Point X="114" Y="310"/><Point X="112" Y="310"/><Point X="111" Y="310"/></Gesture>