<?xml version="1.0" encoding="utf-8"?>
<Gesture Name="triangle08"><Point X="180" Y="150"/><Point X="175" Y="156"/><Point X="170" Y="166"/><Point X="163.99998474121094" Y="174"/><Point X="159.00001525878906" Y="183"/><Point X="154" Y="190"/><Point X="151" Y="194"/><Point X="148" Y="200"/><Point X="142.99996948242188" Y="204"/><Point X="140" Y="210"/><Point X="137" Y="215"/><Point X="134" Y="222"/><Point X="129" Y="229"/><Point X="127" Y="235"/><Point X="125" Y="240.00001525878906"/><Point X="123" Y="246.99998474121094"/><Point X="120" Y="251"/><Point X="117.99996948242188" Y="255"/><Point X="116" Y="260"/><Point X="115" Y="262"/><Point X="114" Y="266"/><Point X="113" Y="268"/><Point X="112" Y="271"/><Point X="111" Y="274"/><Point X="110" Y="276"/><Point X="108" Y="282"/><Point X="107.00003051757813" Y="286"/><Point X="106" Y="288"/><Point X="106" Y="292"/><Point X="105" Y="293"/><Point X="103" Y="295"/><Point X="103" Y="296"/><Point X="103" Y="298"/><Point X="103" Y="299"/><Point X="104" Y="299"/><Point X="109" Y="298"/><Point X="120" Y="293"/><Point X="134" Y="288"/><Point X="148" Y="283"/><Point X="159.00001525878906" Y="281"/><Point X="174" Y="277"/><Point X="190.99998474121094" Y="274"/><Point X="206" Y="273"/><Point X="211.99998474121094" Y="273"/><Point X="220" Y="273"/><Point X="229" Y="273"/><Point X="241.00001525878906" Y="274"/><Point X="253" Y="275"/><Point X="263" Y="275"/><Point X="270" Y="275"/><Point X="273" Y="275"/><Point X="276" Y="275"/><Point X="281" Y="275"/><Point X="283" Y="275"/><Point X="286" Y="275"/><Point X="288" Y="275"/><Point X="289" Y="275"/><Point X="290" Y="275"/><Point X="291" Y="275"/><Point X="291" Y="273"/><Point X="291" Y="270"/><Point X="291" Y="266"/><Point X="289" Y="258"/><Point X="284" Y="246.99998474121094"/><Point X="278" Y="236"/><Point X="269" Y="223"/><Point X="265" Y="217"/><Point X="256" Y="208"/><Point X="249" Y="200"/><Point X="239.00001525878906" Y="189"/><Point X="230" Y="179"/><Point X="224" Y="170"/><Point X="217" Y="162"/><Point X="213.00001525878906" Y="158"/><Point X="208.99998474121094" Y="153"/><Point X="206" Y="149"/><Point X="202" Y="146"/><Point X="199" Y="142"/><Point X="197" Y="140"/><Point X="192.99998474121094" Y="137"/><Point X="190.00001525878906" Y="134"/><Point X="186.99998474121094" Y="131"/><Point X="183" Y="128"/><Point X="182.00001525878906" Y="124"/><Point X="181" Y="124"/><Point X="180" Y="123"/><Point X="180" Y="121.99999237060547"/><Point X="179" Y="121.99999237060547"/><Point X="178" Y="121.99999237060547"/></Gesture>