<?xml version="1.0" encoding="utf-8"?>
<Gesture Name="triangle03"><Point X="161.99998474121094" Y="144"/><Point X="159.00001525878906" Y="147"/><Point X="156" Y="154"/><Point X="146" Y="171"/><Point X="142" Y="180"/><Point X="134" Y="188"/><Point X="130" Y="198"/><Point X="124" Y="208"/><Point X="119" Y="213"/><Point X="113" Y="221"/><Point X="109" Y="229"/><Point X="104" Y="235"/><Point X="101" Y="240.00001525878906"/><Point X="98" Y="243.99998474121094"/><Point X="94" Y="249"/><Point X="91" Y="253.00001525878906"/><Point X="86" Y="260"/><Point X="82" Y="266"/><Point X="79" Y="272"/><Point X="77" Y="275"/><Point X="75" Y="277"/><Point X="75" Y="279"/><Point X="73" Y="281"/><Point X="72" Y="282"/><Point X="72" Y="283"/><Point X="72" Y="284"/><Point X="72" Y="285"/><Point X="71" Y="286"/><Point X="71" Y="287"/><Point X="71" Y="288"/><Point X="71" Y="289"/><Point X="75" Y="289"/><Point X="80" Y="287"/><Point X="88" Y="282"/><Point X="98" Y="279"/><Point X="105" Y="277"/><Point X="114" Y="273"/><Point X="120" Y="272"/><Point X="123" Y="272"/><Point X="129" Y="271"/><Point X="134" Y="271"/><Point X="141" Y="271"/><Point X="147" Y="271"/><Point X="155" Y="271"/><Point X="161.00001525878906" Y="271"/><Point X="163.99998474121094" Y="271"/><Point X="169" Y="271"/><Point X="172" Y="270"/><Point X="176" Y="270"/><Point X="179" Y="269"/><Point X="186.99998474121094" Y="267"/><Point X="192" Y="265"/><Point X="200" Y="264"/><Point X="205" Y="262"/><Point X="209.99998474121094" Y="261"/><Point X="213.00001525878906" Y="261"/><Point X="217" Y="260"/><Point X="218" Y="260"/><Point X="219" Y="260"/><Point X="220" Y="260"/><Point X="221" Y="260"/><Point X="223" Y="260"/><Point X="224" Y="260"/><Point X="224" Y="258"/><Point X="224" Y="256"/><Point X="220" Y="251"/><Point X="216.00001525878906" Y="245"/><Point X="209.99998474121094" Y="236.99998474121094"/><Point X="204" Y="230.00001525878906"/><Point X="197" Y="225"/><Point X="192.99998474121094" Y="218"/><Point X="186.99998474121094" Y="211"/><Point X="182.00001525878906" Y="203"/><Point X="175" Y="194"/><Point X="171" Y="188"/><Point X="165.99998474121094" Y="179"/><Point X="156" Y="168"/><Point X="152" Y="164"/><Point X="149" Y="160"/><Point X="147" Y="158"/><Point X="146" Y="155"/><Point X="144" Y="152"/><Point X="142" Y="149"/><Point X="141" Y="147"/><Point X="140" Y="144"/><Point X="139" Y="144"/><Point X="138" Y="143"/><Point X="138" Y="142"/></Gesture>