<?xml version="1.0" encoding="utf-8"?>
<Gesture Name="triangle05"><Point X="190.99998474121094" Y="156"/><Point X="190.00001525878906" Y="157"/><Point X="184.00001525878906" Y="166"/><Point X="174" Y="179"/><Point X="165.00001525878906" Y="187"/><Point X="159.00001525878906" Y="197"/><Point X="153" Y="206"/><Point X="150" Y="212"/><Point X="148" Y="215"/><Point X="146" Y="218"/><Point X="144" Y="220"/><Point X="142" Y="224"/><Point X="139" Y="228"/><Point X="135" Y="235"/><Point X="132.00003051757813" Y="240.00001525878906"/><Point X="128" Y="246.99998474121094"/><Point X="124" Y="252"/><Point X="122" Y="257"/><Point X="120" Y="260"/><Point X="117.99996948242188" Y="262"/><Point X="116" Y="266"/><Point X="114" Y="268"/><Point X="113" Y="270"/><Point X="113" Y="271"/><Point X="112" Y="273"/><Point X="111" Y="274"/><Point X="110" Y="274"/><Point X="110" Y="275"/><Point X="110" Y="276"/><Point X="110" Y="277"/><Point X="111" Y="277"/><Point X="117.99996948242188" Y="277"/><Point X="124" Y="277"/><Point X="130" Y="277"/><Point X="136" Y="277"/><Point X="147" Y="277"/><Point X="157.00001525878906" Y="277"/><Point X="167.99998474121094" Y="277"/><Point X="175" Y="277"/><Point X="182.00001525878906" Y="277"/><Point X="188.00001525878906" Y="277"/><Point X="194" Y="277"/><Point X="208.99998474121094" Y="279"/><Point X="218" Y="279"/><Point X="222" Y="279"/><Point X="226" Y="279"/><Point X="229" Y="279"/><Point X="230" Y="279"/><Point X="232" Y="279"/><Point X="233" Y="279"/><Point X="233.99998474121094" Y="279"/><Point X="234.99998474121094" Y="279"/><Point X="235.99998474121094" Y="279"/><Point X="236.99998474121094" Y="279"/><Point X="239.00001525878906" Y="279"/><Point X="241.00001525878906" Y="279"/><Point X="244" Y="279"/><Point X="247" Y="279"/><Point X="249" Y="279"/><Point X="252" Y="279"/><Point X="255" Y="279"/><Point X="258" Y="279"/><Point X="260" Y="279"/><Point X="261" Y="279"/><Point X="264" Y="279"/><Point X="266" Y="279"/><Point X="269" Y="279"/><Point X="271" Y="279"/><Point X="272" Y="279"/><Point X="275" Y="279"/><Point X="279" Y="279"/><Point X="280" Y="279"/><Point X="281" Y="279"/><Point X="282" Y="279"/><Point X="283" Y="279"/><Point X="284" Y="279"/><Point X="281" Y="275"/><Point X="274" Y="268"/><Point X="266" Y="258"/><Point X="258" Y="248"/><Point X="249" Y="241"/><Point X="239.00001525878906" Y="231"/><Point X="232" Y="224"/><Point X="227" Y="220"/><Point X="224" Y="217"/><Point X="222" Y="215"/><Point X="218" Y="212"/><Point X="215.00001525878906" Y="210"/><Point X="213.00001525878906" Y="208"/><Point X="209.99998474121094" Y="205"/><Point X="208.99998474121094" Y="203"/><Point X="207" Y="201"/><Point X="205" Y="199"/><Point X="204" Y="197"/><Point X="203" Y="196"/><Point X="202" Y="195"/><Point X="201" Y="194"/><Point X="200" Y="194"/><Point X="199" Y="194"/><Point X="199" Y="193"/><Point X="198" Y="193"/><Point X="198" Y="192"/><Point X="197" Y="191"/><Point X="196" Y="190"/><Point X="195" Y="188"/><Point X="192.99998474121094" Y="186"/><Point X="192" Y="183"/><Point X="190.00001525878906" Y="181"/><Point X="188.99998474121094" Y="179"/><Point X="188.00001525878906" Y="178"/><Point X="186.99998474121094" Y="175"/><Point X="186.99998474121094" Y="174"/><Point X="186.00001525878906" Y="173"/><Point X="184.99998474121094" Y="172"/><Point X="184.00001525878906" Y="171"/><Point X="183" Y="170"/><Point X="182.00001525878906" Y="167"/><Point X="181" Y="166"/><Point X="181" Y="164"/><Point X="180" Y="163"/><Point X="179" Y="161"/><Point X="178" Y="159"/><Point X="178" Y="157"/><Point X="178" Y="155"/><Point X="178" Y="154"/><Point X="178" Y="153"/></Gesture>