<?xml version="1.0" encoding="utf-8"?>
<Gesture Name="v06"><Point X="107.00003051757813" Y="159"/><Point X="117" Y="171"/><Point X="132.00003051757813" Y="193"/><Point X="147" Y="212"/><Point X="167.99998474121094" Y="245"/><Point X="184.99998474121094" Y="272"/><Point X="192" Y="284"/><Point X="198" Y="295"/><Point X="205" Y="304"/><Point X="213.00001525878906" Y="316"/><Point X="217" Y="321"/><Point X="221" Y="328"/><Point X="222" Y="330"/><Point X="226" Y="333"/><Point X="229" Y="337"/><Point X="231" Y="338"/><Point X="234.99998474121094" Y="339"/><Point X="236.99998474121094" Y="340"/><Point X="240.00001525878906" Y="340"/><Point X="245" Y="336"/><Point X="249" Y="328"/><Point X="257" Y="316"/><Point X="263" Y="294"/><Point X="266" Y="283"/><Point X="266" Y="271"/><Point X="266" Y="263"/><Point X="266" Y="260"/><Point X="266" Y="253.99998474121094"/><Point X="266" Y="251"/><Point X="266" Y="246"/><Point X="266" Y="243.99998474121094"/><Point X="266" Y="239"/><Point X="267" Y="236.99998474121094"/><Point X="268" Y="235"/><Point X="269" Y="232"/><Point X="269" Y="230.00001525878906"/><Point X="268" Y="226.00001525878906"/><Point X="267" Y="223"/><Point X="267" Y="222"/><Point X="267" Y="221"/><Point X="267" Y="220"/><Point X="267" Y="218"/><Point X="267" Y="215"/><Point X="267" Y="214"/><Point X="267" Y="213"/><Point X="267" Y="212"/><Point X="267" Y="211"/><Point X="267" Y="209"/><Point X="267" Y="208"/><Point X="267" Y="207"/><Point X="267" Y="205"/><Point X="267" Y="203"/><Point X="267" Y="201"/><Point X="267" Y="200"/><Point X="267" Y="199"/><Point X="267" Y="198"/><Point X="267" Y="197"/><Point X="267" Y="196"/><Point X="267" Y="194"/><Point X="267" Y="193"/><Point X="267" Y="192"/><Point X="267" Y="191"/><Point X="267" Y="190"/><Point X="267" Y="189"/><Point X="267" Y="188"/><Point X="267" Y="186"/><Point X="267" Y="185"/><Point X="267" Y="183"/><Point X="267" Y="181"/><Point X="267" Y="179"/><Point X="268" Y="176"/><Point X="268" Y="174"/><Point X="268" Y="172"/><Point X="268" Y="171"/><Point X="268" Y="170"/><Point X="268" Y="169"/><Point X="268" Y="168"/><Point X="268" Y="166"/><Point X="268" Y="165"/><Point X="268" Y="164"/><Point X="268" Y="163"/><Point X="268" Y="162"/><Point X="268" Y="160"/><Point X="268" Y="158"/><Point X="268" Y="157"/><Point X="268" Y="156"/><Point X="268" Y="155"/><Point X="268" Y="154"/></Gesture>