<?xml version="1.0" encoding="utf-8"?>
<Gesture Name="v08"><Point X="115" Y="148"/><Point X="116" Y="152"/><Point X="117" Y="155"/><Point X="117" Y="158"/><Point X="117.99996948242188" Y="163"/><Point X="120" Y="166"/><Point X="123" Y="171"/><Point X="125" Y="174"/><Point X="126" Y="177"/><Point X="128" Y="180"/><Point X="128" Y="182"/><Point X="129" Y="183"/><Point X="130" Y="185"/><Point X="132.00003051757813" Y="188"/><Point X="132.00003051757813" Y="189"/><Point X="133" Y="190"/><Point X="134" Y="191"/><Point X="135" Y="192"/><Point X="136" Y="192"/><Point X="136" Y="193"/><Point X="137" Y="195"/><Point X="139" Y="195"/><Point X="139" Y="196"/><Point X="141" Y="197"/><Point X="142" Y="198"/><Point X="142" Y="199"/><Point X="142.99996948242188" Y="199"/><Point X="144" Y="199"/><Point X="144" Y="200"/><Point X="146" Y="200"/><Point X="147" Y="201"/><Point X="147" Y="202"/><Point X="148" Y="203"/><Point X="149" Y="203"/><Point X="150" Y="205"/><Point X="151" Y="205"/><Point X="152" Y="205"/><Point X="154" Y="205"/><Point X="155" Y="205"/><Point X="157.00001525878906" Y="205"/><Point X="158" Y="205"/><Point X="161.00001525878906" Y="203"/><Point X="163.00001525878906" Y="199"/><Point X="165.99998474121094" Y="194"/><Point X="167.99998474121094" Y="186"/><Point X="171" Y="181"/><Point X="172" Y="176"/><Point X="173" Y="174"/><Point X="173" Y="172"/><Point X="173" Y="171"/><Point X="173" Y="170"/><Point X="173" Y="169"/><Point X="173" Y="168"/><Point X="174" Y="168"/><Point X="174" Y="167"/><Point X="175" Y="166"/><Point X="175" Y="165"/><Point X="175" Y="164"/><Point X="175" Y="163"/><Point X="176" Y="162"/><Point X="176" Y="161"/><Point X="177" Y="160"/><Point X="178" Y="159"/><Point X="178" Y="158"/><Point X="178" Y="156"/><Point X="186.00001525878906" Y="153"/></Gesture>