<?xml version="1.0" encoding="utf-8"?>
<Gesture Name="x04"><Point X="150" Y="148"/><Point X="150" Y="148"/><Point X="156" Y="152"/><Point X="169" Y="164"/><Point X="180" Y="174"/><Point X="192.99998474121094" Y="184"/><Point X="202" Y="192"/><Point X="209.99998474121094" Y="201"/><Point X="218" Y="211"/><Point X="226" Y="222"/><Point X="231" Y="228"/><Point X="238.00001525878906" Y="236"/><Point X="256" Y="252"/><Point X="265" Y="259"/><Point X="271" Y="265"/><Point X="276" Y="270"/><Point X="281" Y="275"/><Point X="284" Y="277"/><Point X="286" Y="281"/><Point X="287" Y="283"/><Point X="288" Y="283"/><Point X="289" Y="284"/><Point X="289" Y="285"/><Point X="289" Y="287"/><Point X="290" Y="285"/><Point X="290" Y="281"/><Point X="290" Y="273"/><Point X="290" Y="264"/><Point X="290" Y="248"/><Point X="290" Y="231"/><Point X="290" Y="213"/><Point X="290" Y="206"/><Point X="290" Y="195"/><Point X="290" Y="170"/><Point X="290" Y="161"/><Point X="290" Y="153"/><Point X="290" Y="150"/><Point X="290" Y="147"/><Point X="290" Y="146"/><Point X="290" Y="144"/><Point X="290" Y="143"/><Point X="290" Y="142"/><Point X="290" Y="141"/><Point X="290" Y="140"/><Point X="290" Y="139"/><Point X="288" Y="139"/><Point X="286" Y="139"/><Point X="280" Y="141"/><Point X="267" Y="149"/><Point X="254" Y="162"/><Point X="243" Y="176"/><Point X="232" Y="192"/><Point X="214.00001525878906" Y="216"/><Point X="199" Y="238"/><Point X="190.00001525878906" Y="249"/><Point X="184.00001525878906" Y="259"/><Point X="176" Y="266"/><Point X="169" Y="274"/><Point X="163.00001525878906" Y="283"/><Point X="157.00001525878906" Y="287"/><Point X="154" Y="291"/><Point X="150" Y="296"/><Point X="146" Y="299"/><Point X="144" Y="303"/><Point X="142.99996948242188" Y="305"/><Point X="142" Y="305"/><Point X="141" Y="306"/><Point X="141" Y="307"/><Point X="140" Y="307"/><Point X="139" Y="308"/><Point X="138" Y="310"/></Gesture>