<?xml version="1.0" encoding="utf-8"?>
<Gesture Name="x06"><Point X="149" Y="130"/><Point X="159.00001525878906" Y="134"/><Point X="165.99998474121094" Y="139"/><Point X="174" Y="145"/><Point X="184.00001525878906" Y="153"/><Point X="195" Y="161"/><Point X="203" Y="169"/><Point X="213.00001525878906" Y="176"/><Point X="221" Y="184"/><Point X="227" Y="188"/><Point X="233.99998474121094" Y="194"/><Point X="241.00001525878906" Y="201"/><Point X="249" Y="209"/><Point X="258" Y="219"/><Point X="265" Y="226.99998474121094"/><Point X="272" Y="233.99998474121094"/><Point X="276" Y="240.00001525878906"/><Point X="280" Y="243.99998474121094"/><Point X="284" Y="249"/><Point X="285" Y="251"/><Point X="286" Y="253.99998474121094"/><Point X="287" Y="255"/><Point X="288" Y="257"/><Point X="288" Y="258"/><Point X="288" Y="259"/><Point X="288" Y="260"/><Point X="289" Y="261"/><Point X="290" Y="262"/><Point X="291" Y="262"/><Point X="292" Y="262"/><Point X="293" Y="262"/><Point X="294" Y="262"/><Point X="296" Y="262"/><Point X="297" Y="262"/><Point X="299" Y="260"/><Point X="302" Y="256"/><Point X="306" Y="248"/><Point X="310" Y="240.00001525878906"/><Point X="312" Y="233.99998474121094"/><Point X="315" Y="226.99998474121094"/><Point X="316" Y="223"/><Point X="317" Y="219"/><Point X="317" Y="215"/><Point X="317" Y="211"/><Point X="317" Y="207"/><Point X="317" Y="198"/><Point X="317" Y="190"/><Point X="317" Y="184"/><Point X="317" Y="177"/><Point X="317" Y="175"/><Point X="317" Y="174"/><Point X="317" Y="173"/><Point X="317" Y="172"/><Point X="317" Y="171"/><Point X="317" Y="170"/><Point X="317" Y="169"/><Point X="317" Y="168"/><Point X="317" Y="167"/><Point X="317" Y="165"/><Point X="317" Y="164"/><Point X="317" Y="163"/><Point X="317" Y="161"/><Point X="317" Y="160"/><Point X="317" Y="159"/><Point X="317" Y="158"/><Point X="317" Y="157"/><Point X="317" Y="156"/><Point X="317" Y="155"/><Point X="317" Y="153"/><Point X="317" Y="152"/><Point X="317" Y="149"/><Point X="317" Y="148"/><Point X="317" Y="146"/><Point X="317" Y="145"/><Point X="317" Y="144"/><Point X="317" Y="142"/><Point X="317" Y="141"/><Point X="317" Y="139"/><Point X="317" Y="138"/><Point X="317" Y="137"/><Point X="317" Y="136"/><Point X="317" Y="135"/><Point X="317" Y="134"/><Point X="317" Y="133"/><Point X="317" Y="131"/><Point X="317" Y="130"/><Point X="315" Y="129"/><Point X="315" Y="128"/><Point X="315" Y="126.99999237060547"/><Point X="315" Y="126"/><Point X="315" Y="124"/><Point X="314" Y="124"/><Point X="313" Y="124"/><Point X="311" Y="125.00000762939453"/><Point X="308" Y="126"/><Point X="298" Y="134"/><Point X="285" Y="146"/><Point X="275" Y="156"/><Point X="266" Y="164"/><Point X="261" Y="170"/><Point X="252" Y="178"/><Point X="244" Y="189"/><Point X="235.99998474121094" Y="200"/><Point X="226" Y="212"/><Point X="218" Y="219"/><Point X="210.99998474121094" Y="226.99998474121094"/><Point X="204" Y="232"/><Point X="198" Y="239"/><Point X="184.00001525878906" Y="253.99998474121094"/><Point X="179" Y="262"/><Point X="175" Y="269"/><Point X="172" Y="273"/><Point X="169" Y="276"/><Point X="167.99998474121094" Y="278"/><Point X="165.99998474121094" Y="281"/><Point X="163.99998474121094" Y="282"/><Point X="163.00001525878906" Y="285"/></Gesture>