<?xml version="1.0" encoding="utf-8"?>
<Gesture Name="x07"><Point X="132.00003051757813" Y="152"/><Point X="138" Y="155"/><Point X="151" Y="163"/><Point X="159.00001525878906" Y="169"/><Point X="169" Y="175"/><Point X="180" Y="181"/><Point X="190.99998474121094" Y="188"/><Point X="202" Y="193"/><Point X="208.99998474121094" Y="199"/><Point X="217" Y="204"/><Point X="223" Y="208"/><Point X="225" Y="211"/><Point X="227" Y="212"/><Point X="228" Y="214"/><Point X="228" Y="215"/><Point X="229" Y="216"/><Point X="229" Y="217"/><Point X="230" Y="218"/><Point X="231" Y="219"/><Point X="232" Y="219"/><Point X="232" Y="220"/><Point X="233" Y="220"/><Point X="233.99998474121094" Y="220"/><Point X="236.99998474121094" Y="220"/><Point X="239.00001525878906" Y="217"/><Point X="241.00001525878906" Y="212"/><Point X="243" Y="206"/><Point X="244" Y="199"/><Point X="245" Y="185"/><Point X="247" Y="174"/><Point X="247" Y="161"/><Point X="247" Y="153"/><Point X="247" Y="147"/><Point X="247" Y="141"/><Point X="247" Y="138"/><Point X="247" Y="133"/><Point X="247" Y="131"/><Point X="247" Y="129"/><Point X="247" Y="126.99999237060547"/><Point X="247" Y="126"/><Point X="246" Y="126"/><Point X="245" Y="126"/><Point X="242" Y="126"/><Point X="235.99998474121094" Y="128"/><Point X="229" Y="133"/><Point X="220" Y="140"/><Point X="209.99998474121094" Y="147"/><Point X="201" Y="157"/><Point X="194" Y="167"/><Point X="186.00001525878906" Y="174"/><Point X="177" Y="183"/><Point X="171" Y="189"/><Point X="165.00001525878906" Y="195"/><Point X="159.00001525878906" Y="202"/><Point X="155" Y="205"/><Point X="152" Y="208"/><Point X="149" Y="211"/><Point X="148" Y="213"/><Point X="145" Y="215"/><Point X="144" Y="216"/><Point X="142.99996948242188" Y="217"/><Point X="142.99996948242188" Y="218"/><Point X="142" Y="219"/><Point X="141" Y="219"/><Point X="141" Y="220"/><Point X="139" Y="221"/><Point X="138" Y="222"/></Gesture>