<?xml version="1.0" encoding="utf-8"?>
<Gesture Name="x08"><Point X="144" Y="131"/><Point X="152" Y="137"/><Point X="165.99998474121094" Y="149"/><Point X="199" Y="178"/><Point X="216.00001525878906" Y="193"/><Point X="232" Y="206"/><Point X="242" Y="214"/><Point X="248" Y="221"/><Point X="255" Y="228"/><Point X="260" Y="232"/><Point X="265" Y="236"/><Point X="270" Y="242"/><Point X="275" Y="245"/><Point X="279" Y="249"/><Point X="284" Y="252"/><Point X="287" Y="253.99998474121094"/><Point X="289" Y="255"/><Point X="291" Y="257"/><Point X="294" Y="260"/><Point X="295" Y="261"/><Point X="296" Y="262"/><Point X="298" Y="261"/><Point X="301" Y="253.99998474121094"/><Point X="302" Y="245"/><Point X="303" Y="230.00001525878906"/><Point X="303" Y="213"/><Point X="303" Y="193"/><Point X="303" Y="184"/><Point X="302" Y="163"/><Point X="299" Y="153"/><Point X="299" Y="147"/><Point X="298" Y="138"/><Point X="298" Y="135"/><Point X="298" Y="131"/><Point X="298" Y="130"/><Point X="298" Y="129"/><Point X="298" Y="128"/><Point X="298" Y="126"/><Point X="298" Y="125.00000762939453"/><Point X="298" Y="124"/><Point X="297" Y="124"/><Point X="297" Y="123"/><Point X="297" Y="121.99999237060547"/><Point X="296" Y="121.99999237060547"/><Point X="293" Y="121.99999237060547"/><Point X="286" Y="125.00000762939453"/><Point X="278" Y="131"/><Point X="267" Y="138"/><Point X="254" Y="148"/><Point X="238.00001525878906" Y="160"/><Point X="227" Y="169"/><Point X="211.99998474121094" Y="178"/><Point X="204" Y="185"/><Point X="194" Y="193"/><Point X="184.00001525878906" Y="204"/><Point X="175" Y="214"/><Point X="169" Y="222"/><Point X="161.00001525878906" Y="229"/><Point X="153" Y="238"/><Point X="148" Y="243.99998474121094"/><Point X="144" Y="248"/><Point X="141" Y="251"/><Point X="138" Y="255"/><Point X="137" Y="257"/><Point X="135" Y="257"/><Point X="135" Y="258"/><Point X="133" Y="259"/><Point X="133" Y="260"/></Gesture>