<?xml version="1.0" encoding="utf-8"?>
<Gesture Name="zig-zag10"><Point X="89" Y="252"/><Point X="93" Y="246"/><Point X="97" Y="238"/><Point X="101" Y="231"/><Point X="105" Y="225"/><Point X="108" Y="217"/><Point X="113" Y="210"/><Point X="116" Y="203"/><Point X="119" Y="195"/><Point X="126" Y="184"/><Point X="129" Y="176"/><Point X="134" Y="168"/><Point X="137" Y="160"/><Point X="139" Y="155"/><Point X="140" Y="151"/><Point X="141" Y="150"/><Point X="142" Y="148"/><Point X="142" Y="147"/><Point X="142.99996948242188" Y="147"/><Point X="144" Y="147"/><Point X="146" Y="147"/><Point X="149" Y="149"/><Point X="152" Y="153"/><Point X="155" Y="157"/><Point X="159.00001525878906" Y="163"/><Point X="163.00001525878906" Y="169"/><Point X="165.99998474121094" Y="175"/><Point X="169" Y="181"/><Point X="174" Y="188"/><Point X="177" Y="193"/><Point X="179" Y="196"/><Point X="181" Y="200"/><Point X="183" Y="203"/><Point X="184.00001525878906" Y="206"/><Point X="184.99998474121094" Y="208"/><Point X="186.00001525878906" Y="209"/><Point X="186.99998474121094" Y="211"/><Point X="186.99998474121094" Y="212"/><Point X="186.99998474121094" Y="214"/><Point X="188.00001525878906" Y="215"/><Point X="188.00001525878906" Y="216"/><Point X="190.00001525878906" Y="217"/><Point X="190.99998474121094" Y="217"/><Point X="192" Y="217"/><Point X="192.99998474121094" Y="217"/><Point X="195" Y="217"/><Point X="200" Y="211"/><Point X="206" Y="203"/><Point X="214.00001525878906" Y="191"/><Point X="221" Y="180"/><Point X="226" Y="169"/><Point X="229" Y="163"/><Point X="233" Y="157"/><Point X="233" Y="154"/><Point X="234.99998474121094" Y="150"/><Point X="234.99998474121094" Y="149"/><Point X="234.99998474121094" Y="148"/><Point X="235.99998474121094" Y="148"/><Point X="238.00001525878906" Y="148"/><Point X="241.00001525878906" Y="149"/><Point X="244" Y="153"/><Point X="248" Y="156"/><Point X="254" Y="162"/><Point X="258" Y="170"/><Point X="264" Y="180"/><Point X="269" Y="186"/><Point X="275" Y="195"/><Point X="278" Y="201"/><Point X="280" Y="204"/><Point X="281" Y="206"/><Point X="282" Y="210"/><Point X="284" Y="211"/><Point X="285" Y="213"/><Point X="285" Y="214"/><Point X="287" Y="216"/><Point X="288" Y="218"/><Point X="289" Y="219"/><Point X="290" Y="220"/><Point X="291" Y="220"/><Point X="292" Y="220"/><Point X="295" Y="220"/><Point X="298" Y="216"/><Point X="302" Y="212"/><Point X="308" Y="204"/><Point X="313" Y="197"/><Point X="316" Y="190"/><Point X="318" Y="186"/><Point X="320" Y="183"/><Point X="322" Y="181"/><Point X="322" Y="180"/><Point X="322" Y="179"/><Point X="322" Y="178"/><Point X="322" Y="177"/><Point X="323" Y="177"/><Point X="324" Y="174"/><Point X="326" Y="171"/><Point X="328" Y="168"/><Point X="331" Y="165"/><Point X="332" Y="162"/><Point X="334" Y="160"/><Point X="336" Y="158"/><Point X="339" Y="156"/><Point X="340" Y="155"/></Gesture>