<?xml version="1.0" encoding="utf-8"?>
<Gesture Name="zig-zag09"><Point X="68" Y="230.00001525878906"/><Point X="69" Y="225"/><Point X="70" Y="221"/><Point X="73" Y="215"/><Point X="75" Y="208"/><Point X="76" Y="205"/><Point X="77" Y="201"/><Point X="78" Y="199"/><Point X="79" Y="197"/><Point X="79" Y="196"/><Point X="79" Y="194"/><Point X="80" Y="191"/><Point X="82" Y="188"/><Point X="83" Y="186"/><Point X="85" Y="181"/><Point X="85" Y="178"/><Point X="86" Y="175"/><Point X="87" Y="172"/><Point X="88" Y="170"/><Point X="88" Y="169"/><Point X="88" Y="168"/><Point X="89" Y="168"/><Point X="91" Y="168"/><Point X="93" Y="169"/><Point X="97" Y="172"/><Point X="102" Y="176"/><Point X="106" Y="180"/><Point X="112" Y="186"/><Point X="116" Y="192"/><Point X="122" Y="201"/><Point X="127" Y="206"/><Point X="132.00003051757813" Y="213"/><Point X="136" Y="218"/><Point X="139" Y="225"/><Point X="141" Y="226.99998474121094"/><Point X="144" Y="232"/><Point X="145" Y="235"/><Point X="147" Y="236.99998474121094"/><Point X="148" Y="240.00001525878906"/><Point X="148" Y="241"/><Point X="149" Y="242"/><Point X="151" Y="243.00001525878906"/><Point X="151" Y="243.99998474121094"/><Point X="151" Y="245"/><Point X="152" Y="245"/><Point X="153" Y="245"/><Point X="155" Y="243.00001525878906"/><Point X="156" Y="242"/><Point X="159.99998474121094" Y="236.99998474121094"/><Point X="165.00001525878906" Y="231"/><Point X="169" Y="225"/><Point X="174" Y="218"/><Point X="179" Y="207"/><Point X="183" Y="199"/><Point X="186.99998474121094" Y="189"/><Point X="190.00001525878906" Y="183"/><Point X="192.99998474121094" Y="177"/><Point X="194" Y="176"/><Point X="195" Y="174"/><Point X="195" Y="173"/><Point X="197" Y="174"/><Point X="198" Y="177"/><Point X="199" Y="178"/><Point X="200" Y="181"/><Point X="202" Y="184"/><Point X="205" Y="187"/><Point X="206" Y="190"/><Point X="208.99998474121094" Y="193"/><Point X="210.99998474121094" Y="196"/><Point X="213.00001525878906" Y="197"/><Point X="214.00001525878906" Y="199"/><Point X="215.00001525878906" Y="201"/><Point X="216.00001525878906" Y="202"/><Point X="216.00001525878906" Y="203"/><Point X="216.00001525878906" Y="204"/><Point X="217" Y="205"/><Point X="218" Y="205"/><Point X="219" Y="206"/><Point X="220" Y="207"/><Point X="221" Y="208"/><Point X="222" Y="208"/><Point X="223" Y="208"/><Point X="224" Y="208"/><Point X="225" Y="208"/><Point X="229" Y="206"/><Point X="233" Y="203"/><Point X="236.99998474121094" Y="198"/><Point X="244" Y="191"/><Point X="249" Y="183"/><Point X="255" Y="174"/><Point X="259" Y="168"/><Point X="263" Y="162"/><Point X="265" Y="160"/><Point X="267" Y="157"/><Point X="268" Y="155"/><Point X="268" Y="154"/><Point X="269" Y="153"/></Gesture>