<?xml version="1.0" encoding="utf-8"?>
<Gesture Name="arrow06"><Point X="98" Y="310"/><Point X="100" Y="309"/><Point X="103" Y="307"/><Point X="106" Y="305"/><Point X="109" Y="304"/><Point X="112" Y="302"/><Point X="114" Y="299"/><Point X="117.99996948242188" Y="297"/><Point X="120" Y="296"/><Point X="123" Y="294"/><Point X="127" Y="291"/><Point X="131" Y="288"/><Point X="137" Y="284"/><Point X="144" Y="278"/><Point X="151" Y="274"/><Point X="156" Y="269"/><Point X="165.00001525878906" Y="265"/><Point X="167.99998474121094" Y="263"/><Point X="174" Y="258"/><Point X="178" Y="256"/><Point X="183" Y="251"/><Point X="188.99998474121094" Y="246"/><Point X="197" Y="241"/><Point X="202" Y="236"/><Point X="209.99998474121094" Y="231"/><Point X="217" Y="226.00001525878906"/><Point X="221" Y="223"/><Point X="224" Y="222"/><Point X="227" Y="220"/><Point X="230" Y="218"/><Point X="232" Y="217"/><Point X="235.99998474121094" Y="214"/><Point X="238.00001525878906" Y="212"/><Point X="241.00001525878906" Y="210"/><Point X="245" Y="208"/><Point X="248" Y="204"/><Point X="250" Y="202"/><Point X="253" Y="200"/><Point X="254" Y="199"/><Point X="256" Y="196"/><Point X="258" Y="195"/><Point X="259" Y="194"/><Point X="261" Y="193"/><Point X="260" Y="193"/><Point X="259" Y="193"/><Point X="257" Y="193"/><Point X="256" Y="194"/><Point X="255" Y="194"/><Point X="253" Y="194"/><Point X="252" Y="194"/><Point X="251" Y="194"/><Point X="250" Y="194"/><Point X="249" Y="194"/><Point X="246" Y="194"/><Point X="245" Y="194"/><Point X="243" Y="195"/><Point X="242" Y="196"/><Point X="239.00001525878906" Y="196"/><Point X="235.99998474121094" Y="197"/><Point X="233.99998474121094" Y="197"/><Point X="231" Y="197"/><Point X="228" Y="198"/><Point X="225" Y="198"/><Point X="223" Y="198"/><Point X="220" Y="199"/><Point X="219" Y="199"/><Point X="218" Y="199"/><Point X="217" Y="199"/><Point X="216.00001525878906" Y="200"/><Point X="214.00001525878906" Y="200"/><Point X="210.99998474121094" Y="200"/><Point X="208.99998474121094" Y="200"/><Point X="204" Y="200"/><Point X="201" Y="200"/><Point X="196" Y="202"/><Point X="194" Y="202"/><Point X="190.99998474121094" Y="202"/><Point X="188.00001525878906" Y="202"/><Point X="184.99998474121094" Y="203"/><Point X="183" Y="203"/><Point X="181" Y="204"/><Point X="178" Y="204"/><Point X="177" Y="204"/><Point X="175" Y="205"/><Point X="174" Y="205"/><Point X="172" Y="205"/><Point X="171" Y="205"/><Point X="170" Y="205"/><Point X="169" Y="205"/><Point X="167.99998474121094" Y="205"/><Point X="169" Y="205"/><Point X="171" Y="205"/><Point X="173" Y="205"/><Point X="175" Y="205"/><Point X="176" Y="205"/><Point X="179" Y="205"/><Point X="182.00001525878906" Y="205"/><Point X="183" Y="205"/><Point X="186.00001525878906" Y="205"/><Point X="186.99998474121094" Y="205"/><Point X="190.00001525878906" Y="205"/><Point X="190.99998474121094" Y="205"/><Point X="192.99998474121094" Y="204"/><Point X="194" Y="203"/><Point X="198" Y="203"/><Point X="200" Y="201"/><Point X="204" Y="200"/><Point X="208" Y="199"/><Point X="211.99998474121094" Y="198"/><Point X="217" Y="198"/><Point X="219" Y="197"/><Point X="222" Y="197"/><Point X="225" Y="197"/><Point X="227" Y="196"/><Point X="229" Y="196"/><Point X="230" Y="196"/><Point X="231" Y="196"/><Point X="232" Y="196"/><Point X="233" Y="196"/><Point X="233.99998474121094" Y="196"/><Point X="234.99998474121094" Y="196"/><Point X="236.99998474121094" Y="195"/><Point X="244" Y="192"/><Point X="247" Y="191"/><Point X="252" Y="191"/><Point X="254" Y="190"/><Point X="257" Y="190"/><Point X="259" Y="190"/><Point X="260" Y="190"/><Point X="261" Y="190"/><Point X="262" Y="190"/><Point X="262" Y="191"/><Point X="262" Y="192"/><Point X="261" Y="194"/><Point X="261" Y="195"/><Point X="260" Y="197"/><Point X="260" Y="198"/><Point X="260" Y="199"/><Point X="259" Y="200"/><Point X="259" Y="201"/><Point X="259" Y="205"/><Point X="259" Y="207"/><Point X="259" Y="210"/><Point X="259" Y="214"/><Point X="259" Y="217"/><Point X="259" Y="220"/><Point X="259" Y="223"/><Point X="259" Y="226.00001525878906"/><Point X="259" Y="226.99998474121094"/><Point X="259" Y="228"/><Point X="259" Y="230.00001525878906"/><Point X="259" Y="231"/><Point X="259" Y="232"/><Point X="259" Y="233.00001525878906"/><Point X="259" Y="233.99998474121094"/><Point X="259" Y="235"/><Point X="259" Y="238"/><Point X="259" Y="242"/><Point X="259" Y="245"/><Point X="259" Y="248"/><Point X="259" Y="250.00001525878906"/><Point X="259" Y="253.00001525878906"/><Point X="259" Y="256"/><Point X="259" Y="257"/><Point X="259" Y="258"/><Point X="259" Y="259"/><Point X="259" Y="261"/><Point X="259" Y="262"/></Gesture>