<?xml version="1.0" encoding="utf-8"?>
<Gesture Name="arrow09"><Point X="79" Y="309"/><Point X="81" Y="309"/><Point X="83" Y="309"/><Point X="84" Y="308"/><Point X="85" Y="307"/><Point X="86" Y="307"/><Point X="87" Y="307"/><Point X="88" Y="307"/><Point X="88" Y="306"/><Point X="92" Y="303"/><Point X="100" Y="297"/><Point X="108" Y="291"/><Point X="115" Y="286"/><Point X="123" Y="282"/><Point X="129" Y="277"/><Point X="134" Y="275"/><Point X="137" Y="273"/><Point X="141" Y="272"/><Point X="144" Y="269"/><Point X="146" Y="267"/><Point X="150" Y="266"/><Point X="154" Y="264"/><Point X="159.00001525878906" Y="262"/><Point X="163.00001525878906" Y="259"/><Point X="165.99998474121094" Y="257"/><Point X="171" Y="253.99998474121094"/><Point X="175" Y="251"/><Point X="181" Y="248"/><Point X="184.99998474121094" Y="245"/><Point X="190.00001525878906" Y="242"/><Point X="195" Y="236.99998474121094"/><Point X="203" Y="233.99998474121094"/><Point X="208.99998474121094" Y="231"/><Point X="215.00001525878906" Y="226.00001525878906"/><Point X="221" Y="223"/><Point X="227" Y="220"/><Point X="231" Y="217"/><Point X="238.00001525878906" Y="215"/><Point X="241.00001525878906" Y="213"/><Point X="246" Y="211"/><Point X="250" Y="209"/><Point X="255" Y="204"/><Point X="259" Y="203"/><Point X="264" Y="199"/><Point X="267" Y="197"/><Point X="270" Y="195"/><Point X="274" Y="192"/><Point X="277" Y="191"/><Point X="280" Y="187"/><Point X="282" Y="185"/><Point X="284" Y="184"/><Point X="284" Y="183"/><Point X="285" Y="182"/><Point X="286" Y="182"/><Point X="285" Y="182"/><Point X="284" Y="182"/><Point X="282" Y="182"/><Point X="281" Y="182"/><Point X="279" Y="182"/><Point X="277" Y="182"/><Point X="276" Y="182"/><Point X="274" Y="182"/><Point X="272" Y="182"/><Point X="268" Y="182"/><Point X="265" Y="182"/><Point X="259" Y="182"/><Point X="255" Y="182"/><Point X="247" Y="182"/><Point X="241.00001525878906" Y="182"/><Point X="235.99998474121094" Y="182"/><Point X="230" Y="182"/><Point X="226" Y="182"/><Point X="221" Y="182"/><Point X="219" Y="182"/><Point X="216.00001525878906" Y="182"/><Point X="213.00001525878906" Y="182"/><Point X="209.99998474121094" Y="182"/><Point X="208" Y="182"/><Point X="205" Y="182"/><Point X="202" Y="182"/><Point X="200" Y="182"/><Point X="196" Y="183"/><Point X="195" Y="183"/><Point X="192.99998474121094" Y="183"/><Point X="190.99998474121094" Y="184"/><Point X="188.99998474121094" Y="184"/><Point X="186.00001525878906" Y="185"/><Point X="184.99998474121094" Y="185"/><Point X="183" Y="185"/><Point X="180" Y="185"/><Point X="178" Y="185"/><Point X="176" Y="186"/><Point X="174" Y="186"/><Point X="172" Y="186"/><Point X="171" Y="186"/><Point X="170" Y="186"/><Point X="169" Y="186"/><Point X="167.99998474121094" Y="186"/><Point X="167" Y="186"/><Point X="165.99998474121094" Y="186"/><Point X="165.99998474121094" Y="187"/><Point X="165.99998474121094" Y="189"/><Point X="169" Y="189"/><Point X="171" Y="189"/><Point X="176" Y="189"/><Point X="179" Y="189"/><Point X="182.00001525878906" Y="189"/><Point X="184.00001525878906" Y="189"/><Point X="184.99998474121094" Y="189"/><Point X="186.99998474121094" Y="189"/><Point X="188.00001525878906" Y="189"/><Point X="190.99998474121094" Y="189"/><Point X="192" Y="189"/><Point X="194" Y="189"/><Point X="196" Y="189"/><Point X="199" Y="189"/><Point X="205" Y="189"/><Point X="210.99998474121094" Y="189"/><Point X="217" Y="189"/><Point X="225" Y="189"/><Point X="233" Y="190"/><Point X="236.99998474121094" Y="191"/><Point X="244" Y="193"/><Point X="248" Y="193"/><Point X="253" Y="193"/><Point X="256" Y="193"/><Point X="260" Y="193"/><Point X="263" Y="193"/><Point X="266" Y="193"/><Point X="268" Y="193"/><Point X="270" Y="193"/><Point X="273" Y="192"/><Point X="276" Y="191"/><Point X="280" Y="188"/><Point X="285" Y="186"/><Point X="289" Y="184"/><Point X="292" Y="182"/><Point X="295" Y="181"/><Point X="298" Y="178"/><Point X="299" Y="177"/><Point X="300" Y="177"/><Point X="301" Y="177"/><Point X="299" Y="179"/><Point X="297" Y="180"/><Point X="293" Y="184"/><Point X="290" Y="187"/><Point X="288" Y="189"/><Point X="284" Y="193"/><Point X="281" Y="197"/><Point X="279" Y="202"/><Point X="274" Y="208"/><Point X="271" Y="214"/><Point X="267" Y="226.99998474121094"/><Point X="263" Y="233.99998474121094"/><Point X="262" Y="238"/><Point X="261" Y="240.00001525878906"/><Point X="259" Y="245"/><Point X="258" Y="246.99998474121094"/><Point X="256" Y="251"/><Point X="254" Y="255"/><Point X="253" Y="258"/><Point X="252" Y="263"/><Point X="251" Y="266"/><Point X="250" Y="268"/><Point X="249" Y="272"/><Point X="248" Y="274"/><Point X="247" Y="277"/><Point X="245" Y="281"/><Point X="244" Y="281"/><Point X="244" Y="282"/><Point X="244" Y="283"/><Point X="244" Y="284"/><Point X="244" Y="285"/><Point X="243" Y="285"/></Gesture>