<?xml version="1.0" encoding="utf-8"?>
<Gesture Name="arrow10"><Point X="121" Y="295"/><Point X="123" Y="293"/><Point X="127" Y="291"/><Point X="129" Y="290"/><Point X="132.00003051757813" Y="289"/><Point X="135" Y="287"/><Point X="138" Y="285"/><Point X="142" Y="283"/><Point X="145" Y="281"/><Point X="149" Y="279"/><Point X="153" Y="277"/><Point X="157.00001525878906" Y="274"/><Point X="161.00001525878906" Y="272"/><Point X="165.99998474121094" Y="270"/><Point X="171" Y="267"/><Point X="176" Y="263"/><Point X="182.00001525878906" Y="260"/><Point X="186.99998474121094" Y="256"/><Point X="194" Y="251"/><Point X="200" Y="246.99998474121094"/><Point X="204" Y="243.00001525878906"/><Point X="210.99998474121094" Y="239"/><Point X="215.00001525878906" Y="236"/><Point X="220" Y="232"/><Point X="226" Y="226.99998474121094"/><Point X="231" Y="224"/><Point X="234.99998474121094" Y="220"/><Point X="242" Y="217"/><Point X="246" Y="215"/><Point X="251" Y="213"/><Point X="255" Y="210"/><Point X="260" Y="208"/><Point X="262" Y="206"/><Point X="266" Y="204"/><Point X="269" Y="203"/><Point X="272" Y="201"/><Point X="274" Y="199"/><Point X="279" Y="197"/><Point X="282" Y="196"/><Point X="285" Y="196"/><Point X="287" Y="195"/><Point X="288" Y="194"/><Point X="289" Y="193"/><Point X="290" Y="192"/><Point X="291" Y="192"/><Point X="290" Y="192"/><Point X="289" Y="192"/><Point X="288" Y="192"/><Point X="287" Y="192"/><Point X="285" Y="192"/><Point X="284" Y="192"/><Point X="283" Y="192"/><Point X="281" Y="192"/><Point X="280" Y="192"/><Point X="277" Y="192"/><Point X="276" Y="192"/><Point X="274" Y="192"/><Point X="270" Y="192"/><Point X="266" Y="192"/><Point X="263" Y="192"/><Point X="257" Y="192"/><Point X="249" Y="194"/><Point X="246" Y="195"/><Point X="241.00001525878906" Y="195"/><Point X="239.00001525878906" Y="195"/><Point X="233" Y="196"/><Point X="230" Y="196"/><Point X="227" Y="197"/><Point X="224" Y="197"/><Point X="221" Y="197"/><Point X="219" Y="197"/><Point X="215.00001525878906" Y="197"/><Point X="214.00001525878906" Y="197"/><Point X="213.00001525878906" Y="197"/><Point X="211.99998474121094" Y="197"/><Point X="209.99998474121094" Y="197"/><Point X="208.99998474121094" Y="197"/><Point X="208" Y="197"/><Point X="210.99998474121094" Y="197"/><Point X="213.00001525878906" Y="197"/><Point X="216.00001525878906" Y="197"/><Point X="220" Y="197"/><Point X="222" Y="197"/><Point X="224" Y="197"/><Point X="228" Y="197"/><Point X="230" Y="197"/><Point X="233" Y="197"/><Point X="235.99998474121094" Y="197"/><Point X="240.00001525878906" Y="197"/><Point X="245" Y="196"/><Point X="249" Y="195"/><Point X="256" Y="193"/><Point X="259" Y="193"/><Point X="264" Y="192"/><Point X="267" Y="192"/><Point X="270" Y="192"/><Point X="274" Y="192"/><Point X="277" Y="192"/><Point X="280" Y="192"/><Point X="282" Y="192"/><Point X="285" Y="192"/><Point X="288" Y="192"/><Point X="290" Y="192"/><Point X="291" Y="192"/><Point X="292" Y="192"/><Point X="293" Y="192"/><Point X="294" Y="192"/><Point X="295" Y="192"/><Point X="296" Y="192"/><Point X="296" Y="193"/><Point X="294" Y="194"/><Point X="294" Y="195"/><Point X="293" Y="195"/><Point X="293" Y="196"/><Point X="292" Y="197"/><Point X="291" Y="198"/><Point X="289" Y="201"/><Point X="287" Y="203"/><Point X="285" Y="206"/><Point X="283" Y="212"/><Point X="282" Y="214"/><Point X="281" Y="219"/><Point X="278" Y="224"/><Point X="277" Y="226.00001525878906"/><Point X="276" Y="229"/><Point X="276" Y="230.00001525878906"/><Point X="276" Y="232"/><Point X="275" Y="232"/><Point X="275" Y="233.99998474121094"/><Point X="274" Y="235"/><Point X="273" Y="236.99998474121094"/><Point X="273" Y="238"/><Point X="273" Y="239"/><Point X="273" Y="240.00001525878906"/><Point X="273" Y="241"/><Point X="273" Y="242"/><Point X="273" Y="243.00001525878906"/><Point X="272" Y="243.00001525878906"/></Gesture>