<?xml version="1.0" encoding="utf-8"?>
<Gesture Name="arrow05"><Point X="58" Y="272"/><Point X="62" Y="268"/><Point X="68" Y="264"/><Point X="73" Y="261"/><Point X="75" Y="259"/><Point X="75" Y="257"/><Point X="76" Y="257"/><Point X="77" Y="256"/><Point X="77" Y="255"/><Point X="78" Y="255"/><Point X="78" Y="253.99998474121094"/><Point X="79" Y="253.99998474121094"/><Point X="93" Y="243.99998474121094"/><Point X="129" Y="221"/><Point X="136" Y="216"/><Point X="157.00001525878906" Y="202"/><Point X="175" Y="191"/><Point X="192.99998474121094" Y="181"/><Point X="204" Y="175"/><Point X="211.99998474121094" Y="169"/><Point X="218" Y="165"/><Point X="226" Y="159"/><Point X="230" Y="156"/><Point X="234.99998474121094" Y="153"/><Point X="239.00001525878906" Y="149"/><Point X="244" Y="147"/><Point X="248" Y="144"/><Point X="253" Y="142"/><Point X="256" Y="139"/><Point X="259" Y="137"/><Point X="261" Y="136"/><Point X="264" Y="134"/><Point X="265" Y="131"/><Point X="267" Y="131"/><Point X="267" Y="130"/><Point X="268" Y="129"/><Point X="269" Y="129"/><Point X="268" Y="129"/><Point X="267" Y="129"/><Point X="266" Y="129"/><Point X="265" Y="129"/><Point X="263" Y="129"/><Point X="262" Y="129"/><Point X="261" Y="129"/><Point X="259" Y="129"/><Point X="258" Y="129"/><Point X="257" Y="129"/><Point X="256" Y="129"/><Point X="255" Y="129"/><Point X="254" Y="129"/><Point X="253" Y="129"/><Point X="252" Y="129"/><Point X="251" Y="129"/><Point X="250" Y="129"/><Point X="249" Y="129"/><Point X="248" Y="129"/><Point X="247" Y="129"/><Point X="246" Y="129"/><Point X="245" Y="129"/><Point X="244" Y="129"/><Point X="243" Y="129"/><Point X="242" Y="129"/><Point X="241.00001525878906" Y="129"/><Point X="240.00001525878906" Y="129"/><Point X="239.00001525878906" Y="129"/><Point X="236.99998474121094" Y="129"/><Point X="234.99998474121094" Y="129"/><Point X="233.99998474121094" Y="129"/><Point X="232" Y="129"/><Point X="231" Y="129"/><Point X="229" Y="129"/><Point X="227" Y="129"/><Point X="226" Y="129"/><Point X="224" Y="129"/><Point X="223" Y="129"/><Point X="220" Y="129"/><Point X="219" Y="129"/><Point X="217" Y="129"/><Point X="215.00001525878906" Y="129"/><Point X="211.99998474121094" Y="129"/><Point X="208.99998474121094" Y="129"/><Point X="207" Y="129"/><Point X="204" Y="129"/><Point X="202" Y="129"/><Point X="201" Y="129"/><Point X="199" Y="129"/><Point X="197" Y="129"/><Point X="194" Y="129"/><Point X="192" Y="129"/><Point X="190.00001525878906" Y="129"/><Point X="188.00001525878906" Y="129"/><Point X="186.99998474121094" Y="129"/><Point X="186.00001525878906" Y="129"/><Point X="184.99998474121094" Y="130"/><Point X="184.00001525878906" Y="130"/><Point X="183" Y="130"/><Point X="182.00001525878906" Y="130"/><Point X="182.00001525878906" Y="131"/><Point X="181" Y="131"/><Point X="180" Y="131"/><Point X="179" Y="131"/><Point X="178" Y="131"/><Point X="181" Y="131"/><Point X="184.00001525878906" Y="132"/><Point X="188.99998474121094" Y="133"/><Point X="192" Y="133"/><Point X="194" Y="133"/><Point X="198" Y="133"/><Point X="199" Y="133"/><Point X="201" Y="133"/><Point X="202" Y="133"/><Point X="203" Y="133"/><Point X="204" Y="133"/><Point X="205" Y="133"/><Point X="206" Y="133"/><Point X="207" Y="133"/><Point X="208.99998474121094" Y="132"/><Point X="211.99998474121094" Y="130"/><Point X="214.00001525878906" Y="129"/><Point X="216.00001525878906" Y="129"/><Point X="220" Y="128"/><Point X="222" Y="126.99999237060547"/><Point X="225" Y="126"/><Point X="228" Y="126"/><Point X="231" Y="126"/><Point X="233" Y="125.00000762939453"/><Point X="235.99998474121094" Y="125.00000762939453"/><Point X="239.00001525878906" Y="125.00000762939453"/><Point X="241.00001525878906" Y="125.00000762939453"/><Point X="243" Y="125.00000762939453"/><Point X="245" Y="125.00000762939453"/><Point X="248" Y="124"/><Point X="250" Y="124"/><Point X="253" Y="124"/><Point X="256" Y="124"/><Point X="258" Y="124"/><Point X="262" Y="121.99999237060547"/><Point X="263" Y="121.99999237060547"/><Point X="265" Y="121.99999237060547"/><Point X="266" Y="121.99999237060547"/><Point X="267" Y="121.99999237060547"/><Point X="267" Y="123"/><Point X="267" Y="124"/><Point X="267" Y="125.00000762939453"/><Point X="267" Y="126"/><Point X="267" Y="126.99999237060547"/><Point X="267" Y="128"/><Point X="267" Y="129"/><Point X="267" Y="130"/><Point X="267" Y="132"/><Point X="267" Y="133"/><Point X="267" Y="134"/><Point X="267" Y="135"/><Point X="268" Y="136"/><Point X="269" Y="137"/><Point X="269" Y="138"/><Point X="269" Y="139"/><Point X="270" Y="140"/><Point X="271" Y="141"/><Point X="272" Y="142"/><Point X="276" Y="148"/><Point X="281" Y="157"/><Point X="284" Y="166"/><Point X="289" Y="177"/><Point X="291" Y="186"/><Point X="294" Y="193"/><Point X="298" Y="202"/><Point X="301" Y="216"/><Point X="302" Y="225"/><Point X="303" Y="231"/><Point X="303" Y="233.99998474121094"/><Point X="304" Y="236"/><Point X="304" Y="238"/><Point X="304" Y="239"/><Point X="304" Y="240.00001525878906"/><Point X="304" Y="241"/><Point X="304" Y="242"/></Gesture>