<?xml version="1.0" encoding="utf-8"?>
<Gesture Name="arrow07"><Point X="100" Y="305"/><Point X="101" Y="305"/><Point X="103" Y="305"/><Point X="105" Y="303"/><Point X="106" Y="302"/><Point X="108" Y="301"/><Point X="109" Y="300"/><Point X="112" Y="298"/><Point X="114" Y="296"/><Point X="119" Y="293"/><Point X="122" Y="291"/><Point X="124" Y="291"/><Point X="125" Y="290"/><Point X="127" Y="289"/><Point X="129" Y="288"/><Point X="131" Y="287"/><Point X="132.00003051757813" Y="286"/><Point X="134" Y="285"/><Point X="136" Y="284"/><Point X="138" Y="283"/><Point X="139" Y="282"/><Point X="142" Y="280"/><Point X="144" Y="279"/><Point X="146" Y="278"/><Point X="148" Y="276"/><Point X="149" Y="275"/><Point X="153" Y="273"/><Point X="154" Y="271"/><Point X="157.00001525878906" Y="269"/><Point X="161.99998474121094" Y="267"/><Point X="165.00001525878906" Y="265"/><Point X="167.99998474121094" Y="263"/><Point X="173" Y="261"/><Point X="177" Y="258"/><Point X="182.00001525878906" Y="255"/><Point X="186.00001525878906" Y="253.00001525878906"/><Point X="188.99998474121094" Y="251"/><Point X="192" Y="249"/><Point X="194" Y="246.99998474121094"/><Point X="197" Y="245"/><Point X="200" Y="243.99998474121094"/><Point X="203" Y="241"/><Point X="205" Y="239"/><Point X="208.99998474121094" Y="236"/><Point X="213.00001525878906" Y="233.99998474121094"/><Point X="215.00001525878906" Y="231"/><Point X="219" Y="229"/><Point X="222" Y="226.99998474121094"/><Point X="224" Y="226.00001525878906"/><Point X="228" Y="223"/><Point X="230" Y="222"/><Point X="232" Y="221"/><Point X="233.99998474121094" Y="221"/><Point X="235.99998474121094" Y="220"/><Point X="238.00001525878906" Y="219"/><Point X="239.00001525878906" Y="218"/><Point X="241.00001525878906" Y="217"/><Point X="244" Y="215"/><Point X="247" Y="213"/><Point X="248" Y="212"/><Point X="252" Y="210"/><Point X="253" Y="210"/><Point X="256" Y="208"/><Point X="258" Y="207"/><Point X="261" Y="204"/><Point X="263" Y="204"/><Point X="265" Y="202"/><Point X="269" Y="201"/><Point X="270" Y="200"/><Point X="271" Y="200"/><Point X="272" Y="199"/><Point X="273" Y="199"/><Point X="272" Y="198"/><Point X="270" Y="198"/><Point X="269" Y="198"/><Point X="266" Y="198"/><Point X="265" Y="198"/><Point X="263" Y="198"/><Point X="262" Y="198"/><Point X="260" Y="198"/><Point X="259" Y="198"/><Point X="258" Y="198"/><Point X="257" Y="198"/><Point X="256" Y="198"/><Point X="255" Y="198"/><Point X="253" Y="198"/><Point X="252" Y="198"/><Point X="251" Y="198"/><Point X="249" Y="198"/><Point X="248" Y="198"/><Point X="245" Y="198"/><Point X="244" Y="198"/><Point X="242" Y="198"/><Point X="241.00001525878906" Y="198"/><Point X="239.00001525878906" Y="198"/><Point X="236.99998474121094" Y="198"/><Point X="235.99998474121094" Y="198"/><Point X="231" Y="197"/><Point X="228" Y="196"/><Point X="227" Y="196"/><Point X="224" Y="196"/><Point X="222" Y="196"/><Point X="221" Y="196"/><Point X="219" Y="196"/><Point X="218" Y="196"/><Point X="216.00001525878906" Y="196"/><Point X="215.00001525878906" Y="196"/><Point X="214.00001525878906" Y="196"/><Point X="211.99998474121094" Y="196"/><Point X="209.99998474121094" Y="196"/><Point X="208.99998474121094" Y="196"/><Point X="208" Y="196"/><Point X="207" Y="196"/><Point X="206" Y="196"/><Point X="205" Y="196"/><Point X="204" Y="196"/><Point X="202" Y="196"/><Point X="204" Y="196"/><Point X="205" Y="196"/><Point X="206" Y="196"/><Point X="207" Y="196"/><Point X="208" Y="196"/><Point X="208.99998474121094" Y="196"/><Point X="209.99998474121094" Y="196"/><Point X="210.99998474121094" Y="196"/><Point X="213.00001525878906" Y="196"/><Point X="214.00001525878906" Y="196"/><Point X="215.00001525878906" Y="196"/><Point X="216.00001525878906" Y="196"/><Point X="217" Y="196"/><Point X="218" Y="196"/><Point X="219" Y="196"/><Point X="220" Y="196"/><Point X="221" Y="196"/><Point X="223" Y="196"/><Point X="223" Y="198"/><Point X="225" Y="198"/><Point X="227" Y="198"/><Point X="229" Y="198"/><Point X="230" Y="198"/><Point X="232" Y="198"/><Point X="233.99998474121094" Y="198"/><Point X="234.99998474121094" Y="198"/><Point X="236.99998474121094" Y="198"/><Point X="238.00001525878906" Y="198"/><Point X="240.00001525878906" Y="199"/><Point X="242" Y="199"/><Point X="244" Y="199"/><Point X="245" Y="199"/><Point X="248" Y="199"/><Point X="251" Y="200"/><Point X="254" Y="200"/><Point X="255" Y="200"/><Point X="257" Y="200"/><Point X="259" Y="201"/><Point X="261" Y="201"/><Point X="263" Y="201"/><Point X="267" Y="201"/><Point X="268" Y="201"/><Point X="269" Y="201"/><Point X="271" Y="201"/><Point X="272" Y="201"/><Point X="273" Y="201"/><Point X="273" Y="202"/><Point X="273" Y="204"/><Point X="272" Y="205"/><Point X="272" Y="206"/><Point X="271" Y="207"/><Point X="270" Y="210"/><Point X="270" Y="211"/><Point X="270" Y="213"/><Point X="269" Y="215"/><Point X="267" Y="219"/><Point X="266" Y="221"/><Point X="265" Y="226.99998474121094"/><Point X="264" Y="230.00001525878906"/><Point X="264" Y="233.00001525878906"/><Point X="263" Y="236"/><Point X="262" Y="239"/><Point X="261" Y="240.00001525878906"/><Point X="261" Y="241"/><Point X="259" Y="242"/><Point X="259" Y="243.00001525878906"/><Point X="259" Y="243.99998474121094"/><Point X="259" Y="245"/><Point X="258" Y="246"/><Point X="257" Y="248"/><Point X="256" Y="250.00001525878906"/><Point X="255" Y="253.00001525878906"/><Point X="254" Y="256"/><Point X="253" Y="259"/><Point X="251" Y="261"/><Point X="251" Y="262"/><Point X="250" Y="263"/><Point X="250" Y="264"/><Point X="250" Y="265"/><Point X="250" Y="266"/></Gesture>