<?xml version="1.0" encoding="utf-8"?>
<Gesture Name="caret05"><Point X="110" Y="286"/><Point X="110" Y="284"/><Point X="112" Y="283"/><Point X="113" Y="281"/><Point X="114" Y="280"/><Point X="115" Y="279"/><Point X="115" Y="278"/><Point X="116" Y="276"/><Point X="119" Y="272"/><Point X="120" Y="269"/><Point X="122" Y="266"/><Point X="125" Y="261"/><Point X="127" Y="259"/><Point X="127" Y="257"/><Point X="128" Y="256"/><Point X="129" Y="255"/><Point X="130" Y="253.00001525878906"/><Point X="130" Y="252"/><Point X="131" Y="252"/><Point X="133" Y="250.00001525878906"/><Point X="135" Y="248"/><Point X="137" Y="243.99998474121094"/><Point X="138" Y="242"/><Point X="141" Y="239"/><Point X="142.99996948242188" Y="233.99998474121094"/><Point X="145" Y="230.00001525878906"/><Point X="147" Y="225"/><Point X="148" Y="223"/><Point X="150" Y="221"/><Point X="151" Y="219"/><Point X="152" Y="217"/><Point X="153" Y="215"/><Point X="154" Y="214"/><Point X="154" Y="213"/><Point X="155" Y="212"/><Point X="157.00001525878906" Y="210"/><Point X="159.00001525878906" Y="208"/><Point X="161.00001525878906" Y="205"/><Point X="161.99998474121094" Y="202"/><Point X="167" Y="194"/><Point X="167.99998474121094" Y="189"/><Point X="169" Y="187"/><Point X="170" Y="183"/><Point X="171" Y="181"/><Point X="171" Y="180"/><Point X="172" Y="179"/><Point X="172" Y="178"/><Point X="172" Y="177"/><Point X="172" Y="175"/><Point X="173" Y="175"/><Point X="174" Y="174"/><Point X="174" Y="173"/><Point X="175" Y="173"/><Point X="175" Y="172"/><Point X="176" Y="172"/><Point X="177" Y="172"/><Point X="178" Y="172"/><Point X="179" Y="172"/><Point X="181" Y="172"/><Point X="181" Y="173"/><Point X="181" Y="174"/><Point X="182.00001525878906" Y="174"/><Point X="182.00001525878906" Y="176"/><Point X="183" Y="177"/><Point X="183" Y="178"/><Point X="184.00001525878906" Y="178"/><Point X="184.00001525878906" Y="179"/><Point X="184.00001525878906" Y="180"/><Point X="184.99998474121094" Y="183"/><Point X="186.00001525878906" Y="184"/><Point X="188.00001525878906" Y="187"/><Point X="188.99998474121094" Y="189"/><Point X="188.99998474121094" Y="193"/><Point X="190.99998474121094" Y="195"/><Point X="192.99998474121094" Y="201"/><Point X="194" Y="204"/><Point X="197" Y="208"/><Point X="198" Y="211"/><Point X="198" Y="213"/><Point X="199" Y="216"/><Point X="200" Y="221"/><Point X="201" Y="223"/><Point X="202" Y="226.00001525878906"/><Point X="203" Y="229"/><Point X="206" Y="236"/><Point X="207" Y="242"/><Point X="208.99998474121094" Y="246.99998474121094"/><Point X="210.99998474121094" Y="255"/><Point X="213.00001525878906" Y="261"/><Point X="217" Y="268"/><Point X="219" Y="277"/><Point X="221" Y="284"/><Point X="223" Y="286"/><Point X="225" Y="291"/><Point X="228" Y="296"/><Point X="230" Y="299"/><Point X="231" Y="301"/><Point X="231" Y="304"/><Point X="232" Y="305"/><Point X="233" Y="306"/><Point X="233" Y="307"/><Point X="233" Y="308"/><Point X="233" Y="309"/><Point X="233" Y="310"/><Point X="233" Y="311"/></Gesture>