<?xml version="1.0" encoding="utf-8"?>
<Gesture Name="caret03"><Point X="98" Y="286"/><Point X="103" Y="279"/><Point X="110" Y="273"/><Point X="114" Y="266"/><Point X="121" Y="259"/><Point X="126" Y="253.00001525878906"/><Point X="130" Y="246"/><Point X="133" Y="241"/><Point X="136" Y="235"/><Point X="141" Y="231"/><Point X="142" Y="228"/><Point X="144" Y="224"/><Point X="147" Y="220"/><Point X="150" Y="215"/><Point X="152" Y="212"/><Point X="154" Y="209"/><Point X="156" Y="205"/><Point X="157.00001525878906" Y="202"/><Point X="159.99998474121094" Y="200"/><Point X="161.00001525878906" Y="198"/><Point X="161.99998474121094" Y="196"/><Point X="163.00001525878906" Y="194"/><Point X="165.00001525878906" Y="192"/><Point X="165.99998474121094" Y="190"/><Point X="165.99998474121094" Y="187"/><Point X="167.99998474121094" Y="185"/><Point X="169" Y="184"/><Point X="169" Y="183"/><Point X="170" Y="182"/><Point X="170" Y="181"/><Point X="170" Y="180"/><Point X="171" Y="179"/><Point X="172" Y="179"/><Point X="172" Y="180"/><Point X="172" Y="181"/><Point X="172" Y="182"/><Point X="172" Y="183"/><Point X="172" Y="184"/><Point X="172" Y="185"/><Point X="172" Y="186"/><Point X="172" Y="188"/><Point X="172" Y="190"/><Point X="172" Y="192"/><Point X="173" Y="195"/><Point X="174" Y="199"/><Point X="176" Y="205"/><Point X="177" Y="209"/><Point X="178" Y="212"/><Point X="179" Y="217"/><Point X="179" Y="221"/><Point X="180" Y="224"/><Point X="181" Y="226.00001525878906"/><Point X="182.00001525878906" Y="229"/><Point X="183" Y="231"/><Point X="184.99998474121094" Y="235"/><Point X="184.99998474121094" Y="238"/><Point X="186.00001525878906" Y="243.00001525878906"/><Point X="186.99998474121094" Y="248"/><Point X="188.99998474121094" Y="255"/><Point X="190.00001525878906" Y="260"/><Point X="190.99998474121094" Y="263"/><Point X="192" Y="268"/><Point X="194" Y="272"/><Point X="195" Y="274"/><Point X="196" Y="277"/><Point X="197" Y="280"/><Point X="197" Y="283"/><Point X="198" Y="285"/><Point X="198" Y="286"/><Point X="198" Y="289"/><Point X="198" Y="290"/><Point X="198" Y="291"/><Point X="198" Y="292"/><Point X="198" Y="293"/></Gesture>