<?xml version="1.0" encoding="utf-8"?>
<Gesture Name="check07"><Point X="116" Y="249"/><Point X="120" Y="252"/><Point X="124" Y="258"/><Point X="128" Y="263"/><Point X="133" Y="270"/><Point X="135" Y="272"/><Point X="136" Y="276"/><Point X="137" Y="279"/><Point X="137" Y="281"/><Point X="137" Y="282"/><Point X="137" Y="283"/><Point X="137" Y="285"/><Point X="137" Y="286"/><Point X="137" Y="287"/><Point X="138" Y="287"/><Point X="142" Y="277"/><Point X="144" Y="269"/><Point X="147" Y="262"/><Point X="150" Y="253.99998474121094"/><Point X="153" Y="246"/><Point X="155" Y="240.00001525878906"/><Point X="159.00001525878906" Y="233.00001525878906"/><Point X="161.99998474121094" Y="225"/><Point X="163.99998474121094" Y="218"/><Point X="167" Y="212"/><Point X="172" Y="206"/><Point X="176" Y="198"/><Point X="184.00001525878906" Y="188"/><Point X="190.00001525878906" Y="179"/><Point X="197" Y="172"/><Point X="204" Y="163"/><Point X="211.99998474121094" Y="155"/><Point X="221" Y="148"/><Point X="228" Y="141"/><Point X="233" Y="136"/><Point X="236.99998474121094" Y="132"/><Point X="241.00001525878906" Y="131"/><Point X="243" Y="129"/><Point X="244" Y="128"/><Point X="245" Y="128"/></Gesture>