<?xml version="1.0" encoding="utf-8"?>
<Gesture Name="check08"><Point X="114" Y="242"/><Point X="116" Y="243.99998474121094"/><Point X="120" Y="248"/><Point X="124" Y="251"/><Point X="128" Y="253.99998474121094"/><Point X="131" Y="258"/><Point X="134" Y="260"/><Point X="137" Y="263"/><Point X="142" Y="268"/><Point X="146" Y="271"/><Point X="148" Y="274"/><Point X="150" Y="276"/><Point X="152" Y="278"/><Point X="154" Y="280"/><Point X="155" Y="281"/><Point X="156" Y="282"/><Point X="156" Y="283"/><Point X="156" Y="285"/><Point X="156" Y="286"/><Point X="156" Y="287"/><Point X="157.00001525878906" Y="287"/><Point X="158" Y="284"/><Point X="159.00001525878906" Y="282"/><Point X="161.00001525878906" Y="277"/><Point X="165.99998474121094" Y="270"/><Point X="169" Y="263"/><Point X="172" Y="259"/><Point X="176" Y="253.00001525878906"/><Point X="178" Y="249"/><Point X="181" Y="243.99998474121094"/><Point X="188.00001525878906" Y="236.99998474121094"/><Point X="194" Y="230.00001525878906"/><Point X="203" Y="219"/><Point X="208.99998474121094" Y="209"/><Point X="218" Y="199"/><Point X="223" Y="191"/><Point X="231" Y="182"/><Point X="239.00001525878906" Y="175"/><Point X="245" Y="167"/><Point X="250" Y="162"/><Point X="255" Y="157"/><Point X="259" Y="153"/><Point X="262" Y="149"/><Point X="264" Y="146"/><Point X="266" Y="142"/><Point X="269" Y="140"/><Point X="270" Y="139"/><Point X="271" Y="138"/></Gesture>