<?xml version="1.0" encoding="utf-8"?>
<Gesture Name="check01"><Point X="165.00001525878906" Y="306"/><Point X="165.00001525878906" Y="307"/><Point X="165.00001525878906" Y="308"/><Point X="165.00001525878906" Y="309"/><Point X="165.99998474121094" Y="309"/><Point X="165.99998474121094" Y="310"/><Point X="165.99998474121094" Y="311"/><Point X="167" Y="312"/><Point X="167.99998474121094" Y="313"/><Point X="169" Y="314"/><Point X="170" Y="314"/><Point X="171" Y="315"/><Point X="172" Y="316"/><Point X="173" Y="317"/><Point X="174" Y="318"/><Point X="174" Y="319"/><Point X="174" Y="320"/><Point X="175" Y="321"/><Point X="176" Y="323"/><Point X="176" Y="324"/><Point X="178" Y="325"/><Point X="178" Y="327"/><Point X="178" Y="328"/><Point X="179" Y="329"/><Point X="179" Y="330"/><Point X="180" Y="330"/><Point X="180" Y="332"/><Point X="180" Y="333"/><Point X="180" Y="334"/><Point X="180" Y="335"/><Point X="181" Y="335"/><Point X="181" Y="336"/><Point X="182.00001525878906" Y="337"/><Point X="182.00001525878906" Y="338"/><Point X="183" Y="339"/><Point X="184.00001525878906" Y="340"/><Point X="184.99998474121094" Y="341"/><Point X="186.00001525878906" Y="343"/><Point X="186.00001525878906" Y="344"/><Point X="186.00001525878906" Y="345"/><Point X="186.99998474121094" Y="347"/><Point X="188.00001525878906" Y="347"/><Point X="188.99998474121094" Y="347"/><Point X="190.00001525878906" Y="346"/><Point X="190.99998474121094" Y="345"/><Point X="192" Y="343"/><Point X="194" Y="342"/><Point X="195" Y="339"/><Point X="196" Y="339"/><Point X="196" Y="337"/><Point X="197" Y="337"/><Point X="198" Y="335"/><Point X="199" Y="334"/><Point X="201" Y="331"/><Point X="202" Y="330"/><Point X="202" Y="329"/><Point X="205" Y="328"/><Point X="205" Y="327"/><Point X="206" Y="326"/><Point X="207" Y="324"/><Point X="208" Y="323"/><Point X="208.99998474121094" Y="323"/><Point X="209.99998474121094" Y="321"/><Point X="210.99998474121094" Y="320"/><Point X="210.99998474121094" Y="319"/><Point X="211.99998474121094" Y="317"/><Point X="214.00001525878906" Y="316"/><Point X="216.00001525878906" Y="315"/><Point X="217" Y="313"/><Point X="219" Y="312"/><Point X="219" Y="311"/><Point X="221" Y="309"/><Point X="223" Y="308"/><Point X="225" Y="307"/><Point X="225" Y="306"/><Point X="227" Y="306"/><Point X="228" Y="305"/><Point X="228" Y="304"/><Point X="230" Y="303"/><Point X="231" Y="302"/><Point X="233" Y="301"/><Point X="234.99998474121094" Y="299"/><Point X="235.99998474121094" Y="298"/><Point X="239.00001525878906" Y="295"/><Point X="240.00001525878906" Y="295"/><Point X="240.00001525878906" Y="293"/><Point X="242" Y="292"/><Point X="243" Y="291"/><Point X="243" Y="290"/><Point X="244" Y="288"/><Point X="246" Y="286"/><Point X="247" Y="285"/><Point X="249" Y="283"/><Point X="250" Y="282"/><Point X="252" Y="278"/><Point X="253" Y="277"/><Point X="255" Y="275"/><Point X="257" Y="273"/><Point X="259" Y="271"/><Point X="259" Y="270"/><Point X="262" Y="269"/><Point X="263" Y="268"/><Point X="264" Y="267"/><Point X="265" Y="267"/><Point X="265" Y="266"/><Point X="266" Y="265"/><Point X="266" Y="264"/><Point X="267" Y="263"/></Gesture>