<?xml version="1.0" encoding="utf-8"?>
<Gesture Name="check03"><Point X="105" Y="248"/><Point X="105" Y="249"/><Point X="106" Y="252"/><Point X="107.00003051757813" Y="253.00001525878906"/><Point X="107.00003051757813" Y="256"/><Point X="107.00003051757813" Y="257"/><Point X="108" Y="258"/><Point X="108" Y="259"/><Point X="109" Y="260"/><Point X="110" Y="262"/><Point X="110" Y="263"/><Point X="112" Y="265"/><Point X="112" Y="267"/><Point X="113" Y="267"/><Point X="114" Y="269"/><Point X="115" Y="270"/><Point X="115" Y="271"/><Point X="116" Y="272"/><Point X="117" Y="273"/><Point X="117" Y="274"/><Point X="119" Y="276"/><Point X="119" Y="277"/><Point X="120" Y="279"/><Point X="121" Y="279"/><Point X="122" Y="281"/><Point X="122" Y="282"/><Point X="123" Y="285"/><Point X="124" Y="286"/><Point X="125" Y="288"/><Point X="126" Y="289"/><Point X="127" Y="292"/><Point X="128" Y="293"/><Point X="129" Y="296"/><Point X="129" Y="298"/><Point X="129" Y="301"/><Point X="130" Y="302"/><Point X="130" Y="304"/><Point X="131" Y="305"/><Point X="131" Y="307"/><Point X="131" Y="308"/><Point X="131" Y="309"/><Point X="131" Y="310"/><Point X="131" Y="311"/><Point X="131" Y="312"/><Point X="131" Y="313"/><Point X="132.00003051757813" Y="313"/><Point X="133" Y="311"/><Point X="134" Y="310"/><Point X="135" Y="308"/><Point X="136" Y="308"/><Point X="136" Y="307"/><Point X="136" Y="306"/><Point X="137" Y="306"/><Point X="137" Y="305"/><Point X="137" Y="304"/><Point X="138" Y="302"/><Point X="138" Y="301"/><Point X="139" Y="300"/><Point X="139" Y="299"/><Point X="141" Y="298"/><Point X="142" Y="297"/><Point X="142.99996948242188" Y="294"/><Point X="146" Y="291"/><Point X="150" Y="287"/><Point X="152" Y="281"/><Point X="155" Y="276"/><Point X="157.00001525878906" Y="271"/><Point X="161.00001525878906" Y="267"/><Point X="163.00001525878906" Y="262"/><Point X="165.00001525878906" Y="259"/><Point X="167" Y="257"/><Point X="170" Y="253.00001525878906"/><Point X="171" Y="249"/><Point X="173" Y="246"/><Point X="176" Y="242"/><Point X="182.00001525878906" Y="235"/><Point X="184.99998474121094" Y="228"/><Point X="188.00001525878906" Y="223"/><Point X="192.99998474121094" Y="218"/><Point X="196" Y="212"/><Point X="198" Y="209"/><Point X="200" Y="206"/><Point X="202" Y="202"/><Point X="205" Y="200"/><Point X="207" Y="198"/><Point X="210.99998474121094" Y="194"/><Point X="214.00001525878906" Y="193"/><Point X="216.00001525878906" Y="191"/><Point X="219" Y="189"/><Point X="220" Y="187"/><Point X="223" Y="185"/><Point X="225" Y="183"/><Point X="227" Y="183"/><Point X="229" Y="182"/><Point X="229" Y="181"/><Point X="230" Y="181"/><Point X="231" Y="179"/><Point X="232" Y="178"/><Point X="232" Y="177"/><Point X="233.99998474121094" Y="177"/><Point X="233.99998474121094" Y="176"/><Point X="234.99998474121094" Y="176"/><Point X="234.99998474121094" Y="175"/><Point X="235.99998474121094" Y="175"/><Point X="236.99998474121094" Y="175"/><Point X="236.99998474121094" Y="174"/><Point X="238.00001525878906" Y="174"/><Point X="238.00001525878906" Y="173"/></Gesture>