<?xml version="1.0" encoding="utf-8"?>
<Gesture Name="check06"><Point X="146" Y="248"/><Point X="146" Y="250.00001525878906"/><Point X="146" Y="251"/><Point X="146" Y="252"/><Point X="147" Y="253.99998474121094"/><Point X="147" Y="256"/><Point X="147" Y="258"/><Point X="147" Y="259"/><Point X="147" Y="260"/><Point X="147" Y="261"/><Point X="147" Y="262"/><Point X="147" Y="263"/><Point X="148" Y="264"/><Point X="148" Y="265"/><Point X="148" Y="266"/><Point X="148" Y="267"/><Point X="148" Y="268"/><Point X="149" Y="270"/><Point X="151" Y="271"/><Point X="154" Y="274"/><Point X="157.00001525878906" Y="277"/><Point X="159.00001525878906" Y="279"/><Point X="159.00001525878906" Y="281"/><Point X="161.00001525878906" Y="283"/><Point X="163.00001525878906" Y="284"/><Point X="165.00001525878906" Y="286"/><Point X="165.99998474121094" Y="288"/><Point X="167" Y="289"/><Point X="167" Y="290"/><Point X="167.99998474121094" Y="290"/><Point X="167.99998474121094" Y="291"/><Point X="170" Y="292"/><Point X="172" Y="295"/><Point X="173" Y="296"/><Point X="175" Y="298"/><Point X="176" Y="300"/><Point X="176" Y="301"/><Point X="178" Y="303"/><Point X="179" Y="304"/><Point X="179" Y="305"/><Point X="180" Y="306"/><Point X="181" Y="306"/><Point X="181" Y="307"/><Point X="181" Y="308"/><Point X="186.00001525878906" Y="301"/><Point X="190.99998474121094" Y="294"/><Point X="198" Y="283"/><Point X="204" Y="273"/><Point X="209.99998474121094" Y="266"/><Point X="215.00001525878906" Y="259"/><Point X="222" Y="246.99998474121094"/><Point X="228" Y="236"/><Point X="233.99998474121094" Y="225"/><Point X="241.00001525878906" Y="214"/><Point X="246" Y="207"/><Point X="251" Y="200"/><Point X="256" Y="194"/><Point X="261" Y="188"/><Point X="265" Y="184"/><Point X="268" Y="180"/><Point X="270" Y="177"/><Point X="271" Y="176"/><Point X="273" Y="173"/><Point X="274" Y="172"/><Point X="275" Y="172"/><Point X="276" Y="171"/><Point X="276" Y="170"/></Gesture>