<?xml version="1.0" encoding="utf-8"?>
<Gesture Name="check02"><Point X="90" Y="287"/><Point X="92" Y="289"/><Point X="93" Y="290"/><Point X="94" Y="290"/><Point X="94" Y="291"/><Point X="94" Y="293"/><Point X="96" Y="294"/><Point X="96" Y="295"/><Point X="96" Y="296"/><Point X="96" Y="297"/><Point X="96" Y="298"/><Point X="97" Y="299"/><Point X="97" Y="300"/><Point X="97" Y="301"/><Point X="98" Y="302"/><Point X="100" Y="304"/><Point X="102" Y="307"/><Point X="104" Y="308"/><Point X="104" Y="309"/><Point X="105" Y="309"/><Point X="105" Y="310"/><Point X="106" Y="311"/><Point X="106" Y="312"/><Point X="106" Y="313"/><Point X="106" Y="314"/><Point X="107.00003051757813" Y="315"/><Point X="108" Y="316"/><Point X="108" Y="317"/><Point X="109" Y="317"/><Point X="109" Y="318"/><Point X="109" Y="319"/><Point X="111" Y="321"/><Point X="111" Y="322"/><Point X="111" Y="323"/><Point X="111" Y="324"/><Point X="111" Y="325"/><Point X="111" Y="326"/><Point X="111" Y="327"/><Point X="111" Y="325"/><Point X="111" Y="324"/><Point X="112" Y="323"/><Point X="113" Y="323"/><Point X="114" Y="321"/><Point X="115" Y="319"/><Point X="116" Y="317"/><Point X="117" Y="317"/><Point X="119" Y="315"/><Point X="120" Y="313"/><Point X="123" Y="313"/><Point X="123" Y="312"/><Point X="124" Y="310"/><Point X="125" Y="310"/><Point X="126" Y="308"/><Point X="128" Y="308"/><Point X="129" Y="307"/><Point X="131" Y="306"/><Point X="132.00003051757813" Y="305"/><Point X="133" Y="303"/><Point X="135" Y="303"/><Point X="136" Y="302"/><Point X="137" Y="301"/><Point X="138" Y="301"/><Point X="138" Y="300"/><Point X="139" Y="299"/><Point X="140" Y="299"/><Point X="140" Y="298"/><Point X="141" Y="297"/><Point X="142" Y="296"/><Point X="144" Y="295"/><Point X="145" Y="295"/><Point X="146" Y="294"/><Point X="146" Y="293"/><Point X="147" Y="293"/><Point X="148" Y="292"/><Point X="150" Y="291"/><Point X="151" Y="290"/><Point X="152" Y="289"/><Point X="154" Y="288"/><Point X="155" Y="287"/><Point X="156" Y="286"/><Point X="158" Y="285"/><Point X="158" Y="284"/><Point X="159.00001525878906" Y="283"/><Point X="159.99998474121094" Y="282"/><Point X="159.99998474121094" Y="281"/><Point X="161.00001525878906" Y="281"/><Point X="161.99998474121094" Y="280"/><Point X="161.99998474121094" Y="279"/><Point X="163.99998474121094" Y="277"/><Point X="165.00001525878906" Y="276"/><Point X="165.99998474121094" Y="275"/><Point X="167" Y="275"/><Point X="167" Y="274"/><Point X="167.99998474121094" Y="273"/><Point X="169" Y="272"/><Point X="169" Y="271"/><Point X="171" Y="270"/><Point X="171" Y="269"/><Point X="172" Y="269"/><Point X="173" Y="269"/><Point X="173" Y="268"/><Point X="174" Y="267"/><Point X="175" Y="267"/><Point X="175" Y="266"/><Point X="176" Y="265"/><Point X="177" Y="265"/><Point X="178" Y="263"/><Point X="179" Y="263"/><Point X="179" Y="262"/><Point X="180" Y="262"/><Point X="181" Y="261"/><Point X="182.00001525878906" Y="260"/><Point X="182.00001525878906" Y="259"/></Gesture>