<?xml version="1.0" encoding="utf-8"?>
<Gesture Name="circle05"><Point X="210.99998474121094" Y="131"/><Point X="208.99998474121094" Y="132"/><Point X="207" Y="132"/><Point X="206" Y="133"/><Point X="204" Y="134"/><Point X="202" Y="135"/><Point X="200" Y="136"/><Point X="199" Y="136"/><Point X="199" Y="137"/><Point X="197" Y="138"/><Point X="197" Y="139"/><Point X="195" Y="140"/><Point X="192.99998474121094" Y="140"/><Point X="190.99998474121094" Y="141"/><Point X="190.00001525878906" Y="142"/><Point X="188.00001525878906" Y="143"/><Point X="186.99998474121094" Y="144"/><Point X="184.00001525878906" Y="144"/><Point X="183" Y="146"/><Point X="183" Y="147"/><Point X="182.00001525878906" Y="147"/><Point X="181" Y="148"/><Point X="180" Y="149"/><Point X="180" Y="150"/><Point X="178" Y="150"/><Point X="177" Y="151"/><Point X="177" Y="152"/><Point X="176" Y="152"/><Point X="176" Y="153"/><Point X="175" Y="153"/><Point X="175" Y="154"/><Point X="174" Y="155"/><Point X="174" Y="156"/><Point X="174" Y="157"/><Point X="174" Y="158"/><Point X="174" Y="160"/><Point X="174" Y="161"/><Point X="174" Y="162"/><Point X="174" Y="164"/><Point X="174" Y="165"/><Point X="173" Y="167"/><Point X="173" Y="169"/><Point X="173" Y="170"/><Point X="173" Y="172"/><Point X="173" Y="173"/><Point X="173" Y="176"/><Point X="173" Y="177"/><Point X="173" Y="178"/><Point X="171" Y="179"/><Point X="171" Y="180"/><Point X="171" Y="182"/><Point X="171" Y="183"/><Point X="171" Y="184"/><Point X="171" Y="185"/><Point X="171" Y="186"/><Point X="171" Y="187"/><Point X="171" Y="188"/><Point X="171" Y="189"/><Point X="171" Y="190"/><Point X="171" Y="191"/><Point X="171" Y="192"/><Point X="171" Y="193"/><Point X="171" Y="195"/><Point X="171" Y="196"/><Point X="171" Y="197"/><Point X="172" Y="197"/><Point X="172" Y="198"/><Point X="173" Y="199"/><Point X="174" Y="199"/><Point X="174" Y="200"/><Point X="174" Y="201"/><Point X="174" Y="202"/><Point X="175" Y="203"/><Point X="176" Y="204"/><Point X="176" Y="205"/><Point X="177" Y="205"/><Point X="178" Y="206"/><Point X="179" Y="207"/><Point X="180" Y="208"/><Point X="180" Y="209"/><Point X="181" Y="209"/><Point X="181" Y="210"/><Point X="182.00001525878906" Y="211"/><Point X="183" Y="211"/><Point X="184.99998474121094" Y="211"/><Point X="184.99998474121094" Y="212"/><Point X="186.00001525878906" Y="212"/><Point X="186.99998474121094" Y="212"/><Point X="188.00001525878906" Y="212"/><Point X="188.99998474121094" Y="212"/><Point X="190.00001525878906" Y="212"/><Point X="190.99998474121094" Y="213"/><Point X="192" Y="213"/><Point X="192.99998474121094" Y="213"/><Point X="192.99998474121094" Y="214"/><Point X="194" Y="214"/><Point X="195" Y="214"/><Point X="196" Y="214"/><Point X="197" Y="214"/><Point X="198" Y="214"/><Point X="199" Y="214"/><Point X="200" Y="214"/><Point X="201" Y="214"/><Point X="202" Y="214"/><Point X="203" Y="214"/><Point X="204" Y="214"/><Point X="205" Y="214"/><Point X="206" Y="214"/><Point X="208" Y="214"/><Point X="222" Y="216"/><Point X="233" Y="218"/><Point X="241.00001525878906" Y="221"/><Point X="243" Y="222"/><Point X="246" Y="222"/><Point X="247" Y="222"/><Point X="248" Y="222"/><Point X="249" Y="222"/><Point X="250" Y="222"/><Point X="252" Y="222"/><Point X="252" Y="221"/><Point X="254" Y="220"/><Point X="255" Y="216"/><Point X="257" Y="212"/><Point X="260" Y="209"/><Point X="262" Y="205"/><Point X="264" Y="201"/><Point X="266" Y="197"/><Point X="267" Y="195"/><Point X="270" Y="192"/><Point X="271" Y="189"/><Point X="272" Y="187"/><Point X="272" Y="186"/><Point X="273" Y="184"/><Point X="274" Y="183"/><Point X="275" Y="180"/><Point X="276" Y="178"/><Point X="277" Y="176"/><Point X="278" Y="175"/><Point X="280" Y="171"/><Point X="281" Y="169"/><Point X="281" Y="168"/><Point X="281" Y="167"/><Point X="281" Y="165"/><Point X="281" Y="164"/><Point X="281" Y="163"/><Point X="281" Y="162"/><Point X="281" Y="161"/><Point X="281" Y="160"/><Point X="281" Y="159"/><Point X="281" Y="158"/><Point X="281" Y="157"/><Point X="281" Y="155"/><Point X="281" Y="153"/><Point X="281" Y="151"/><Point X="280" Y="150"/><Point X="279" Y="148"/><Point X="279" Y="147"/><Point X="277" Y="145"/><Point X="276" Y="143"/><Point X="275" Y="140"/><Point X="275" Y="139"/><Point X="274" Y="138"/><Point X="273" Y="137"/><Point X="273" Y="135"/><Point X="272" Y="135"/><Point X="271" Y="134"/><Point X="270" Y="133"/><Point X="269" Y="133"/><Point X="269" Y="132"/><Point X="268" Y="131"/><Point X="267" Y="131"/><Point X="266" Y="129"/><Point X="265" Y="128"/><Point X="263" Y="128"/><Point X="262" Y="126.99999237060547"/><Point X="261" Y="126.99999237060547"/><Point X="260" Y="126.99999237060547"/><Point X="259" Y="126.99999237060547"/><Point X="258" Y="126.99999237060547"/><Point X="257" Y="126.99999237060547"/><Point X="256" Y="126.99999237060547"/><Point X="255" Y="126.99999237060547"/><Point X="254" Y="126.99999237060547"/><Point X="253" Y="126.99999237060547"/><Point X="252" Y="126.99999237060547"/><Point X="251" Y="126.99999237060547"/><Point X="250" Y="126.99999237060547"/><Point X="249" Y="126.99999237060547"/><Point X="248" Y="126.99999237060547"/><Point X="247" Y="126.99999237060547"/><Point X="246" Y="126.99999237060547"/><Point X="244" Y="126.99999237060547"/><Point X="243" Y="126.99999237060547"/><Point X="242" Y="126.99999237060547"/><Point X="241.00001525878906" Y="126.99999237060547"/><Point X="240.00001525878906" Y="126.99999237060547"/><Point X="239.00001525878906" Y="126.99999237060547"/><Point X="238.00001525878906" Y="126.99999237060547"/><Point X="236.99998474121094" Y="126.99999237060547"/><Point X="235.99998474121094" Y="126.99999237060547"/><Point X="234.99998474121094" Y="126.99999237060547"/><Point X="234.99998474121094" Y="128"/><Point X="233.99998474121094" Y="128"/><Point X="233" Y="128"/><Point X="232" Y="128"/><Point X="231" Y="128"/><Point X="230" Y="128"/><Point X="230" Y="129"/><Point X="229" Y="129"/><Point X="229" Y="130"/><Point X="228" Y="130"/><Point X="227" Y="130"/><Point X="227" Y="131"/><Point X="226" Y="131"/><Point X="225" Y="132"/><Point X="224" Y="132"/><Point X="223" Y="132"/><Point X="222" Y="132"/><Point X="222" Y="133"/><Point X="221" Y="133"/></Gesture>