<?xml version="1.0" encoding="utf-8"?>
<Gesture Name="circle01"><Point X="157.00001525878906" Y="166"/><Point X="156" Y="166"/><Point X="155" Y="166"/><Point X="154" Y="166"/><Point X="153" Y="166"/><Point X="152" Y="166"/><Point X="151" Y="166"/><Point X="150" Y="165"/><Point X="149" Y="165"/><Point X="148" Y="165"/><Point X="147" Y="164"/><Point X="146" Y="164"/><Point X="142.99996948242188" Y="163"/><Point X="142" Y="162"/><Point X="140" Y="161"/><Point X="140" Y="160"/><Point X="139" Y="160"/><Point X="138" Y="160"/><Point X="138" Y="159"/><Point X="135" Y="159"/><Point X="135" Y="158"/><Point X="133" Y="158"/><Point X="132.00003051757813" Y="158"/><Point X="131" Y="157"/><Point X="129" Y="157"/><Point X="128" Y="157"/><Point X="127" Y="157"/><Point X="125" Y="157"/><Point X="124" Y="157"/><Point X="122" Y="157"/><Point X="120" Y="157"/><Point X="119" Y="157"/><Point X="117.99996948242188" Y="157"/><Point X="115" Y="157"/><Point X="114" Y="157"/><Point X="113" Y="157"/><Point X="112" Y="157"/><Point X="111" Y="157"/><Point X="108" Y="157"/><Point X="107.00003051757813" Y="157"/><Point X="105" Y="157"/><Point X="104" Y="157"/><Point X="103" Y="158"/><Point X="102" Y="158"/><Point X="100" Y="158"/><Point X="99" Y="159"/><Point X="98" Y="159"/><Point X="98" Y="160"/><Point X="97" Y="160"/><Point X="96" Y="161"/><Point X="95" Y="162"/><Point X="93" Y="163"/><Point X="92" Y="163"/><Point X="92" Y="164"/><Point X="91" Y="164"/><Point X="90" Y="165"/><Point X="90" Y="166"/><Point X="89" Y="166"/><Point X="88" Y="167"/><Point X="87" Y="168"/><Point X="86" Y="168"/><Point X="86" Y="169"/><Point X="85" Y="170"/><Point X="84" Y="170"/><Point X="84" Y="171"/><Point X="83" Y="172"/><Point X="82" Y="173"/><Point X="82" Y="174"/><Point X="80" Y="174"/><Point X="80" Y="175"/><Point X="79" Y="176"/><Point X="78" Y="176"/><Point X="78" Y="178"/><Point X="77" Y="178"/><Point X="76" Y="180"/><Point X="75" Y="181"/><Point X="74" Y="182"/><Point X="73" Y="183"/><Point X="73" Y="184"/><Point X="72" Y="185"/><Point X="71" Y="187"/><Point X="71" Y="188"/><Point X="71" Y="190"/><Point X="70" Y="191"/><Point X="70" Y="192"/><Point X="70" Y="194"/><Point X="70" Y="195"/><Point X="70" Y="196"/><Point X="70" Y="198"/><Point X="70" Y="199"/><Point X="70" Y="202"/><Point X="70" Y="203"/><Point X="70" Y="205"/><Point X="70" Y="206"/><Point X="70" Y="207"/><Point X="70" Y="209"/><Point X="70" Y="210"/><Point X="70" Y="211"/><Point X="70" Y="212"/><Point X="70" Y="213"/><Point X="70" Y="214"/><Point X="70" Y="215"/><Point X="70" Y="216"/><Point X="70" Y="218"/><Point X="70" Y="219"/><Point X="71" Y="219"/><Point X="71" Y="220"/><Point X="71" Y="222"/><Point X="71" Y="223"/><Point X="72" Y="224"/><Point X="73" Y="224"/><Point X="73" Y="225"/><Point X="74" Y="226.00001525878906"/><Point X="75" Y="226.00001525878906"/><Point X="76" Y="226.99998474121094"/><Point X="76" Y="228"/><Point X="77" Y="229"/><Point X="77" Y="230.00001525878906"/><Point X="78" Y="230.00001525878906"/><Point X="79" Y="230.00001525878906"/><Point X="80" Y="230.00001525878906"/><Point X="81" Y="231"/><Point X="82" Y="231"/><Point X="83" Y="231"/><Point X="83" Y="232"/><Point X="85" Y="232"/><Point X="86" Y="232"/><Point X="87" Y="232"/><Point X="87" Y="233.00001525878906"/><Point X="89" Y="233.00001525878906"/><Point X="89" Y="233.99998474121094"/><Point X="90" Y="235"/><Point X="91" Y="235"/><Point X="91" Y="236"/><Point X="92" Y="236"/><Point X="93" Y="236"/><Point X="96" Y="236"/><Point X="97" Y="236"/><Point X="98" Y="236"/><Point X="100" Y="236"/><Point X="101" Y="236.99998474121094"/><Point X="103" Y="236.99998474121094"/><Point X="104" Y="236.99998474121094"/><Point X="105" Y="236.99998474121094"/><Point X="107.00003051757813" Y="236.99998474121094"/><Point X="110" Y="236.99998474121094"/><Point X="113" Y="236.99998474121094"/><Point X="115" Y="236.99998474121094"/><Point X="117.99996948242188" Y="236.99998474121094"/><Point X="121" Y="236.99998474121094"/><Point X="123" Y="236.99998474121094"/><Point X="126" Y="238"/><Point X="127" Y="238"/><Point X="128" Y="238"/><Point X="129" Y="238"/><Point X="130" Y="239"/><Point X="132.00003051757813" Y="239"/><Point X="133" Y="239"/><Point X="134" Y="239"/><Point X="135" Y="239"/><Point X="136" Y="239"/><Point X="137" Y="239"/><Point X="138" Y="239"/><Point X="139" Y="239"/><Point X="140" Y="239"/><Point X="141" Y="239"/><Point X="144" Y="239"/><Point X="146" Y="239"/><Point X="148" Y="239"/><Point X="151" Y="239"/><Point X="153" Y="239"/><Point X="154" Y="239"/><Point X="155" Y="239"/><Point X="156" Y="239"/><Point X="157.00001525878906" Y="239"/><Point X="158" Y="239"/><Point X="159.00001525878906" Y="239"/><Point X="159.99998474121094" Y="239"/><Point X="161.00001525878906" Y="239"/><Point X="161.99998474121094" Y="238"/><Point X="163.00001525878906" Y="238"/><Point X="163.99998474121094" Y="238"/><Point X="163.99998474121094" Y="236.99998474121094"/><Point X="165.00001525878906" Y="236"/><Point X="165.99998474121094" Y="235"/><Point X="167" Y="233.00001525878906"/><Point X="167.99998474121094" Y="233.00001525878906"/><Point X="167.99998474121094" Y="232"/><Point X="169" Y="231"/><Point X="171" Y="228"/><Point X="172" Y="226.00001525878906"/><Point X="173" Y="224"/><Point X="173" Y="223"/><Point X="173" Y="222"/><Point X="174" Y="222"/><Point X="175" Y="220"/><Point X="176" Y="219"/><Point X="176" Y="217"/><Point X="177" Y="217"/><Point X="178" Y="215"/><Point X="179" Y="214"/><Point X="179" Y="213"/><Point X="180" Y="211"/><Point X="180" Y="210"/><Point X="181" Y="208"/><Point X="181" Y="207"/><Point X="181" Y="206"/><Point X="181" Y="205"/><Point X="181" Y="204"/><Point X="181" Y="203"/><Point X="181" Y="202"/><Point X="181" Y="201"/><Point X="181" Y="200"/><Point X="181" Y="199"/><Point X="181" Y="198"/><Point X="181" Y="197"/><Point X="181" Y="196"/><Point X="181" Y="195"/><Point X="181" Y="193"/><Point X="181" Y="192"/><Point X="181" Y="191"/><Point X="180" Y="191"/><Point X="179" Y="190"/><Point X="179" Y="189"/><Point X="178" Y="189"/><Point X="178" Y="188"/><Point X="178" Y="187"/><Point X="177" Y="186"/><Point X="176" Y="185"/><Point X="175" Y="184"/><Point X="174" Y="183"/><Point X="174" Y="182"/><Point X="172" Y="181"/><Point X="171" Y="179"/><Point X="170" Y="179"/><Point X="169" Y="177"/><Point X="167" Y="176"/><Point X="167" Y="175"/><Point X="165.00001525878906" Y="174"/><Point X="163.99998474121094" Y="174"/><Point X="163.00001525878906" Y="174"/><Point X="163.00001525878906" Y="173"/><Point X="163.00001525878906" Y="172"/></Gesture>