<?xml version="1.0" encoding="utf-8"?>
<Gesture Name="circle06"><Point X="188.99998474121094" Y="149"/><Point X="188.00001525878906" Y="149"/><Point X="186.00001525878906" Y="150"/><Point X="183" Y="150"/><Point X="182.00001525878906" Y="151"/><Point X="180" Y="152"/><Point X="177" Y="153"/><Point X="175" Y="154"/><Point X="173" Y="154"/><Point X="172" Y="156"/><Point X="170" Y="157"/><Point X="169" Y="158"/><Point X="165.99998474121094" Y="159"/><Point X="161.99998474121094" Y="162"/><Point X="158" Y="165"/><Point X="156" Y="167"/><Point X="153" Y="169"/><Point X="150" Y="170"/><Point X="148" Y="171"/><Point X="147" Y="172"/><Point X="146" Y="173"/><Point X="145" Y="174"/><Point X="145" Y="175"/><Point X="144" Y="175"/><Point X="142.99996948242188" Y="176"/><Point X="142" Y="177"/><Point X="141" Y="177"/><Point X="140" Y="178"/><Point X="139" Y="179"/><Point X="139" Y="180"/><Point X="138" Y="182"/><Point X="137" Y="183"/><Point X="136" Y="185"/><Point X="135" Y="186"/><Point X="135" Y="189"/><Point X="135" Y="190"/><Point X="135" Y="191"/><Point X="135" Y="193"/><Point X="135" Y="195"/><Point X="135" Y="196"/><Point X="135" Y="199"/><Point X="135" Y="203"/><Point X="135" Y="206"/><Point X="135" Y="209"/><Point X="135" Y="212"/><Point X="135" Y="215"/><Point X="135" Y="217"/><Point X="136" Y="221"/><Point X="136" Y="223"/><Point X="136" Y="225"/><Point X="136" Y="226.00001525878906"/><Point X="137" Y="229"/><Point X="137" Y="231"/><Point X="138" Y="233.00001525878906"/><Point X="138" Y="235"/><Point X="139" Y="238"/><Point X="139" Y="240.00001525878906"/><Point X="140" Y="242"/><Point X="141" Y="246"/><Point X="141" Y="246.99998474121094"/><Point X="141" Y="248"/><Point X="141" Y="249"/><Point X="141" Y="250.00001525878906"/><Point X="141" Y="251"/><Point X="141" Y="252"/><Point X="141" Y="253.00001525878906"/><Point X="141" Y="253.99998474121094"/><Point X="142" Y="253.99998474121094"/><Point X="142.99996948242188" Y="255"/><Point X="144" Y="255"/><Point X="145" Y="256"/><Point X="146" Y="257"/><Point X="147" Y="257"/><Point X="148" Y="257"/><Point X="151" Y="259"/><Point X="158" Y="261"/><Point X="165.99998474121094" Y="265"/><Point X="171" Y="268"/><Point X="176" Y="271"/><Point X="180" Y="273"/><Point X="184.99998474121094" Y="275"/><Point X="188.99998474121094" Y="277"/><Point X="197" Y="280"/><Point X="200" Y="282"/><Point X="208" Y="286"/><Point X="209.99998474121094" Y="286"/><Point X="214.00001525878906" Y="287"/><Point X="215.00001525878906" Y="288"/><Point X="217" Y="290"/><Point X="219" Y="291"/><Point X="223" Y="291"/><Point X="227" Y="291"/><Point X="231" Y="291"/><Point X="233.99998474121094" Y="291"/><Point X="242" Y="288"/><Point X="248" Y="287"/><Point X="252" Y="287"/><Point X="257" Y="286"/><Point X="259" Y="285"/><Point X="262" Y="283"/><Point X="265" Y="281"/><Point X="268" Y="279"/><Point X="270" Y="277"/><Point X="274" Y="275"/><Point X="277" Y="273"/><Point X="279" Y="270"/><Point X="283" Y="266"/><Point X="286" Y="263"/><Point X="288" Y="259"/><Point X="291" Y="255"/><Point X="295" Y="250.00001525878906"/><Point X="297" Y="248"/><Point X="298" Y="245"/><Point X="299" Y="242"/><Point X="301" Y="238"/><Point X="303" Y="235"/><Point X="304" Y="232"/><Point X="305" Y="229"/><Point X="305" Y="228"/><Point X="305" Y="226.00001525878906"/><Point X="305" Y="221"/><Point X="305" Y="219"/><Point X="305" Y="214"/><Point X="305" Y="212"/><Point X="305" Y="209"/><Point X="305" Y="205"/><Point X="305" Y="203"/><Point X="305" Y="200"/><Point X="305" Y="197"/><Point X="304" Y="195"/><Point X="304" Y="194"/><Point X="304" Y="193"/><Point X="303" Y="192"/><Point X="302" Y="190"/><Point X="301" Y="188"/><Point X="300" Y="186"/><Point X="299" Y="183"/><Point X="298" Y="180"/><Point X="297" Y="176"/><Point X="296" Y="173"/><Point X="294" Y="171"/><Point X="293" Y="171"/><Point X="293" Y="170"/><Point X="292" Y="169"/><Point X="291" Y="168"/><Point X="290" Y="167"/><Point X="289" Y="165"/><Point X="288" Y="165"/><Point X="287" Y="164"/><Point X="285" Y="164"/><Point X="284" Y="164"/><Point X="283" Y="164"/><Point X="281" Y="163"/><Point X="279" Y="162"/><Point X="276" Y="162"/><Point X="274" Y="162"/><Point X="270" Y="161"/><Point X="267" Y="160"/><Point X="264" Y="158"/><Point X="261" Y="157"/><Point X="258" Y="157"/><Point X="257" Y="157"/><Point X="255" Y="157"/><Point X="253" Y="157"/><Point X="252" Y="157"/><Point X="251" Y="157"/><Point X="250" Y="157"/><Point X="247" Y="157"/><Point X="246" Y="157"/><Point X="244" Y="157"/><Point X="242" Y="157"/><Point X="240.00001525878906" Y="157"/><Point X="238.00001525878906" Y="157"/><Point X="236.99998474121094" Y="157"/><Point X="234.99998474121094" Y="157"/><Point X="233" Y="157"/><Point X="230" Y="157"/><Point X="228" Y="157"/><Point X="225" Y="156"/><Point X="223" Y="156"/><Point X="221" Y="156"/><Point X="218" Y="156"/><Point X="217" Y="156"/><Point X="215.00001525878906" Y="156"/><Point X="214.00001525878906" Y="156"/><Point X="213.00001525878906" Y="156"/><Point X="210.99998474121094" Y="156"/><Point X="209.99998474121094" Y="156"/><Point X="208.99998474121094" Y="156"/><Point X="208" Y="156"/><Point X="207" Y="156"/><Point X="205" Y="156"/><Point X="203" Y="156"/><Point X="202" Y="156"/><Point X="201" Y="156"/><Point X="200" Y="156"/><Point X="198" Y="156"/></Gesture>