<?xml version="1.0" encoding="utf-8"?>
<Gesture Name="delete_mark09"><Point X="122" Y="160"/><Point X="125" Y="164"/><Point X="128" Y="171"/><Point X="134" Y="176"/><Point X="138" Y="183"/><Point X="144" Y="191"/><Point X="148" Y="196"/><Point X="152" Y="203"/><Point X="156" Y="209"/><Point X="159.99998474121094" Y="215"/><Point X="163.00001525878906" Y="220"/><Point X="167" Y="226.00001525878906"/><Point X="170" Y="231"/><Point X="174" Y="238"/><Point X="182.00001525878906" Y="246.99998474121094"/><Point X="186.00001525878906" Y="251"/><Point X="190.00001525878906" Y="255"/><Point X="192.99998474121094" Y="259"/><Point X="197" Y="262"/><Point X="200" Y="265"/><Point X="203" Y="270"/><Point X="207" Y="274"/><Point X="209.99998474121094" Y="279"/><Point X="213.00001525878906" Y="282"/><Point X="216.00001525878906" Y="285"/><Point X="218" Y="289"/><Point X="219" Y="290"/><Point X="220" Y="292"/><Point X="221" Y="292"/><Point X="221" Y="293"/><Point X="221" Y="294"/><Point X="221" Y="295"/><Point X="221" Y="296"/><Point X="217" Y="296"/><Point X="211.99998474121094" Y="295"/><Point X="203" Y="292"/><Point X="194" Y="291"/><Point X="184.99998474121094" Y="291"/><Point X="177" Y="291"/><Point X="170" Y="291"/><Point X="163.00001525878906" Y="291"/><Point X="157.00001525878906" Y="291"/><Point X="150" Y="291"/><Point X="142" Y="291"/><Point X="138" Y="291"/><Point X="134" Y="291"/><Point X="131" Y="291"/><Point X="127" Y="291"/><Point X="125" Y="291"/><Point X="124" Y="291"/><Point X="122" Y="291"/><Point X="120" Y="291"/><Point X="117.99996948242188" Y="291"/><Point X="117" Y="291"/><Point X="115" Y="291"/><Point X="114" Y="291"/><Point X="112" Y="291"/><Point X="111" Y="291"/><Point X="110" Y="291"/><Point X="109" Y="291"/><Point X="108" Y="291"/><Point X="108" Y="290"/><Point X="112" Y="286"/><Point X="117" Y="282"/><Point X="126" Y="275"/><Point X="134" Y="267"/><Point X="141" Y="259"/><Point X="149" Y="251"/><Point X="161.00001525878906" Y="235"/><Point X="171" Y="220"/><Point X="177" Y="212"/><Point X="184.00001525878906" Y="202"/><Point X="186.99998474121094" Y="196"/><Point X="190.00001525878906" Y="192"/><Point X="196" Y="185"/><Point X="200" Y="179"/><Point X="205" Y="174"/><Point X="207" Y="170"/><Point X="208.99998474121094" Y="167"/><Point X="210.99998474121094" Y="165"/><Point X="211.99998474121094" Y="163"/><Point X="213.00001525878906" Y="163"/><Point X="214.00001525878906" Y="161"/><Point X="215.00001525878906" Y="160"/><Point X="216.00001525878906" Y="159"/><Point X="217" Y="158"/><Point X="218" Y="158"/><Point X="218" Y="157"/><Point X="219" Y="157"/></Gesture>