<?xml version="1.0" encoding="utf-8"?>
<Gesture Name="delete_mark10"><Point X="84" Y="164"/><Point X="89" Y="170"/><Point X="94" Y="180"/><Point X="99" Y="185"/><Point X="102" Y="192"/><Point X="105" Y="196"/><Point X="109" Y="200"/><Point X="113" Y="204"/><Point X="117" Y="209"/><Point X="122" Y="215"/><Point X="127" Y="224"/><Point X="131" Y="230.00001525878906"/><Point X="133" Y="236"/><Point X="135" Y="240.00001525878906"/><Point X="137" Y="243.00001525878906"/><Point X="139" Y="246"/><Point X="141" Y="249"/><Point X="142.99996948242188" Y="252"/><Point X="145" Y="256"/><Point X="148" Y="263"/><Point X="154" Y="268"/><Point X="159.00001525878906" Y="275"/><Point X="163.00001525878906" Y="279"/><Point X="165.00001525878906" Y="282"/><Point X="167" Y="285"/><Point X="169" Y="287"/><Point X="170" Y="289"/><Point X="171" Y="290"/><Point X="172" Y="292"/><Point X="173" Y="293"/><Point X="174" Y="294"/><Point X="174" Y="295"/><Point X="175" Y="295"/><Point X="167.99998474121094" Y="295"/><Point X="157.00001525878906" Y="295"/><Point X="145" Y="295"/><Point X="136" Y="295"/><Point X="127" Y="295"/><Point X="120" Y="295"/><Point X="114" Y="295"/><Point X="110" Y="295"/><Point X="107.00003051757813" Y="295"/><Point X="104" Y="295"/><Point X="102" Y="295"/><Point X="99" Y="295"/><Point X="96" Y="295"/><Point X="95" Y="295"/><Point X="93" Y="295"/><Point X="92" Y="295"/><Point X="91" Y="295"/><Point X="89" Y="295"/><Point X="88" Y="295"/><Point X="86" Y="295"/><Point X="84" Y="295"/><Point X="83" Y="295"/><Point X="80" Y="295"/><Point X="77" Y="295"/><Point X="75" Y="295"/><Point X="73" Y="295"/><Point X="71" Y="295"/><Point X="70" Y="295"/><Point X="69" Y="295"/><Point X="68" Y="295"/><Point X="67" Y="295"/><Point X="67" Y="294"/><Point X="67" Y="293"/><Point X="68" Y="292"/><Point X="69" Y="291"/><Point X="70" Y="290"/><Point X="71" Y="289"/><Point X="72" Y="288"/><Point X="73" Y="288"/><Point X="74" Y="287"/><Point X="75" Y="286"/><Point X="77" Y="284"/><Point X="81" Y="281"/><Point X="87" Y="273"/><Point X="95" Y="265"/><Point X="102" Y="257"/><Point X="112" Y="246"/><Point X="121" Y="233.00001525878906"/><Point X="130" Y="225"/><Point X="138" Y="215"/><Point X="145" Y="206"/><Point X="151" Y="200"/><Point X="156" Y="193"/><Point X="161.00001525878906" Y="188"/><Point X="165.99998474121094" Y="180"/><Point X="169" Y="175"/><Point X="174" Y="171"/><Point X="177" Y="167"/><Point X="182.00001525878906" Y="161"/><Point X="186.00001525878906" Y="157"/><Point X="188.99998474121094" Y="152"/><Point X="192.99998474121094" Y="148"/><Point X="195" Y="146"/><Point X="196" Y="143"/><Point X="198" Y="141"/><Point X="199" Y="140"/><Point X="199" Y="139"/></Gesture>