<?xml version="1.0" encoding="utf-8"?>
<Gesture Name="delete_mark06"><Point X="192.99998474121094" Y="157"/><Point X="197" Y="161"/><Point X="204" Y="168"/><Point X="208.99998474121094" Y="173"/><Point X="214.00001525878906" Y="178"/><Point X="217" Y="181"/><Point X="218" Y="184"/><Point X="221" Y="185"/><Point X="222" Y="188"/><Point X="223" Y="189"/><Point X="223" Y="190"/><Point X="223" Y="191"/><Point X="224" Y="193"/><Point X="231" Y="204"/><Point X="236.99998474121094" Y="214"/><Point X="243" Y="222"/><Point X="248" Y="230.00001525878906"/><Point X="252" Y="236"/><Point X="255" Y="242"/><Point X="258" Y="246"/><Point X="264" Y="250.00001525878906"/><Point X="267" Y="253.99998474121094"/><Point X="269" Y="257"/><Point X="272" Y="259"/><Point X="274" Y="262"/><Point X="274" Y="264"/><Point X="275" Y="264"/><Point X="275" Y="265"/><Point X="275" Y="266"/><Point X="275" Y="267"/><Point X="276" Y="267"/><Point X="276" Y="269"/><Point X="277" Y="269"/><Point X="278" Y="269"/><Point X="279" Y="270"/><Point X="278" Y="270"/><Point X="274" Y="269"/><Point X="269" Y="268"/><Point X="261" Y="267"/><Point X="257" Y="267"/><Point X="249" Y="267"/><Point X="240.00001525878906" Y="267"/><Point X="230" Y="267"/><Point X="218" Y="267"/><Point X="207" Y="267"/><Point X="200" Y="267"/><Point X="195" Y="267"/><Point X="190.00001525878906" Y="267"/><Point X="184.99998474121094" Y="267"/><Point X="182.00001525878906" Y="267"/><Point X="180" Y="267"/><Point X="178" Y="267"/><Point X="177" Y="267"/><Point X="175" Y="267"/><Point X="174" Y="267"/><Point X="173" Y="267"/><Point X="169" Y="267"/><Point X="165.00001525878906" Y="267"/><Point X="161.00001525878906" Y="267"/><Point X="158" Y="267"/><Point X="155" Y="267"/><Point X="154" Y="267"/><Point X="151" Y="267"/><Point X="149" Y="267"/><Point X="148" Y="267"/><Point X="146" Y="267"/><Point X="145" Y="267"/><Point X="144" Y="267"/><Point X="142.99996948242188" Y="267"/><Point X="142" Y="267"/><Point X="144" Y="267"/><Point X="147" Y="266"/><Point X="149" Y="265"/><Point X="153" Y="263"/><Point X="155" Y="263"/><Point X="158" Y="262"/><Point X="159.00001525878906" Y="261"/><Point X="163.00001525878906" Y="260"/><Point X="165.00001525878906" Y="259"/><Point X="167" Y="259"/><Point X="169" Y="258"/><Point X="171" Y="258"/><Point X="172" Y="258"/><Point X="174" Y="257"/><Point X="177" Y="253.99998474121094"/><Point X="181" Y="252"/><Point X="184.99998474121094" Y="250.00001525878906"/><Point X="188.00001525878906" Y="249"/><Point X="197" Y="243.99998474121094"/><Point X="202" Y="241"/><Point X="209.99998474121094" Y="236"/><Point X="218" Y="231"/><Point X="222" Y="228"/><Point X="229" Y="225"/><Point X="235.99998474121094" Y="219"/><Point X="245" Y="213"/><Point X="256" Y="206"/><Point X="268" Y="197"/><Point X="277" Y="191"/><Point X="284" Y="185"/><Point X="293" Y="178"/><Point X="298" Y="171"/><Point X="305" Y="166"/><Point X="308" Y="160"/><Point X="314" Y="157"/><Point X="316" Y="156"/><Point X="318" Y="154"/><Point X="320" Y="151"/><Point X="322" Y="151"/><Point X="323" Y="150"/><Point X="323" Y="149"/></Gesture>