<?xml version="1.0" encoding="utf-8"?>
<Gesture Name="delete_mark07"><Point X="145" Y="145"/><Point X="145" Y="146"/><Point X="146" Y="148"/><Point X="147" Y="150"/><Point X="149" Y="153"/><Point X="150" Y="156"/><Point X="155" Y="163"/><Point X="158" Y="170"/><Point X="161.99998474121094" Y="176"/><Point X="165.99998474121094" Y="183"/><Point X="169" Y="188"/><Point X="174" Y="194"/><Point X="179" Y="198"/><Point X="182.00001525878906" Y="202"/><Point X="186.00001525878906" Y="209"/><Point X="190.99998474121094" Y="213"/><Point X="194" Y="219"/><Point X="197" Y="226.00001525878906"/><Point X="201" Y="230.00001525878906"/><Point X="204" Y="233.99998474121094"/><Point X="207" Y="241"/><Point X="211.99998474121094" Y="245"/><Point X="213.00001525878906" Y="248"/><Point X="216.00001525878906" Y="252"/><Point X="220" Y="255"/><Point X="223" Y="259"/><Point X="226" Y="262"/><Point X="228" Y="264"/><Point X="230" Y="268"/><Point X="231" Y="270"/><Point X="232" Y="270"/><Point X="232" Y="271"/><Point X="232" Y="272"/><Point X="232" Y="273"/><Point X="232" Y="274"/><Point X="232" Y="275"/><Point X="233" Y="275"/><Point X="233.99998474121094" Y="276"/><Point X="238.00001525878906" Y="280"/><Point X="242" Y="287"/><Point X="248" Y="294"/><Point X="251" Y="299"/><Point X="253" Y="302"/><Point X="254" Y="304"/><Point X="255" Y="305"/><Point X="255" Y="306"/><Point X="255" Y="307"/><Point X="255" Y="308"/><Point X="254" Y="308"/><Point X="248" Y="306"/><Point X="243" Y="304"/><Point X="234.99998474121094" Y="302"/><Point X="227" Y="298"/><Point X="222" Y="297"/><Point X="216.00001525878906" Y="296"/><Point X="211.99998474121094" Y="296"/><Point X="207" Y="296"/><Point X="200" Y="295"/><Point X="190.99998474121094" Y="294"/><Point X="184.00001525878906" Y="294"/><Point X="175" Y="293"/><Point X="170" Y="293"/><Point X="163.99998474121094" Y="293"/><Point X="159.00001525878906" Y="293"/><Point X="154" Y="293"/><Point X="150" Y="293"/><Point X="144" Y="293"/><Point X="138" Y="293"/><Point X="133" Y="293"/><Point X="127" Y="293"/><Point X="124" Y="293"/><Point X="121" Y="293"/><Point X="117.99996948242188" Y="293"/><Point X="115" Y="293"/><Point X="114" Y="293"/><Point X="113" Y="293"/><Point X="112" Y="293"/><Point X="111" Y="293"/><Point X="110" Y="293"/><Point X="109" Y="293"/><Point X="109" Y="292"/><Point X="109" Y="291"/><Point X="109" Y="289"/><Point X="109" Y="288"/><Point X="109" Y="287"/><Point X="110" Y="286"/><Point X="111" Y="286"/><Point X="114" Y="285"/><Point X="115" Y="282"/><Point X="117.99996948242188" Y="281"/><Point X="123" Y="278"/><Point X="127" Y="272"/><Point X="134" Y="265"/><Point X="138" Y="258"/><Point X="144" Y="253.99998474121094"/><Point X="148" Y="249"/><Point X="151" Y="245"/><Point X="155" Y="241"/><Point X="158" Y="235"/><Point X="161.99998474121094" Y="231"/><Point X="167" Y="226.00001525878906"/><Point X="171" Y="221"/><Point X="178" Y="214"/><Point X="184.99998474121094" Y="207"/><Point X="190.99998474121094" Y="198"/><Point X="198" Y="190"/><Point X="204" Y="183"/><Point X="211.99998474121094" Y="173"/><Point X="218" Y="165"/><Point X="225" Y="157"/><Point X="230" Y="151"/><Point X="235.99998474121094" Y="143"/><Point X="239.00001525878906" Y="139"/><Point X="241.00001525878906" Y="136"/><Point X="245" Y="132"/><Point X="248" Y="130"/><Point X="250" Y="128"/><Point X="250" Y="126.99999237060547"/><Point X="252" Y="125.00000762939453"/><Point X="253" Y="124"/></Gesture>