<?xml version="1.0" encoding="utf-8"?>
<Gesture Name="delete_mark03"><Point X="144" Y="178"/><Point X="144" Y="179"/><Point X="144" Y="180"/><Point X="145" Y="181"/><Point X="145" Y="182"/><Point X="145" Y="183"/><Point X="145" Y="184"/><Point X="145" Y="185"/><Point X="145" Y="186"/><Point X="147" Y="187"/><Point X="148" Y="191"/><Point X="150" Y="193"/><Point X="153" Y="195"/><Point X="153" Y="196"/><Point X="154" Y="197"/><Point X="154" Y="198"/><Point X="154" Y="199"/><Point X="154" Y="200"/><Point X="155" Y="200"/><Point X="155" Y="201"/><Point X="157.00001525878906" Y="202"/><Point X="161.99998474121094" Y="207"/><Point X="163.99998474121094" Y="210"/><Point X="165.00001525878906" Y="212"/><Point X="165.99998474121094" Y="213"/><Point X="167" Y="214"/><Point X="167" Y="216"/><Point X="169" Y="217"/><Point X="169" Y="218"/><Point X="171" Y="219"/><Point X="173" Y="222"/><Point X="175" Y="226.00001525878906"/><Point X="179" Y="228"/><Point X="181" Y="231"/><Point X="184.00001525878906" Y="235"/><Point X="186.00001525878906" Y="236.99998474121094"/><Point X="188.00001525878906" Y="240.00001525878906"/><Point X="190.00001525878906" Y="245"/><Point X="192" Y="246.99998474121094"/><Point X="192.99998474121094" Y="251"/><Point X="196" Y="253.00001525878906"/><Point X="197" Y="255"/><Point X="197" Y="256"/><Point X="198" Y="259"/><Point X="199" Y="260"/><Point X="200" Y="262"/><Point X="200" Y="263"/><Point X="201" Y="265"/><Point X="201" Y="267"/><Point X="203" Y="269"/><Point X="204" Y="270"/><Point X="205" Y="272"/><Point X="207" Y="274"/><Point X="208.99998474121094" Y="276"/><Point X="210.99998474121094" Y="278"/><Point X="213.00001525878906" Y="280"/><Point X="215.00001525878906" Y="281"/><Point X="217" Y="282"/><Point X="219" Y="284"/><Point X="220" Y="285"/><Point X="222" Y="287"/><Point X="223" Y="289"/><Point X="224" Y="290"/><Point X="225" Y="292"/><Point X="225" Y="293"/><Point X="225" Y="294"/><Point X="226" Y="295"/><Point X="226" Y="296"/><Point X="226" Y="297"/><Point X="227" Y="299"/><Point X="228" Y="300"/><Point X="228" Y="301"/><Point X="228" Y="302"/><Point X="227" Y="302"/><Point X="226" Y="302"/><Point X="224" Y="302"/><Point X="223" Y="302"/><Point X="222" Y="302"/><Point X="221" Y="302"/><Point X="219" Y="302"/><Point X="217" Y="302"/><Point X="215.00001525878906" Y="302"/><Point X="214.00001525878906" Y="302"/><Point X="211.99998474121094" Y="302"/><Point X="208.99998474121094" Y="302"/><Point X="207" Y="302"/><Point X="204" Y="302"/><Point X="201" Y="302"/><Point X="198" Y="302"/><Point X="196" Y="302"/><Point X="194" Y="302"/><Point X="192.99998474121094" Y="302"/><Point X="192" Y="302"/><Point X="190.99998474121094" Y="302"/><Point X="190.00001525878906" Y="302"/><Point X="188.99998474121094" Y="302"/><Point X="186.99998474121094" Y="302"/><Point X="186.00001525878906" Y="302"/><Point X="184.99998474121094" Y="302"/><Point X="183" Y="302"/><Point X="180" Y="302"/><Point X="177" Y="302"/><Point X="175" Y="302"/><Point X="172" Y="301"/><Point X="167.99998474121094" Y="301"/><Point X="165.00001525878906" Y="300"/><Point X="161.99998474121094" Y="299"/><Point X="159.99998474121094" Y="299"/><Point X="158" Y="299"/><Point X="157.00001525878906" Y="299"/><Point X="155" Y="299"/><Point X="154" Y="299"/><Point X="153" Y="299"/><Point X="152" Y="299"/><Point X="151" Y="299"/><Point X="150" Y="299"/><Point X="149" Y="299"/><Point X="147" Y="299"/><Point X="144" Y="299"/><Point X="141" Y="298"/><Point X="138" Y="297"/><Point X="131" Y="297"/><Point X="124" Y="297"/><Point X="121" Y="297"/><Point X="119" Y="297"/><Point X="117.99996948242188" Y="297"/><Point X="115" Y="297"/><Point X="114" Y="297"/><Point X="113" Y="297"/><Point X="112" Y="297"/><Point X="112" Y="296"/><Point X="113" Y="296"/><Point X="114" Y="295"/><Point X="114" Y="294"/><Point X="115" Y="294"/><Point X="116" Y="292"/><Point X="117" Y="292"/><Point X="117.99996948242188" Y="289"/><Point X="120" Y="287"/><Point X="120" Y="286"/><Point X="122" Y="284"/><Point X="123" Y="282"/><Point X="126" Y="280"/><Point X="129" Y="277"/><Point X="133" Y="272"/><Point X="139" Y="268"/><Point X="144" Y="261"/><Point X="151" Y="253.99998474121094"/><Point X="159.00001525878906" Y="246"/><Point X="165.99998474121094" Y="233.99998474121094"/><Point X="172" Y="226.99998474121094"/><Point X="176" Y="221"/><Point X="182.00001525878906" Y="216"/><Point X="186.00001525878906" Y="211"/><Point X="190.99998474121094" Y="207"/><Point X="195" Y="204"/><Point X="198" Y="200"/><Point X="202" Y="197"/><Point X="205" Y="194"/><Point X="208" Y="190"/><Point X="211.99998474121094" Y="186"/><Point X="215.00001525878906" Y="181"/><Point X="217" Y="179"/><Point X="218" Y="176"/><Point X="221" Y="172"/><Point X="222" Y="171"/><Point X="223" Y="169"/><Point X="224" Y="169"/><Point X="225" Y="168"/></Gesture>