<?xml version="1.0" encoding="utf-8"?>
<Gesture Name="delete_mark04"><Point X="122" Y="133"/><Point X="122" Y="134"/><Point X="122" Y="136"/><Point X="122" Y="138"/><Point X="122" Y="140"/><Point X="122" Y="142"/><Point X="122" Y="144"/><Point X="122" Y="145"/><Point X="123" Y="147"/><Point X="123" Y="148"/><Point X="123" Y="149"/><Point X="123" Y="151"/><Point X="123" Y="152"/><Point X="123" Y="153"/><Point X="123" Y="154"/><Point X="123" Y="155"/><Point X="124" Y="156"/><Point X="125" Y="158"/><Point X="126" Y="159"/><Point X="127" Y="162"/><Point X="130" Y="165"/><Point X="132.00003051757813" Y="167"/><Point X="134" Y="170"/><Point X="137" Y="175"/><Point X="140" Y="178"/><Point X="142" Y="181"/><Point X="144" Y="184"/><Point X="145" Y="186"/><Point X="146" Y="188"/><Point X="149" Y="192"/><Point X="150" Y="193"/><Point X="150" Y="195"/><Point X="153" Y="199"/><Point X="154" Y="200"/><Point X="156" Y="202"/><Point X="158" Y="203"/><Point X="159.00001525878906" Y="205"/><Point X="161.00001525878906" Y="209"/><Point X="163.00001525878906" Y="211"/><Point X="165.99998474121094" Y="214"/><Point X="167.99998474121094" Y="218"/><Point X="171" Y="220"/><Point X="173" Y="223"/><Point X="175" Y="226.00001525878906"/><Point X="177" Y="229"/><Point X="179" Y="232"/><Point X="180" Y="233.99998474121094"/><Point X="183" Y="236"/><Point X="184.00001525878906" Y="238"/><Point X="184.99998474121094" Y="240.00001525878906"/><Point X="186.00001525878906" Y="242"/><Point X="188.00001525878906" Y="245"/><Point X="188.99998474121094" Y="246"/><Point X="190.99998474121094" Y="249"/><Point X="192" Y="251"/><Point X="192.99998474121094" Y="253.00001525878906"/><Point X="194" Y="255"/><Point X="195" Y="257"/><Point X="196" Y="260"/><Point X="197" Y="261"/><Point X="198" Y="263"/><Point X="201" Y="266"/><Point X="202" Y="268"/><Point X="203" Y="271"/><Point X="204" Y="272"/><Point X="205" Y="274"/><Point X="206" Y="276"/><Point X="207" Y="278"/><Point X="208" Y="279"/><Point X="208.99998474121094" Y="279"/><Point X="208.99998474121094" Y="281"/><Point X="209.99998474121094" Y="281"/><Point X="209.99998474121094" Y="283"/><Point X="209.99998474121094" Y="284"/><Point X="208" Y="283"/><Point X="205" Y="282"/><Point X="203" Y="282"/><Point X="199" Y="282"/><Point X="198" Y="282"/><Point X="196" Y="282"/><Point X="192.99998474121094" Y="282"/><Point X="190.99998474121094" Y="282"/><Point X="188.00001525878906" Y="282"/><Point X="186.99998474121094" Y="282"/><Point X="182.00001525878906" Y="282"/><Point X="181" Y="282"/><Point X="179" Y="282"/><Point X="178" Y="282"/><Point X="174" Y="282"/><Point X="172" Y="282"/><Point X="170" Y="282"/><Point X="165.99998474121094" Y="282"/><Point X="163.99998474121094" Y="281"/><Point X="161.99998474121094" Y="281"/><Point X="159.00001525878906" Y="281"/><Point X="157.00001525878906" Y="281"/><Point X="154" Y="280"/><Point X="151" Y="280"/><Point X="148" Y="280"/><Point X="147" Y="280"/><Point X="144" Y="279"/><Point X="142" Y="279"/><Point X="141" Y="279"/><Point X="139" Y="279"/><Point X="138" Y="279"/><Point X="136" Y="279"/><Point X="135" Y="279"/><Point X="133" Y="279"/><Point X="132.00003051757813" Y="279"/><Point X="130" Y="279"/><Point X="127" Y="279"/><Point X="126" Y="279"/><Point X="123" Y="279"/><Point X="121" Y="279"/><Point X="119" Y="279"/><Point X="116" Y="279"/><Point X="114" Y="279"/><Point X="111" Y="279"/><Point X="109" Y="279"/><Point X="107.00003051757813" Y="279"/><Point X="105" Y="279"/><Point X="104" Y="279"/><Point X="102" Y="279"/><Point X="101" Y="279"/><Point X="100" Y="279"/><Point X="99" Y="279"/><Point X="98" Y="279"/><Point X="97" Y="279"/><Point X="96" Y="279"/><Point X="95" Y="279"/><Point X="94" Y="279"/><Point X="92" Y="279"/><Point X="92" Y="278"/><Point X="92" Y="277"/><Point X="92" Y="276"/><Point X="92" Y="275"/><Point X="92" Y="274"/><Point X="92" Y="273"/><Point X="92" Y="272"/><Point X="92" Y="271"/><Point X="92" Y="268"/><Point X="92" Y="267"/><Point X="92" Y="265"/><Point X="92" Y="263"/><Point X="92" Y="260"/><Point X="93" Y="259"/><Point X="93" Y="257"/><Point X="94" Y="256"/><Point X="94" Y="255"/><Point X="95" Y="253.00001525878906"/><Point X="96" Y="252"/><Point X="96" Y="251"/><Point X="97" Y="251"/><Point X="98" Y="250.00001525878906"/><Point X="98" Y="249"/><Point X="100" Y="249"/><Point X="100" Y="248"/><Point X="101" Y="246.99998474121094"/><Point X="102" Y="246"/><Point X="102" Y="245"/><Point X="103" Y="245"/><Point X="104" Y="243.99998474121094"/><Point X="104" Y="243.00001525878906"/><Point X="105" Y="243.00001525878906"/><Point X="106" Y="243.00001525878906"/><Point X="107.00003051757813" Y="242"/><Point X="108" Y="242"/><Point X="108" Y="241"/><Point X="109" Y="239"/><Point X="110" Y="239"/><Point X="111" Y="238"/><Point X="112" Y="236.99998474121094"/><Point X="114" Y="236.99998474121094"/><Point X="114" Y="236"/><Point X="116" Y="235"/><Point X="117" Y="235"/><Point X="117.99996948242188" Y="233.99998474121094"/><Point X="119" Y="233.00001525878906"/><Point X="120" Y="232"/><Point X="121" Y="231"/><Point X="122" Y="230.00001525878906"/><Point X="123" Y="228"/><Point X="125" Y="226.99998474121094"/><Point X="126" Y="224"/><Point X="129" Y="222"/><Point X="132.00003051757813" Y="220"/><Point X="134" Y="218"/><Point X="137" Y="215"/><Point X="138" Y="215"/><Point X="140" Y="213"/><Point X="141" Y="211"/><Point X="144" Y="210"/><Point X="146" Y="207"/><Point X="148" Y="206"/><Point X="150" Y="205"/><Point X="152" Y="204"/><Point X="155" Y="202"/><Point X="157.00001525878906" Y="199"/><Point X="161.00001525878906" Y="196"/><Point X="167" Y="187"/><Point X="171" Y="182"/><Point X="173" Y="179"/><Point X="175" Y="176"/><Point X="177" Y="175"/><Point X="179" Y="173"/><Point X="181" Y="172"/><Point X="183" Y="169"/><Point X="184.00001525878906" Y="169"/><Point X="186.00001525878906" Y="167"/><Point X="188.00001525878906" Y="165"/><Point X="190.00001525878906" Y="164"/><Point X="192" Y="161"/><Point X="194" Y="159"/><Point X="198" Y="157"/><Point X="200" Y="155"/><Point X="201" Y="153"/><Point X="203" Y="151"/><Point X="205" Y="149"/><Point X="206" Y="148"/><Point X="208" Y="144"/><Point X="208.99998474121094" Y="143"/><Point X="208.99998474121094" Y="141"/><Point X="210.99998474121094" Y="139"/><Point X="213.00001525878906" Y="138"/><Point X="213.00001525878906" Y="136"/><Point X="214.00001525878906" Y="135"/><Point X="215.00001525878906" Y="133"/><Point X="216.00001525878906" Y="133"/><Point X="216.00001525878906" Y="132"/><Point X="216.00001525878906" Y="131"/></Gesture>