<?xml version="1.0" encoding="utf-8"?>
<Gesture Name="delete_mark08"><Point X="101" Y="143"/><Point X="101" Y="144"/><Point X="102" Y="145"/><Point X="102" Y="146"/><Point X="103" Y="147"/><Point X="104" Y="149"/><Point X="105" Y="152"/><Point X="107.00003051757813" Y="156"/><Point X="110" Y="160"/><Point X="112" Y="163"/><Point X="114" Y="166"/><Point X="115" Y="169"/><Point X="121" Y="175"/><Point X="127" Y="182"/><Point X="135" Y="189"/><Point X="142.99996948242188" Y="197"/><Point X="151" Y="207"/><Point X="158" Y="214"/><Point X="161.99998474121094" Y="221"/><Point X="165.99998474121094" Y="224"/><Point X="167.99998474121094" Y="228"/><Point X="169" Y="230.00001525878906"/><Point X="170" Y="232"/><Point X="171" Y="233.00001525878906"/><Point X="172" Y="235"/><Point X="173" Y="235"/><Point X="173" Y="236"/><Point X="173" Y="236.99998474121094"/><Point X="173" Y="238"/><Point X="174" Y="239"/><Point X="174" Y="240.00001525878906"/><Point X="175" Y="241"/><Point X="178" Y="243.99998474121094"/><Point X="190.00001525878906" Y="255"/><Point X="203" Y="269"/><Point X="213.00001525878906" Y="278"/><Point X="220" Y="286"/><Point X="226" Y="293"/><Point X="230" Y="297"/><Point X="235.99998474121094" Y="301"/><Point X="240.00001525878906" Y="307"/><Point X="243" Y="309"/><Point X="244" Y="311"/><Point X="245" Y="312"/><Point X="246" Y="313"/><Point X="246" Y="314"/><Point X="246" Y="315"/><Point X="245" Y="315"/><Point X="243" Y="315"/><Point X="240.00001525878906" Y="314"/><Point X="236.99998474121094" Y="314"/><Point X="234.99998474121094" Y="314"/><Point X="233" Y="313"/><Point X="230" Y="312"/><Point X="228" Y="312"/><Point X="227" Y="312"/><Point X="225" Y="312"/><Point X="223" Y="312"/><Point X="222" Y="312"/><Point X="219" Y="312"/><Point X="217" Y="311"/><Point X="210.99998474121094" Y="310"/><Point X="206" Y="310"/><Point X="202" Y="310"/><Point X="198" Y="310"/><Point X="194" Y="310"/><Point X="190.99998474121094" Y="310"/><Point X="186.99998474121094" Y="310"/><Point X="184.00001525878906" Y="310"/><Point X="181" Y="310"/><Point X="178" Y="310"/><Point X="175" Y="310"/><Point X="170" Y="310"/><Point X="167" Y="310"/><Point X="163.99998474121094" Y="310"/><Point X="159.00001525878906" Y="310"/><Point X="156" Y="310"/><Point X="151" Y="310"/><Point X="147" Y="310"/><Point X="142" Y="310"/><Point X="137" Y="310"/><Point X="131" Y="310"/><Point X="125" Y="310"/><Point X="122" Y="310"/><Point X="119" Y="310"/><Point X="116" Y="310"/><Point X="113" Y="310"/><Point X="112" Y="310"/><Point X="111" Y="310"/><Point X="108" Y="311"/><Point X="106" Y="311"/><Point X="103" Y="312"/><Point X="100" Y="312"/><Point X="97" Y="314"/><Point X="95" Y="314"/><Point X="91" Y="315"/><Point X="89" Y="315"/><Point X="88" Y="315"/><Point X="87" Y="315"/><Point X="85" Y="315"/><Point X="86" Y="313"/><Point X="87" Y="312"/><Point X="88" Y="311"/><Point X="89" Y="309"/><Point X="90" Y="309"/><Point X="91" Y="308"/><Point X="92" Y="306"/><Point X="93" Y="304"/><Point X="95" Y="302"/><Point X="97" Y="299"/><Point X="101" Y="294"/><Point X="103" Y="290"/><Point X="106" Y="285"/><Point X="108" Y="283"/><Point X="110" Y="279"/><Point X="112" Y="274"/><Point X="114" Y="271"/><Point X="116" Y="268"/><Point X="119" Y="264"/><Point X="120" Y="261"/><Point X="123" Y="256"/><Point X="125" Y="253.00001525878906"/><Point X="131" Y="243.99998474121094"/><Point X="136" Y="235"/><Point X="140" Y="226.99998474121094"/><Point X="145" Y="214"/><Point X="149" Y="206"/><Point X="152" Y="198"/><Point X="155" Y="193"/><Point X="159.99998474121094" Y="186"/><Point X="161.99998474121094" Y="182"/><Point X="163.99998474121094" Y="177"/><Point X="165.99998474121094" Y="174"/><Point X="167" Y="171"/><Point X="170" Y="167"/><Point X="173" Y="163"/><Point X="173" Y="162"/><Point X="174" Y="160"/><Point X="175" Y="160"/><Point X="175" Y="159"/><Point X="176" Y="158"/><Point X="177" Y="158"/><Point X="178" Y="158"/><Point X="178" Y="157"/><Point X="179" Y="157"/><Point X="179" Y="156"/><Point X="180" Y="154"/></Gesture>