<?xml version="1.0" encoding="utf-8"?>
<Gesture Name="left_square_bracket09"><Point X="209.99998474121094" Y="172"/><Point X="208.99998474121094" Y="172"/><Point X="206" Y="172"/><Point X="203" Y="172"/><Point X="201" Y="172"/><Point X="196" Y="172"/><Point X="194" Y="172"/><Point X="190.99998474121094" Y="172"/><Point X="186.99998474121094" Y="172"/><Point X="184.99998474121094" Y="172"/><Point X="183" Y="172"/><Point X="181" Y="172"/><Point X="180" Y="172"/><Point X="179" Y="172"/><Point X="178" Y="172"/><Point X="177" Y="172"/><Point X="176" Y="172"/><Point X="174" Y="173"/><Point X="173" Y="174"/><Point X="173" Y="175"/><Point X="171" Y="175"/><Point X="170" Y="177"/><Point X="169" Y="177"/><Point X="167.99998474121094" Y="177"/><Point X="167" Y="177"/><Point X="165.99998474121094" Y="177"/><Point X="165.99998474121094" Y="178"/><Point X="165.99998474121094" Y="179"/><Point X="165.99998474121094" Y="180"/><Point X="165.99998474121094" Y="181"/><Point X="165.99998474121094" Y="182"/><Point X="165.99998474121094" Y="183"/><Point X="165.99998474121094" Y="184"/><Point X="165.99998474121094" Y="185"/><Point X="165.99998474121094" Y="187"/><Point X="167" Y="188"/><Point X="169" Y="192"/><Point X="170" Y="194"/><Point X="170" Y="197"/><Point X="171" Y="199"/><Point X="172" Y="205"/><Point X="173" Y="211"/><Point X="174" Y="216"/><Point X="175" Y="224"/><Point X="175" Y="229"/><Point X="175" Y="235"/><Point X="175" Y="238"/><Point X="175" Y="243.00001525878906"/><Point X="175" Y="246"/><Point X="175" Y="249"/><Point X="175" Y="253.99998474121094"/><Point X="175" Y="258"/><Point X="175" Y="263"/><Point X="175" Y="272"/><Point X="175" Y="277"/><Point X="175" Y="283"/><Point X="175" Y="288"/><Point X="175" Y="291"/><Point X="175" Y="294"/><Point X="175" Y="297"/><Point X="175" Y="301"/><Point X="175" Y="305"/><Point X="174" Y="310"/><Point X="174" Y="315"/><Point X="174" Y="320"/><Point X="174" Y="323"/><Point X="174" Y="327"/><Point X="174" Y="329"/><Point X="174" Y="331"/><Point X="174" Y="335"/><Point X="174" Y="337"/><Point X="174" Y="340"/><Point X="174" Y="341"/><Point X="174" Y="343"/><Point X="174" Y="344"/><Point X="174" Y="345"/><Point X="174" Y="346"/><Point X="174" Y="347"/><Point X="175" Y="347"/><Point X="176" Y="347"/><Point X="178" Y="346"/><Point X="184.99998474121094" Y="345"/><Point X="190.99998474121094" Y="343"/><Point X="195" Y="343"/><Point X="199" Y="343"/><Point X="203" Y="343"/><Point X="206" Y="343"/><Point X="208.99998474121094" Y="343"/><Point X="210.99998474121094" Y="343"/><Point X="211.99998474121094" Y="343"/><Point X="213.00001525878906" Y="343"/><Point X="214.00001525878906" Y="343"/><Point X="215.00001525878906" Y="343"/><Point X="216.00001525878906" Y="343"/><Point X="217" Y="343"/><Point X="218" Y="343"/><Point X="218" Y="342"/><Point X="219" Y="342"/><Point X="220" Y="341"/><Point X="220" Y="340"/><Point X="221" Y="340"/><Point X="222" Y="340"/><Point X="222" Y="339"/></Gesture>