<?xml version="1.0" encoding="utf-8"?>
<Gesture Name="left_square_bracket01"><Point X="249" Y="169"/><Point X="248" Y="169"/><Point X="247" Y="169"/><Point X="246" Y="169"/><Point X="245" Y="169"/><Point X="243" Y="169"/><Point X="242" Y="169"/><Point X="240.00001525878906" Y="169"/><Point X="239.00001525878906" Y="169"/><Point X="236.99998474121094" Y="169"/><Point X="234.99998474121094" Y="169"/><Point X="233.99998474121094" Y="169"/><Point X="233" Y="169"/><Point X="230" Y="168"/><Point X="229" Y="168"/><Point X="227" Y="168"/><Point X="226" Y="168"/><Point X="224" Y="168"/><Point X="223" Y="168"/><Point X="220" Y="168"/><Point X="219" Y="168"/><Point X="217" Y="167"/><Point X="216.00001525878906" Y="167"/><Point X="214.00001525878906" Y="167"/><Point X="211.99998474121094" Y="167"/><Point X="210.99998474121094" Y="166"/><Point X="208.99998474121094" Y="166"/><Point X="206" Y="165"/><Point X="202" Y="164"/><Point X="200" Y="164"/><Point X="197" Y="164"/><Point X="195" Y="164"/><Point X="194" Y="164"/><Point X="192" Y="163"/><Point X="190.99998474121094" Y="163"/><Point X="190.00001525878906" Y="163"/><Point X="188.99998474121094" Y="163"/><Point X="188.00001525878906" Y="163"/><Point X="186.99998474121094" Y="163"/><Point X="186.00001525878906" Y="163"/><Point X="184.99998474121094" Y="163"/><Point X="184.00001525878906" Y="163"/><Point X="184.00001525878906" Y="164"/><Point X="183" Y="164"/><Point X="183" Y="165"/><Point X="183" Y="166"/><Point X="183" Y="168"/><Point X="183" Y="169"/><Point X="183" Y="171"/><Point X="183" Y="173"/><Point X="183" Y="176"/><Point X="183" Y="178"/><Point X="183" Y="179"/><Point X="183" Y="182"/><Point X="183" Y="185"/><Point X="183" Y="188"/><Point X="183" Y="190"/><Point X="183" Y="194"/><Point X="183" Y="197"/><Point X="183" Y="201"/><Point X="183" Y="205"/><Point X="183" Y="207"/><Point X="183" Y="212"/><Point X="183" Y="214"/><Point X="183" Y="216"/><Point X="183" Y="220"/><Point X="183" Y="223"/><Point X="183" Y="228"/><Point X="183" Y="231"/><Point X="183" Y="236.99998474121094"/><Point X="183" Y="241"/><Point X="183" Y="246.99998474121094"/><Point X="183" Y="252"/><Point X="183" Y="257"/><Point X="183" Y="259"/><Point X="183" Y="261"/><Point X="182.00001525878906" Y="265"/><Point X="182.00001525878906" Y="266"/><Point X="181" Y="268"/><Point X="181" Y="269"/><Point X="180" Y="270"/><Point X="179" Y="272"/><Point X="179" Y="274"/><Point X="178" Y="275"/><Point X="177" Y="276"/><Point X="176" Y="277"/><Point X="175" Y="277"/><Point X="169" Y="282"/><Point X="169" Y="283"/><Point X="171" Y="283"/><Point X="173" Y="284"/><Point X="176" Y="284"/><Point X="177" Y="284"/><Point X="179" Y="285"/><Point X="180" Y="285"/><Point X="182.00001525878906" Y="285"/><Point X="183" Y="285"/><Point X="184.00001525878906" Y="286"/><Point X="184.99998474121094" Y="286"/><Point X="186.00001525878906" Y="286"/><Point X="188.00001525878906" Y="287"/><Point X="190.00001525878906" Y="287"/><Point X="192" Y="287"/><Point X="192.99998474121094" Y="287"/><Point X="195" Y="288"/><Point X="196" Y="288"/><Point X="199" Y="288"/><Point X="201" Y="288"/><Point X="202" Y="288"/><Point X="204" Y="288"/><Point X="206" Y="289"/><Point X="208.99998474121094" Y="289"/><Point X="210.99998474121094" Y="289"/><Point X="214.00001525878906" Y="289"/><Point X="218" Y="289"/><Point X="220" Y="289"/><Point X="223" Y="289"/><Point X="227" Y="289"/><Point X="229" Y="289"/><Point X="232" Y="289"/><Point X="233" Y="289"/><Point X="233.99998474121094" Y="289"/><Point X="234.99998474121094" Y="289"/><Point X="235.99998474121094" Y="290"/><Point X="239.00001525878906" Y="290"/><Point X="241.00001525878906" Y="290"/><Point X="244" Y="291"/><Point X="247" Y="292"/><Point X="253" Y="294"/><Point X="256" Y="295"/><Point X="258" Y="295"/><Point X="259" Y="295"/><Point X="260" Y="295"/><Point X="261" Y="295"/></Gesture>