<?xml version="1.0" encoding="utf-8"?>
<Gesture Name="left_square_bracket08"><Point X="198" Y="156"/><Point X="196" Y="156"/><Point X="192" Y="155"/><Point X="188.00001525878906" Y="155"/><Point X="183" Y="155"/><Point X="177" Y="154"/><Point X="173" Y="154"/><Point X="167.99998474121094" Y="154"/><Point X="163.99998474121094" Y="154"/><Point X="159.99998474121094" Y="154"/><Point X="157.00001525878906" Y="154"/><Point X="155" Y="154"/><Point X="152" Y="154"/><Point X="150" Y="154"/><Point X="149" Y="154"/><Point X="147" Y="154"/><Point X="146" Y="154"/><Point X="145" Y="154"/><Point X="144" Y="154"/><Point X="142.99996948242188" Y="154"/><Point X="142.99996948242188" Y="157"/><Point X="142.99996948242188" Y="161"/><Point X="142.99996948242188" Y="168"/><Point X="142.99996948242188" Y="172"/><Point X="142.99996948242188" Y="178"/><Point X="142" Y="183"/><Point X="142" Y="189"/><Point X="141" Y="196"/><Point X="140" Y="201"/><Point X="140" Y="204"/><Point X="140" Y="208"/><Point X="139" Y="212"/><Point X="139" Y="218"/><Point X="139" Y="220"/><Point X="139" Y="224"/><Point X="139" Y="226.00001525878906"/><Point X="139" Y="228"/><Point X="139" Y="229"/><Point X="139" Y="230.00001525878906"/><Point X="139" Y="231"/><Point X="139" Y="232"/><Point X="139" Y="233.00001525878906"/><Point X="139" Y="233.99998474121094"/><Point X="139" Y="236"/><Point X="139" Y="240.00001525878906"/><Point X="139" Y="245"/><Point X="139" Y="250.00001525878906"/><Point X="139" Y="252"/><Point X="139" Y="253.99998474121094"/><Point X="139" Y="259"/><Point X="138" Y="261"/><Point X="138" Y="264"/><Point X="138" Y="266"/><Point X="138" Y="267"/><Point X="138" Y="268"/><Point X="138" Y="269"/><Point X="138" Y="272"/><Point X="137" Y="275"/><Point X="137" Y="277"/><Point X="137" Y="282"/><Point X="137" Y="284"/><Point X="136" Y="287"/><Point X="136" Y="290"/><Point X="136" Y="292"/><Point X="136" Y="293"/><Point X="136" Y="294"/><Point X="136" Y="295"/><Point X="136" Y="296"/><Point X="136" Y="297"/><Point X="136" Y="298"/><Point X="137" Y="298"/><Point X="138" Y="298"/><Point X="139" Y="298"/><Point X="140" Y="298"/><Point X="141" Y="298"/><Point X="142.99996948242188" Y="298"/><Point X="150" Y="296"/><Point X="154" Y="296"/><Point X="161.00001525878906" Y="295"/><Point X="167.99998474121094" Y="295"/><Point X="174" Y="295"/><Point X="182.00001525878906" Y="295"/><Point X="186.99998474121094" Y="295"/><Point X="190.00001525878906" Y="295"/><Point X="190.99998474121094" Y="295"/><Point X="194" Y="295"/><Point X="195" Y="295"/><Point X="196" Y="295"/></Gesture>