<?xml version="1.0" encoding="utf-8"?>
<Gesture Name="left_square_bracket10"><Point X="184.00001525878906" Y="162"/><Point X="183" Y="162"/><Point X="182.00001525878906" Y="162"/><Point X="181" Y="162"/><Point X="180" Y="162"/><Point X="179" Y="162"/><Point X="178" Y="162"/><Point X="177" Y="162"/><Point X="176" Y="162"/><Point X="174" Y="162"/><Point X="172" Y="162"/><Point X="169" Y="162"/><Point X="167" Y="162"/><Point X="163.99998474121094" Y="162"/><Point X="161.00001525878906" Y="162"/><Point X="159.00001525878906" Y="162"/><Point X="156" Y="161"/><Point X="153" Y="161"/><Point X="150" Y="161"/><Point X="146" Y="161"/><Point X="144" Y="161"/><Point X="141" Y="161"/><Point X="138" Y="161"/><Point X="136" Y="161"/><Point X="133" Y="161"/><Point X="130" Y="161"/><Point X="128" Y="161"/><Point X="127" Y="161"/><Point X="125" Y="161"/><Point X="124" Y="161"/><Point X="123" Y="161"/><Point X="122" Y="161"/><Point X="121" Y="161"/><Point X="120" Y="161"/><Point X="119" Y="161"/><Point X="119" Y="163"/><Point X="119" Y="164"/><Point X="119" Y="165"/><Point X="119" Y="166"/><Point X="119" Y="168"/><Point X="120" Y="171"/><Point X="121" Y="174"/><Point X="122" Y="176"/><Point X="122" Y="180"/><Point X="122" Y="182"/><Point X="122" Y="186"/><Point X="122" Y="189"/><Point X="122" Y="191"/><Point X="122" Y="195"/><Point X="122" Y="198"/><Point X="122" Y="201"/><Point X="122" Y="203"/><Point X="122" Y="206"/><Point X="122" Y="209"/><Point X="122" Y="211"/><Point X="122" Y="216"/><Point X="122" Y="218"/><Point X="122" Y="222"/><Point X="122" Y="226.99998474121094"/><Point X="122" Y="232"/><Point X="122" Y="236"/><Point X="125" Y="243.99998474121094"/><Point X="125" Y="249"/><Point X="125" Y="255"/><Point X="125" Y="260"/><Point X="125" Y="266"/><Point X="125" Y="269"/><Point X="126" Y="275"/><Point X="126" Y="280"/><Point X="126" Y="286"/><Point X="127" Y="295"/><Point X="127" Y="300"/><Point X="127" Y="306"/><Point X="128" Y="315"/><Point X="129" Y="323"/><Point X="129" Y="332"/><Point X="129" Y="338"/><Point X="129" Y="342"/><Point X="129" Y="348"/><Point X="129" Y="351"/><Point X="129" Y="352"/><Point X="129" Y="353"/><Point X="129" Y="354"/><Point X="129" Y="355"/><Point X="129" Y="356"/><Point X="129" Y="357"/><Point X="130" Y="357"/><Point X="131" Y="357"/><Point X="132.00003051757813" Y="357"/><Point X="134" Y="357"/><Point X="135" Y="357"/><Point X="139" Y="356"/><Point X="146" Y="353"/><Point X="153" Y="352"/><Point X="159.99998474121094" Y="351"/><Point X="165.99998474121094" Y="350"/><Point X="171" Y="350"/><Point X="175" Y="350"/><Point X="180" Y="350"/><Point X="184.00001525878906" Y="350"/><Point X="186.00001525878906" Y="350"/><Point X="186.99998474121094" Y="350"/><Point X="188.00001525878906" Y="350"/></Gesture>