<?xml version="1.0" encoding="utf-8"?>
<Gesture Name="left_curly_brace02"><Point X="177" Y="114"/><Point X="176" Y="114"/><Point X="175" Y="114"/><Point X="174" Y="114"/><Point X="173" Y="114"/><Point X="171" Y="114"/><Point X="170" Y="114"/><Point X="169" Y="114"/><Point X="167.99998474121094" Y="114"/><Point X="167" Y="114"/><Point X="165.99998474121094" Y="114"/><Point X="163.99998474121094" Y="114"/><Point X="163.00001525878906" Y="114"/><Point X="161.99998474121094" Y="114"/><Point X="161.00001525878906" Y="114"/><Point X="159.99998474121094" Y="114"/><Point X="159.00001525878906" Y="114"/><Point X="158" Y="114"/><Point X="158" Y="115.00000762939453"/><Point X="157.00001525878906" Y="115.00000762939453"/><Point X="156" Y="116"/><Point X="156" Y="116.99999237060547"/><Point X="155" Y="116.99999237060547"/><Point X="154" Y="118"/><Point X="153" Y="119"/><Point X="153" Y="120.00000762939453"/><Point X="151" Y="121"/><Point X="150" Y="121.99999237060547"/><Point X="149" Y="123"/><Point X="148" Y="124"/><Point X="147" Y="125.00000762939453"/><Point X="147" Y="126"/><Point X="146" Y="126.99999237060547"/><Point X="145" Y="126.99999237060547"/><Point X="144" Y="128"/><Point X="142.99996948242188" Y="129"/><Point X="142.99996948242188" Y="130"/><Point X="142" Y="131"/><Point X="141" Y="132"/><Point X="141" Y="136"/><Point X="140" Y="137"/><Point X="139" Y="138"/><Point X="139" Y="139"/><Point X="138" Y="140"/><Point X="138" Y="141"/><Point X="138" Y="142"/><Point X="137" Y="144"/><Point X="137" Y="145"/><Point X="137" Y="146"/><Point X="137" Y="148"/><Point X="137" Y="149"/><Point X="137" Y="150"/><Point X="137" Y="152"/><Point X="137" Y="153"/><Point X="137" Y="156"/><Point X="137" Y="157"/><Point X="137" Y="158"/><Point X="137" Y="159"/><Point X="137" Y="160"/><Point X="137" Y="161"/><Point X="137" Y="162"/><Point X="137" Y="163"/><Point X="137" Y="164"/><Point X="137" Y="165"/><Point X="137" Y="166"/><Point X="137" Y="167"/><Point X="137" Y="169"/><Point X="137" Y="170"/><Point X="137" Y="171"/><Point X="137" Y="172"/><Point X="138" Y="173"/><Point X="139" Y="174"/><Point X="139" Y="175"/><Point X="139" Y="176"/><Point X="139" Y="177"/><Point X="140" Y="178"/><Point X="140" Y="179"/><Point X="140" Y="180"/><Point X="140" Y="181"/><Point X="140" Y="182"/><Point X="140" Y="183"/><Point X="140" Y="184"/><Point X="140" Y="185"/><Point X="140" Y="186"/><Point X="140" Y="187"/><Point X="140" Y="188"/><Point X="140" Y="190"/><Point X="140" Y="191"/><Point X="140" Y="192"/><Point X="140" Y="193"/><Point X="140" Y="194"/><Point X="140" Y="195"/><Point X="140" Y="196"/><Point X="140" Y="197"/><Point X="140" Y="198"/><Point X="140" Y="199"/><Point X="140" Y="200"/><Point X="140" Y="201"/><Point X="139" Y="201"/><Point X="138" Y="203"/><Point X="137" Y="203"/><Point X="136" Y="203"/><Point X="135" Y="203"/><Point X="134" Y="204"/><Point X="133" Y="205"/><Point X="132.00003051757813" Y="205"/><Point X="130" Y="205"/><Point X="130" Y="206"/><Point X="129" Y="206"/><Point X="128" Y="206"/><Point X="127" Y="206"/><Point X="126" Y="206"/><Point X="126" Y="208"/><Point X="127" Y="208"/><Point X="128" Y="208"/><Point X="129" Y="208"/><Point X="131" Y="208"/><Point X="132.00003051757813" Y="209"/><Point X="133" Y="209"/><Point X="134" Y="209"/><Point X="134" Y="210"/><Point X="135" Y="210"/><Point X="136" Y="210"/><Point X="137" Y="211"/><Point X="138" Y="212"/><Point X="139" Y="212"/><Point X="139" Y="214"/><Point X="139" Y="215"/><Point X="140" Y="216"/><Point X="141" Y="217"/><Point X="141" Y="218"/><Point X="142" Y="218"/><Point X="142.99996948242188" Y="220"/><Point X="144" Y="222"/><Point X="145" Y="224"/><Point X="146" Y="225"/><Point X="147" Y="226.99998474121094"/><Point X="147" Y="228"/><Point X="147" Y="231"/><Point X="147" Y="232"/><Point X="147" Y="233.00001525878906"/><Point X="147" Y="233.99998474121094"/><Point X="147" Y="235"/><Point X="147" Y="236"/><Point X="147" Y="236.99998474121094"/><Point X="147" Y="238"/><Point X="147" Y="239"/><Point X="147" Y="240.00001525878906"/><Point X="147" Y="241"/><Point X="147" Y="242"/><Point X="147" Y="243.99998474121094"/><Point X="147" Y="245"/><Point X="147" Y="246"/><Point X="147" Y="246.99998474121094"/><Point X="147" Y="248"/><Point X="147" Y="249"/><Point X="147" Y="250.00001525878906"/><Point X="147" Y="251"/><Point X="147" Y="252"/><Point X="147" Y="253.00001525878906"/><Point X="147" Y="253.99998474121094"/><Point X="147" Y="255"/><Point X="147" Y="257"/><Point X="147" Y="258"/><Point X="147" Y="259"/><Point X="147" Y="260"/><Point X="147" Y="261"/><Point X="147" Y="262"/><Point X="147" Y="263"/><Point X="147" Y="264"/><Point X="147" Y="265"/><Point X="147" Y="266"/><Point X="147" Y="267"/><Point X="147" Y="268"/><Point X="147" Y="270"/><Point X="147" Y="271"/><Point X="147" Y="273"/><Point X="147" Y="274"/><Point X="147" Y="276"/><Point X="147" Y="278"/><Point X="147" Y="280"/><Point X="147" Y="281"/><Point X="147" Y="282"/><Point X="147" Y="284"/><Point X="147" Y="285"/><Point X="147" Y="286"/><Point X="147" Y="287"/><Point X="147" Y="288"/><Point X="147" Y="289"/><Point X="147" Y="290"/><Point X="150" Y="293"/><Point X="158" Y="297"/><Point X="159.99998474121094" Y="299"/><Point X="161.00001525878906" Y="300"/><Point X="161.99998474121094" Y="300"/><Point X="163.00001525878906" Y="302"/><Point X="163.99998474121094" Y="303"/><Point X="165.00001525878906" Y="303"/><Point X="165.00001525878906" Y="304"/><Point X="165.99998474121094" Y="304"/><Point X="167" Y="304"/><Point X="167.99998474121094" Y="304"/><Point X="169" Y="304"/><Point X="170" Y="304"/><Point X="171" Y="304"/><Point X="172" Y="304"/><Point X="173" Y="304"/></Gesture>