<?xml version="1.0" encoding="utf-8"?>
<Gesture Name="left_square_bracket06"><Point X="173" Y="121"/><Point X="173" Y="120.00000762939453"/><Point X="171" Y="120.00000762939453"/><Point X="170" Y="119"/><Point X="167.99998474121094" Y="119"/><Point X="165.99998474121094" Y="118"/><Point X="163.99998474121094" Y="118"/><Point X="161.99998474121094" Y="116.99999237060547"/><Point X="158" Y="116"/><Point X="156" Y="115.00000762939453"/><Point X="153" Y="115.00000762939453"/><Point X="149" Y="114"/><Point X="146" Y="114"/><Point X="144" Y="114"/><Point X="141" Y="114"/><Point X="138" Y="114"/><Point X="137" Y="114"/><Point X="135" Y="114"/><Point X="133" Y="114"/><Point X="131" Y="114"/><Point X="130" Y="114"/><Point X="129" Y="114"/><Point X="128" Y="114"/><Point X="127" Y="114"/><Point X="126" Y="114"/><Point X="125" Y="114"/><Point X="125" Y="115.00000762939453"/><Point X="125" Y="116"/><Point X="125" Y="118"/><Point X="125" Y="120.00000762939453"/><Point X="125" Y="121"/><Point X="125" Y="121.99999237060547"/><Point X="125" Y="124"/><Point X="126" Y="124"/><Point X="127" Y="126.99999237060547"/><Point X="127" Y="128"/><Point X="128" Y="130"/><Point X="129" Y="131"/><Point X="130" Y="134"/><Point X="131" Y="137"/><Point X="131" Y="142"/><Point X="131" Y="149"/><Point X="131" Y="158"/><Point X="131" Y="164"/><Point X="131" Y="171"/><Point X="130" Y="176"/><Point X="129" Y="180"/><Point X="129" Y="183"/><Point X="127" Y="189"/><Point X="126" Y="192"/><Point X="125" Y="199"/><Point X="125" Y="203"/><Point X="124" Y="210"/><Point X="123" Y="214"/><Point X="123" Y="220"/><Point X="122" Y="225"/><Point X="121" Y="232"/><Point X="121" Y="236"/><Point X="120" Y="243.99998474121094"/><Point X="119" Y="252"/><Point X="119" Y="256"/><Point X="117" Y="263"/><Point X="117" Y="268"/><Point X="116" Y="272"/><Point X="116" Y="275"/><Point X="116" Y="278"/><Point X="116" Y="280"/><Point X="116" Y="281"/><Point X="116" Y="282"/><Point X="116" Y="283"/><Point X="116" Y="284"/><Point X="116" Y="285"/><Point X="116" Y="286"/><Point X="117" Y="286"/><Point X="117.99996948242188" Y="286"/><Point X="119" Y="286"/><Point X="120" Y="286"/><Point X="121" Y="286"/><Point X="123" Y="286"/><Point X="124" Y="286"/><Point X="125" Y="286"/><Point X="127" Y="286"/><Point X="129" Y="286"/><Point X="131" Y="286"/><Point X="133" Y="286"/><Point X="146" Y="286"/><Point X="154" Y="287"/><Point X="163.00001525878906" Y="288"/><Point X="171" Y="289"/><Point X="180" Y="290"/><Point X="188.00001525878906" Y="291"/><Point X="196" Y="292"/><Point X="200" Y="292"/><Point X="202" Y="292"/><Point X="203" Y="292"/><Point X="204" Y="292"/><Point X="205" Y="292"/></Gesture>