<?xml version="1.0" encoding="utf-8"?>
<Gesture Name="pigtail10"><Point X="125" Y="263"/><Point X="127" Y="263"/><Point X="132.00003051757813" Y="263"/><Point X="136" Y="263"/><Point X="142.99996948242188" Y="261"/><Point X="146" Y="261"/><Point X="152" Y="260"/><Point X="155" Y="260"/><Point X="159.99998474121094" Y="260"/><Point X="165.00001525878906" Y="259"/><Point X="170" Y="258"/><Point X="173" Y="257"/><Point X="177" Y="255"/><Point X="182.00001525878906" Y="253.99998474121094"/><Point X="186.00001525878906" Y="251"/><Point X="192" Y="249"/><Point X="197" Y="246"/><Point X="203" Y="243.99998474121094"/><Point X="208" Y="239"/><Point X="215.00001525878906" Y="236"/><Point X="221" Y="233.00001525878906"/><Point X="225" Y="230.00001525878906"/><Point X="229" Y="226.99998474121094"/><Point X="233.99998474121094" Y="224"/><Point X="236.99998474121094" Y="220"/><Point X="241.00001525878906" Y="216"/><Point X="244" Y="213"/><Point X="248" Y="208"/><Point X="252" Y="204"/><Point X="254" Y="199"/><Point X="256" Y="197"/><Point X="258" Y="194"/><Point X="258" Y="193"/><Point X="261" Y="189"/><Point X="262" Y="188"/><Point X="263" Y="186"/><Point X="263" Y="185"/><Point X="263" Y="182"/><Point X="263" Y="181"/><Point X="263" Y="180"/><Point X="263" Y="179"/><Point X="263" Y="178"/><Point X="263" Y="177"/><Point X="263" Y="175"/><Point X="263" Y="174"/><Point X="263" Y="173"/><Point X="263" Y="172"/><Point X="261" Y="172"/><Point X="260" Y="171"/><Point X="260" Y="170"/><Point X="259" Y="170"/><Point X="259" Y="168"/><Point X="258" Y="168"/><Point X="257" Y="168"/><Point X="255" Y="168"/><Point X="254" Y="168"/><Point X="253" Y="168"/><Point X="252" Y="168"/><Point X="251" Y="168"/><Point X="250" Y="168"/><Point X="249" Y="168"/><Point X="247" Y="168"/><Point X="247" Y="169"/><Point X="246" Y="169"/><Point X="245" Y="170"/><Point X="245" Y="171"/><Point X="244" Y="171"/><Point X="243" Y="171"/><Point X="243" Y="172"/><Point X="241.00001525878906" Y="173"/><Point X="240.00001525878906" Y="174"/><Point X="239.00001525878906" Y="175"/><Point X="239.00001525878906" Y="176"/><Point X="236.99998474121094" Y="177"/><Point X="235.99998474121094" Y="178"/><Point X="233" Y="180"/><Point X="231" Y="183"/><Point X="230" Y="186"/><Point X="228" Y="189"/><Point X="226" Y="191"/><Point X="223" Y="195"/><Point X="223" Y="197"/><Point X="222" Y="199"/><Point X="221" Y="200"/><Point X="220" Y="204"/><Point X="220" Y="205"/><Point X="220" Y="208"/><Point X="220" Y="211"/><Point X="220" Y="214"/><Point X="220" Y="216"/><Point X="220" Y="219"/><Point X="220" Y="223"/><Point X="221" Y="225"/><Point X="222" Y="229"/><Point X="223" Y="231"/><Point X="223" Y="236"/><Point X="223" Y="238"/><Point X="225" Y="241"/><Point X="225" Y="242"/><Point X="225" Y="245"/><Point X="226" Y="246"/><Point X="227" Y="248"/><Point X="227" Y="249"/><Point X="227" Y="251"/><Point X="228" Y="252"/><Point X="228" Y="253.00001525878906"/><Point X="229" Y="253.99998474121094"/><Point X="229" Y="255"/><Point X="230" Y="256"/><Point X="231" Y="256"/><Point X="232" Y="258"/><Point X="233" Y="258"/><Point X="236.99998474121094" Y="259"/><Point X="240.00001525878906" Y="259"/><Point X="242" Y="259"/><Point X="246" Y="258"/><Point X="252" Y="255"/><Point X="256" Y="253.00001525878906"/><Point X="261" Y="251"/><Point X="265" Y="250.00001525878906"/><Point X="267" Y="250.00001525878906"/><Point X="272" Y="248"/><Point X="274" Y="246"/><Point X="278" Y="243.99998474121094"/><Point X="281" Y="242"/><Point X="283" Y="241"/><Point X="287" Y="236.99998474121094"/><Point X="289" Y="235"/><Point X="291" Y="233.00001525878906"/><Point X="294" Y="229"/><Point X="297" Y="226.99998474121094"/><Point X="297" Y="225"/><Point X="298" Y="224"/><Point X="299" Y="224"/><Point X="299" Y="223"/><Point X="299" Y="222"/></Gesture>