<?xml version="1.0" encoding="utf-8"?>
<Gesture Name="pigtail02"><Point X="54" Y="222"/><Point X="55" Y="222"/><Point X="57" Y="223"/><Point X="58" Y="223"/><Point X="60" Y="223"/><Point X="62" Y="223"/><Point X="64" Y="223"/><Point X="65" Y="223"/><Point X="66" Y="223"/><Point X="67" Y="223"/><Point X="68" Y="223"/><Point X="69" Y="223"/><Point X="70" Y="223"/><Point X="71" Y="223"/><Point X="72" Y="223"/><Point X="73" Y="223"/><Point X="75" Y="223"/><Point X="76" Y="223"/><Point X="77" Y="223"/><Point X="78" Y="223"/><Point X="79" Y="223"/><Point X="82" Y="223"/><Point X="83" Y="223"/><Point X="85" Y="222"/><Point X="86" Y="222"/><Point X="87" Y="222"/><Point X="88" Y="222"/><Point X="89" Y="222"/><Point X="90" Y="222"/><Point X="91" Y="222"/><Point X="92" Y="222"/><Point X="93" Y="222"/><Point X="94" Y="222"/><Point X="95" Y="222"/><Point X="96" Y="221"/><Point X="96" Y="220"/><Point X="97" Y="220"/><Point X="98" Y="220"/><Point X="99" Y="219"/><Point X="100" Y="219"/><Point X="101" Y="218"/><Point X="102" Y="218"/><Point X="103" Y="218"/><Point X="105" Y="217"/><Point X="106" Y="215"/><Point X="107.00003051757813" Y="215"/><Point X="109" Y="215"/><Point X="110" Y="215"/><Point X="111" Y="214"/><Point X="112" Y="213"/><Point X="113" Y="213"/><Point X="116" Y="212"/><Point X="117" Y="211"/><Point X="119" Y="210"/><Point X="120" Y="209"/><Point X="122" Y="209"/><Point X="124" Y="208"/><Point X="125" Y="207"/><Point X="126" Y="206"/><Point X="127" Y="206"/><Point X="128" Y="206"/><Point X="129" Y="206"/><Point X="130" Y="205"/><Point X="131" Y="204"/><Point X="132.00003051757813" Y="202"/><Point X="133" Y="202"/><Point X="133" Y="200"/><Point X="134" Y="200"/><Point X="134" Y="199"/><Point X="134" Y="198"/><Point X="134" Y="197"/><Point X="135" Y="197"/><Point X="135" Y="195"/><Point X="137" Y="194"/><Point X="138" Y="192"/><Point X="139" Y="190"/><Point X="139" Y="189"/><Point X="139" Y="188"/><Point X="139" Y="186"/><Point X="139" Y="185"/><Point X="139" Y="184"/><Point X="139" Y="183"/><Point X="139" Y="182"/><Point X="139" Y="181"/><Point X="139" Y="180"/><Point X="139" Y="179"/><Point X="139" Y="178"/><Point X="139" Y="177"/><Point X="139" Y="176"/><Point X="139" Y="175"/><Point X="139" Y="173"/><Point X="139" Y="172"/><Point X="139" Y="171"/><Point X="139" Y="170"/><Point X="139" Y="169"/><Point X="139" Y="168"/><Point X="139" Y="167"/><Point X="139" Y="166"/><Point X="139" Y="165"/><Point X="138" Y="165"/><Point X="137" Y="165"/><Point X="136" Y="165"/><Point X="135" Y="165"/><Point X="134" Y="165"/><Point X="133" Y="165"/><Point X="132.00003051757813" Y="165"/><Point X="130" Y="165"/><Point X="129" Y="165"/><Point X="128" Y="165"/><Point X="127" Y="165"/><Point X="126" Y="165"/><Point X="125" Y="165"/><Point X="123" Y="165"/><Point X="122" Y="165"/><Point X="121" Y="165"/><Point X="120" Y="165"/><Point X="119" Y="165"/><Point X="117" Y="165"/><Point X="116" Y="166"/><Point X="115" Y="167"/><Point X="115" Y="168"/><Point X="114" Y="168"/><Point X="113" Y="169"/><Point X="113" Y="170"/><Point X="112" Y="171"/><Point X="111" Y="172"/><Point X="110" Y="172"/><Point X="110" Y="174"/><Point X="109" Y="174"/><Point X="109" Y="175"/><Point X="109" Y="176"/><Point X="108" Y="176"/><Point X="108" Y="177"/><Point X="107.00003051757813" Y="177"/><Point X="107.00003051757813" Y="179"/><Point X="107.00003051757813" Y="181"/><Point X="107.00003051757813" Y="183"/><Point X="107.00003051757813" Y="184"/><Point X="106" Y="186"/><Point X="106" Y="188"/><Point X="106" Y="190"/><Point X="106" Y="192"/><Point X="106" Y="193"/><Point X="106" Y="195"/><Point X="106" Y="196"/><Point X="106" Y="197"/><Point X="106" Y="198"/><Point X="106" Y="199"/><Point X="106" Y="200"/><Point X="106" Y="201"/><Point X="106" Y="202"/><Point X="106" Y="203"/><Point X="106" Y="204"/><Point X="106" Y="205"/><Point X="106" Y="206"/><Point X="106" Y="207"/><Point X="106" Y="208"/><Point X="106" Y="209"/><Point X="106" Y="210"/><Point X="106" Y="211"/><Point X="106" Y="212"/><Point X="106" Y="213"/><Point X="106" Y="214"/><Point X="106" Y="215"/><Point X="106" Y="216"/><Point X="106" Y="217"/><Point X="107.00003051757813" Y="217"/><Point X="109" Y="219"/><Point X="114" Y="221"/><Point X="117.99996948242188" Y="224"/><Point X="124" Y="226.99998474121094"/><Point X="130" Y="230.00001525878906"/><Point X="136" Y="235"/><Point X="140" Y="236.99998474121094"/><Point X="145" Y="239"/><Point X="148" Y="240.00001525878906"/><Point X="149" Y="242"/><Point X="150" Y="243.00001525878906"/><Point X="151" Y="243.00001525878906"/><Point X="152" Y="243.99998474121094"/></Gesture>