<?xml version="1.0" encoding="utf-8"?>
<Gesture Name="rectangle10"><Point X="116" Y="191"/><Point X="116" Y="192"/><Point X="116" Y="193"/><Point X="116" Y="194"/><Point X="116" Y="195"/><Point X="116" Y="199"/><Point X="116" Y="202"/><Point X="116" Y="208"/><Point X="116" Y="211"/><Point X="116" Y="214"/><Point X="116" Y="219"/><Point X="116" Y="221"/><Point X="116" Y="225"/><Point X="116" Y="226.99998474121094"/><Point X="116" Y="228"/><Point X="116" Y="230.00001525878906"/><Point X="116" Y="232"/><Point X="116" Y="233.00001525878906"/><Point X="116" Y="233.99998474121094"/><Point X="116" Y="236"/><Point X="116" Y="236.99998474121094"/><Point X="116" Y="240.00001525878906"/><Point X="116" Y="241"/><Point X="116" Y="242"/><Point X="116" Y="243.99998474121094"/><Point X="116" Y="245"/><Point X="116" Y="249"/><Point X="116" Y="250.00001525878906"/><Point X="116" Y="253.00001525878906"/><Point X="116" Y="256"/><Point X="116" Y="258"/><Point X="116" Y="261"/><Point X="116" Y="263"/><Point X="116" Y="268"/><Point X="116" Y="272"/><Point X="116" Y="277"/><Point X="116" Y="282"/><Point X="116" Y="286"/><Point X="116" Y="291"/><Point X="116" Y="297"/><Point X="116" Y="300"/><Point X="116" Y="304"/><Point X="116" Y="306"/><Point X="116" Y="307"/><Point X="116" Y="310"/><Point X="116" Y="311"/><Point X="116" Y="312"/><Point X="116" Y="313"/><Point X="116" Y="314"/><Point X="117" Y="313"/><Point X="117.99996948242188" Y="313"/><Point X="119" Y="312"/><Point X="120" Y="311"/><Point X="121" Y="309"/><Point X="122" Y="309"/><Point X="122" Y="308"/><Point X="123" Y="308"/><Point X="123" Y="307"/><Point X="125" Y="306"/><Point X="126" Y="306"/><Point X="127" Y="306"/><Point X="128" Y="305"/><Point X="129" Y="304"/><Point X="133" Y="302"/><Point X="136" Y="302"/><Point X="138" Y="301"/><Point X="141" Y="301"/><Point X="142.99996948242188" Y="301"/><Point X="144" Y="301"/><Point X="146" Y="301"/><Point X="147" Y="301"/><Point X="149" Y="301"/><Point X="151" Y="301"/><Point X="153" Y="301"/><Point X="155" Y="301"/><Point X="157.00001525878906" Y="301"/><Point X="159.00001525878906" Y="301"/><Point X="161.99998474121094" Y="301"/><Point X="165.00001525878906" Y="301"/><Point X="167" Y="301"/><Point X="173" Y="301"/><Point X="176" Y="301"/><Point X="178" Y="301"/><Point X="182.00001525878906" Y="301"/><Point X="186.00001525878906" Y="301"/><Point X="188.99998474121094" Y="301"/><Point X="192.99998474121094" Y="301"/><Point X="196" Y="301"/><Point X="203" Y="301"/><Point X="208.99998474121094" Y="302"/><Point X="214.00001525878906" Y="304"/><Point X="222" Y="304"/><Point X="227" Y="305"/><Point X="233.99998474121094" Y="305"/><Point X="239.00001525878906" Y="306"/><Point X="243" Y="307"/><Point X="249" Y="308"/><Point X="255" Y="308"/><Point X="261" Y="309"/><Point X="266" Y="310"/><Point X="271" Y="311"/><Point X="275" Y="312"/><Point X="280" Y="314"/><Point X="283" Y="314"/><Point X="286" Y="314"/><Point X="289" Y="315"/><Point X="291" Y="315"/><Point X="293" Y="315"/><Point X="295" Y="316"/><Point X="298" Y="316"/><Point X="299" Y="317"/><Point X="301" Y="317"/><Point X="303" Y="317"/><Point X="304" Y="318"/><Point X="305" Y="318"/><Point X="307" Y="318"/><Point X="308" Y="318"/><Point X="309" Y="318"/><Point X="310" Y="318"/><Point X="310" Y="315"/><Point X="310" Y="313"/><Point X="310" Y="309"/><Point X="310" Y="305"/><Point X="310" Y="297"/><Point X="310" Y="294"/><Point X="310" Y="288"/><Point X="310" Y="285"/><Point X="311" Y="280"/><Point X="312" Y="273"/><Point X="312" Y="266"/><Point X="312" Y="263"/><Point X="312" Y="261"/><Point X="312" Y="256"/><Point X="312" Y="253.00001525878906"/><Point X="312" Y="250.00001525878906"/><Point X="312" Y="246"/><Point X="312" Y="243.99998474121094"/><Point X="312" Y="240.00001525878906"/><Point X="312" Y="238"/><Point X="312" Y="235"/><Point X="312" Y="230.00001525878906"/><Point X="312" Y="226.99998474121094"/><Point X="312" Y="222"/><Point X="312" Y="220"/><Point X="312" Y="217"/><Point X="313" Y="214"/><Point X="313" Y="212"/><Point X="313" Y="209"/><Point X="313" Y="206"/><Point X="313" Y="204"/><Point X="313" Y="203"/><Point X="313" Y="202"/><Point X="313" Y="201"/><Point X="313" Y="200"/><Point X="313" Y="199"/><Point X="313" Y="198"/><Point X="313" Y="197"/><Point X="314" Y="196"/><Point X="314" Y="193"/><Point X="315" Y="192"/><Point X="315" Y="190"/><Point X="316" Y="188"/><Point X="316" Y="185"/><Point X="316" Y="184"/><Point X="316" Y="183"/><Point X="316" Y="184"/><Point X="316" Y="186"/><Point X="316" Y="187"/><Point X="316" Y="188"/><Point X="315" Y="189"/><Point X="314" Y="189"/><Point X="314" Y="190"/><Point X="313" Y="191"/><Point X="312" Y="191"/><Point X="312" Y="192"/><Point X="310" Y="192"/><Point X="309" Y="193"/><Point X="308" Y="193"/><Point X="307" Y="193"/><Point X="306" Y="193"/><Point X="305" Y="193"/><Point X="303" Y="193"/><Point X="302" Y="193"/><Point X="301" Y="193"/><Point X="300" Y="194"/><Point X="299" Y="194"/><Point X="298" Y="194"/><Point X="296" Y="194"/><Point X="295" Y="195"/><Point X="293" Y="195"/><Point X="291" Y="196"/><Point X="286" Y="196"/><Point X="281" Y="196"/><Point X="275" Y="196"/><Point X="272" Y="196"/><Point X="266" Y="196"/><Point X="263" Y="196"/><Point X="260" Y="196"/><Point X="257" Y="196"/><Point X="255" Y="196"/><Point X="251" Y="196"/><Point X="248" Y="196"/><Point X="242" Y="196"/><Point X="238.00001525878906" Y="196"/><Point X="229" Y="196"/><Point X="221" Y="194"/><Point X="211.99998474121094" Y="193"/><Point X="205" Y="192"/><Point X="199" Y="192"/><Point X="192.99998474121094" Y="191"/><Point X="186.00001525878906" Y="189"/><Point X="180" Y="188"/><Point X="177" Y="188"/><Point X="173" Y="188"/><Point X="169" Y="188"/><Point X="165.00001525878906" Y="187"/><Point X="159.00001525878906" Y="186"/><Point X="154" Y="186"/><Point X="148" Y="186"/><Point X="145" Y="186"/><Point X="140" Y="186"/><Point X="137" Y="186"/><Point X="133" Y="186"/><Point X="129" Y="186"/><Point X="127" Y="186"/><Point X="123" Y="186"/><Point X="121" Y="186"/><Point X="119" Y="186"/><Point X="115" Y="186"/><Point X="113" Y="186"/><Point X="111" Y="186"/><Point X="110" Y="186"/><Point X="109" Y="186"/><Point X="108" Y="186"/><Point X="107.00003051757813" Y="186"/><Point X="106" Y="186"/></Gesture>