<?xml version="1.0" encoding="utf-8"?>
<Gesture Name="rectangle09"><Point X="111" Y="156"/><Point X="111" Y="157"/><Point X="111" Y="158"/><Point X="111" Y="162"/><Point X="111" Y="165"/><Point X="111" Y="169"/><Point X="112" Y="172"/><Point X="112" Y="175"/><Point X="112" Y="177"/><Point X="113" Y="180"/><Point X="113" Y="183"/><Point X="113" Y="184"/><Point X="113" Y="188"/><Point X="113" Y="189"/><Point X="113" Y="191"/><Point X="115" Y="201"/><Point X="116" Y="209"/><Point X="116" Y="213"/><Point X="116" Y="219"/><Point X="117" Y="224"/><Point X="117" Y="230.00001525878906"/><Point X="117" Y="233.00001525878906"/><Point X="117" Y="233.99998474121094"/><Point X="117" Y="236.99998474121094"/><Point X="117" Y="238"/><Point X="117" Y="239"/><Point X="117" Y="240.00001525878906"/><Point X="117" Y="241"/><Point X="117" Y="242"/><Point X="117" Y="243.99998474121094"/><Point X="117" Y="248"/><Point X="117.99996948242188" Y="255"/><Point X="117.99996948242188" Y="258"/><Point X="117.99996948242188" Y="261"/><Point X="117.99996948242188" Y="263"/><Point X="117.99996948242188" Y="264"/><Point X="117.99996948242188" Y="265"/><Point X="117.99996948242188" Y="266"/><Point X="117.99996948242188" Y="267"/><Point X="117.99996948242188" Y="268"/><Point X="117.99996948242188" Y="269"/><Point X="120" Y="269"/><Point X="121" Y="268"/><Point X="121" Y="267"/><Point X="122" Y="266"/><Point X="123" Y="266"/><Point X="123" Y="265"/><Point X="124" Y="264"/><Point X="125" Y="263"/><Point X="126" Y="263"/><Point X="127" Y="262"/><Point X="128" Y="261"/><Point X="128" Y="260"/><Point X="129" Y="260"/><Point X="130" Y="260"/><Point X="131" Y="259"/><Point X="132.00003051757813" Y="259"/><Point X="133" Y="258"/><Point X="134" Y="257"/><Point X="136" Y="256"/><Point X="142.99996948242188" Y="255"/><Point X="149" Y="253.00001525878906"/><Point X="157.00001525878906" Y="253.00001525878906"/><Point X="163.00001525878906" Y="253.00001525878906"/><Point X="165.99998474121094" Y="253.00001525878906"/><Point X="172" Y="253.00001525878906"/><Point X="175" Y="253.00001525878906"/><Point X="178" Y="253.00001525878906"/><Point X="182.00001525878906" Y="253.00001525878906"/><Point X="186.00001525878906" Y="253.00001525878906"/><Point X="190.00001525878906" Y="253.99998474121094"/><Point X="194" Y="255"/><Point X="198" Y="255"/><Point X="202" Y="255"/><Point X="205" Y="256"/><Point X="209.99998474121094" Y="256"/><Point X="213.00001525878906" Y="257"/><Point X="218" Y="257"/><Point X="222" Y="258"/><Point X="226" Y="259"/><Point X="230" Y="260"/><Point X="235.99998474121094" Y="261"/><Point X="243" Y="262"/><Point X="248" Y="264"/><Point X="252" Y="265"/><Point X="257" Y="266"/><Point X="262" Y="266"/><Point X="266" Y="267"/><Point X="267" Y="267"/><Point X="269" Y="267"/><Point X="271" Y="268"/><Point X="274" Y="269"/><Point X="277" Y="270"/><Point X="279" Y="271"/><Point X="284" Y="273"/><Point X="288" Y="273"/><Point X="293" Y="274"/><Point X="296" Y="275"/><Point X="297" Y="275"/><Point X="298" Y="275"/><Point X="299" Y="275"/><Point X="300" Y="275"/><Point X="300" Y="273"/><Point X="299" Y="268"/><Point X="297" Y="260"/><Point X="296" Y="253.99998474121094"/><Point X="295" Y="242"/><Point X="295" Y="235"/><Point X="295" Y="226.99998474121094"/><Point X="295" Y="221"/><Point X="294" Y="210"/><Point X="294" Y="201"/><Point X="294" Y="197"/><Point X="294" Y="192"/><Point X="294" Y="190"/><Point X="294" Y="188"/><Point X="294" Y="186"/><Point X="294" Y="184"/><Point X="294" Y="182"/><Point X="294" Y="180"/><Point X="294" Y="178"/><Point X="294" Y="177"/><Point X="294" Y="176"/><Point X="294" Y="175"/><Point X="294" Y="174"/><Point X="294" Y="173"/><Point X="294" Y="171"/><Point X="294" Y="170"/><Point X="294" Y="169"/><Point X="294" Y="167"/><Point X="295" Y="163"/><Point X="296" Y="159"/><Point X="296" Y="157"/><Point X="296" Y="153"/><Point X="297" Y="150"/><Point X="297" Y="147"/><Point X="297" Y="146"/><Point X="297" Y="145"/><Point X="297" Y="146"/><Point X="297" Y="147"/><Point X="297" Y="148"/><Point X="297" Y="149"/><Point X="297" Y="150"/><Point X="297" Y="151"/><Point X="297" Y="153"/><Point X="296" Y="153"/><Point X="296" Y="154"/><Point X="295" Y="155"/><Point X="294" Y="155"/><Point X="294" Y="156"/><Point X="293" Y="157"/><Point X="292" Y="157"/><Point X="291" Y="157"/><Point X="290" Y="157"/><Point X="290" Y="158"/><Point X="289" Y="158"/><Point X="288" Y="158"/><Point X="287" Y="159"/><Point X="286" Y="159"/><Point X="282" Y="159"/><Point X="280" Y="159"/><Point X="277" Y="159"/><Point X="274" Y="159"/><Point X="272" Y="159"/><Point X="270" Y="159"/><Point X="268" Y="159"/><Point X="266" Y="159"/><Point X="265" Y="159"/><Point X="263" Y="159"/><Point X="262" Y="159"/><Point X="260" Y="159"/><Point X="258" Y="159"/><Point X="257" Y="159"/><Point X="255" Y="159"/><Point X="253" Y="159"/><Point X="251" Y="159"/><Point X="248" Y="159"/><Point X="243" Y="158"/><Point X="238.00001525878906" Y="157"/><Point X="232" Y="156"/><Point X="226" Y="155"/><Point X="221" Y="155"/><Point X="216.00001525878906" Y="154"/><Point X="213.00001525878906" Y="154"/><Point X="209.99998474121094" Y="154"/><Point X="207" Y="153"/><Point X="204" Y="153"/><Point X="199" Y="152"/><Point X="194" Y="151"/><Point X="188.99998474121094" Y="149"/><Point X="184.00001525878906" Y="149"/><Point X="180" Y="148"/><Point X="175" Y="147"/><Point X="172" Y="147"/><Point X="170" Y="147"/><Point X="165.99998474121094" Y="147"/><Point X="163.99998474121094" Y="146"/><Point X="161.99998474121094" Y="146"/><Point X="158" Y="146"/><Point X="156" Y="146"/><Point X="153" Y="146"/><Point X="151" Y="146"/><Point X="150" Y="146"/><Point X="147" Y="146"/><Point X="146" Y="146"/><Point X="142.99996948242188" Y="146"/><Point X="142" Y="146"/><Point X="140" Y="146"/><Point X="139" Y="146"/><Point X="138" Y="146"/><Point X="137" Y="146"/><Point X="136" Y="146"/><Point X="135" Y="146"/><Point X="134" Y="146"/></Gesture>