<?xml version="1.0" encoding="utf-8"?>
<Gesture Name="rectangle03"><Point X="107.00003051757813" Y="170"/><Point X="107.00003051757813" Y="170"/><Point X="107.00003051757813" Y="171"/><Point X="107.00003051757813" Y="172"/><Point X="107.00003051757813" Y="173"/><Point X="107.00003051757813" Y="174"/><Point X="107.00003051757813" Y="175"/><Point X="107.00003051757813" Y="176"/><Point X="107.00003051757813" Y="177"/><Point X="107.00003051757813" Y="178"/><Point X="107.00003051757813" Y="179"/><Point X="107.00003051757813" Y="180"/><Point X="107.00003051757813" Y="181"/><Point X="107.00003051757813" Y="183"/><Point X="107.00003051757813" Y="184"/><Point X="107.00003051757813" Y="185"/><Point X="107.00003051757813" Y="187"/><Point X="107.00003051757813" Y="188"/><Point X="107.00003051757813" Y="189"/><Point X="107.00003051757813" Y="190"/><Point X="107.00003051757813" Y="191"/><Point X="107.00003051757813" Y="192"/><Point X="107.00003051757813" Y="193"/><Point X="107.00003051757813" Y="194"/><Point X="106" Y="195"/><Point X="106" Y="196"/><Point X="106" Y="198"/><Point X="106" Y="200"/><Point X="106" Y="201"/><Point X="106" Y="203"/><Point X="105" Y="205"/><Point X="105" Y="207"/><Point X="105" Y="208"/><Point X="105" Y="209"/><Point X="105" Y="210"/><Point X="105" Y="211"/><Point X="105" Y="212"/><Point X="105" Y="213"/><Point X="105" Y="214"/><Point X="105" Y="215"/><Point X="105" Y="217"/><Point X="105" Y="220"/><Point X="105" Y="222"/><Point X="105" Y="224"/><Point X="105" Y="226.00001525878906"/><Point X="105" Y="229"/><Point X="105" Y="230.00001525878906"/><Point X="105" Y="232"/><Point X="105" Y="235"/><Point X="105" Y="236.99998474121094"/><Point X="105" Y="238"/><Point X="105" Y="240.00001525878906"/><Point X="105" Y="241"/><Point X="105" Y="242"/><Point X="105" Y="243.00001525878906"/><Point X="105" Y="243.99998474121094"/><Point X="105" Y="245"/><Point X="105" Y="246"/><Point X="105" Y="246.99998474121094"/><Point X="105" Y="248"/><Point X="105" Y="249"/><Point X="105" Y="250.00001525878906"/><Point X="105" Y="251"/><Point X="105" Y="252"/><Point X="105" Y="253.00001525878906"/><Point X="105" Y="253.99998474121094"/><Point X="105" Y="255"/><Point X="105" Y="256"/><Point X="105" Y="257"/><Point X="105" Y="258"/><Point X="105" Y="259"/><Point X="105" Y="260"/><Point X="105" Y="261"/><Point X="106" Y="261"/><Point X="107.00003051757813" Y="261"/><Point X="108" Y="261"/><Point X="109" Y="261"/><Point X="111" Y="261"/><Point X="112" Y="260"/><Point X="113" Y="260"/><Point X="114" Y="260"/><Point X="115" Y="260"/><Point X="116" Y="260"/><Point X="117" Y="260"/><Point X="119" Y="259"/><Point X="121" Y="258"/><Point X="122" Y="258"/><Point X="123" Y="258"/><Point X="125" Y="257"/><Point X="126" Y="257"/><Point X="128" Y="256"/><Point X="130" Y="256"/><Point X="132.00003051757813" Y="256"/><Point X="133" Y="256"/><Point X="134" Y="256"/><Point X="135" Y="256"/><Point X="136" Y="256"/><Point X="138" Y="256"/><Point X="139" Y="256"/><Point X="140" Y="256"/><Point X="141" Y="256"/><Point X="142.99996948242188" Y="256"/><Point X="145" Y="256"/><Point X="147" Y="256"/><Point X="148" Y="256"/><Point X="150" Y="256"/><Point X="151" Y="256"/><Point X="152" Y="256"/><Point X="153" Y="256"/><Point X="154" Y="256"/><Point X="155" Y="256"/><Point X="157.00001525878906" Y="256"/><Point X="159.00001525878906" Y="256"/><Point X="163.00001525878906" Y="257"/><Point X="165.99998474121094" Y="258"/><Point X="174" Y="259"/><Point X="180" Y="260"/><Point X="184.00001525878906" Y="261"/><Point X="190.00001525878906" Y="263"/><Point X="194" Y="263"/><Point X="196" Y="264"/><Point X="197" Y="264"/><Point X="198" Y="264"/><Point X="199" Y="264"/><Point X="201" Y="264"/><Point X="202" Y="264"/><Point X="203" Y="264"/><Point X="204" Y="264"/><Point X="205" Y="264"/><Point X="207" Y="264"/><Point X="208" Y="264"/><Point X="208.99998474121094" Y="264"/><Point X="209.99998474121094" Y="264"/><Point X="210.99998474121094" Y="264"/><Point X="211.99998474121094" Y="264"/><Point X="213.00001525878906" Y="264"/><Point X="214.00001525878906" Y="264"/><Point X="215.00001525878906" Y="264"/><Point X="216.00001525878906" Y="264"/><Point X="217" Y="264"/><Point X="218" Y="264"/><Point X="225" Y="266"/><Point X="235.99998474121094" Y="271"/><Point X="242" Y="273"/><Point X="247" Y="275"/><Point X="252" Y="276"/><Point X="255" Y="277"/><Point X="257" Y="278"/><Point X="258" Y="278"/><Point X="259" Y="278"/><Point X="260" Y="278"/><Point X="261" Y="278"/><Point X="261" Y="275"/><Point X="261" Y="273"/><Point X="261" Y="270"/><Point X="261" Y="267"/><Point X="261" Y="264"/><Point X="261" Y="262"/><Point X="261" Y="258"/><Point X="261" Y="255"/><Point X="261" Y="251"/><Point X="261" Y="248"/><Point X="261" Y="246"/><Point X="261" Y="243.99998474121094"/><Point X="261" Y="241"/><Point X="261" Y="239"/><Point X="261" Y="236.99998474121094"/><Point X="261" Y="233.99998474121094"/><Point X="261" Y="231"/><Point X="261" Y="229"/><Point X="261" Y="226.00001525878906"/><Point X="261" Y="223"/><Point X="261" Y="221"/><Point X="261" Y="218"/><Point X="261" Y="216"/><Point X="261" Y="214"/><Point X="261" Y="211"/><Point X="261" Y="209"/><Point X="261" Y="208"/><Point X="261" Y="207"/><Point X="261" Y="206"/><Point X="261" Y="205"/><Point X="261" Y="204"/><Point X="261" Y="202"/><Point X="261" Y="200"/><Point X="261" Y="198"/><Point X="261" Y="196"/><Point X="261" Y="193"/><Point X="261" Y="192"/><Point X="261" Y="190"/><Point X="261" Y="189"/><Point X="261" Y="186"/><Point X="261" Y="184"/><Point X="261" Y="182"/><Point X="261" Y="181"/><Point X="261" Y="179"/><Point X="261" Y="178"/><Point X="261" Y="177"/><Point X="261" Y="176"/><Point X="261" Y="175"/><Point X="261" Y="174"/><Point X="260" Y="174"/><Point X="258" Y="174"/><Point X="256" Y="174"/><Point X="254" Y="173"/><Point X="253" Y="173"/><Point X="252" Y="173"/><Point X="251" Y="173"/><Point X="250" Y="173"/><Point X="249" Y="173"/><Point X="248" Y="173"/><Point X="246" Y="173"/><Point X="245" Y="173"/><Point X="243" Y="172"/><Point X="241.00001525878906" Y="172"/><Point X="239.00001525878906" Y="171"/><Point X="238.00001525878906" Y="171"/><Point X="236.99998474121094" Y="171"/><Point X="233.99998474121094" Y="171"/><Point X="233" Y="171"/><Point X="232" Y="171"/><Point X="231" Y="171"/><Point X="229" Y="171"/><Point X="227" Y="171"/><Point X="226" Y="171"/><Point X="224" Y="171"/><Point X="223" Y="171"/><Point X="222" Y="171"/><Point X="220" Y="170"/><Point X="219" Y="170"/><Point X="218" Y="170"/><Point X="217" Y="170"/><Point X="216.00001525878906" Y="170"/><Point X="215.00001525878906" Y="170"/><Point X="214.00001525878906" Y="170"/><Point X="211.99998474121094" Y="170"/><Point X="209.99998474121094" Y="170"/><Point X="208.99998474121094" Y="170"/><Point X="206" Y="170"/><Point X="205" Y="170"/><Point X="203" Y="170"/><Point X="202" Y="170"/><Point X="201" Y="170"/><Point X="198" Y="169"/><Point X="196" Y="168"/><Point X="194" Y="168"/><Point X="190.00001525878906" Y="168"/><Point X="188.99998474121094" Y="168"/><Point X="186.99998474121094" Y="168"/><Point X="186.00001525878906" Y="168"/><Point X="183" Y="168"/><Point X="180" Y="166"/><Point X="178" Y="166"/><Point X="174" Y="165"/><Point X="169" Y="164"/><Point X="163.00001525878906" Y="163"/><Point X="158" Y="162"/><Point X="155" Y="162"/><Point X="152" Y="162"/><Point X="150" Y="162"/><Point X="148" Y="162"/><Point X="146" Y="162"/><Point X="145" Y="162"/><Point X="144" Y="162"/><Point X="142.99996948242188" Y="162"/><Point X="142" Y="162"/><Point X="141" Y="162"/><Point X="140" Y="162"/><Point X="139" Y="162"/><Point X="138" Y="162"/><Point X="137" Y="162"/><Point X="136" Y="162"/><Point X="134" Y="162"/><Point X="133" Y="162"/><Point X="132.00003051757813" Y="162"/><Point X="131" Y="162"/><Point X="129" Y="162"/><Point X="128" Y="162"/><Point X="127" Y="162"/><Point X="126" Y="162"/><Point X="125" Y="163"/><Point X="124" Y="163"/><Point X="121" Y="163"/><Point X="120" Y="163"/><Point X="119" Y="163"/><Point X="117.99996948242188" Y="163"/><Point X="117" Y="163"/><Point X="116" Y="163"/><Point X="115" Y="163"/><Point X="114" Y="163"/><Point X="113" Y="163"/><Point X="112" Y="163"/><Point X="111" Y="163"/><Point X="110" Y="163"/><Point X="109" Y="163"/><Point X="108" Y="163"/></Gesture>