<?xml version="1.0" encoding="utf-8"?>
<Gesture Name="rectangle06"><Point X="87" Y="182"/><Point X="87" Y="183"/><Point X="87" Y="184"/><Point X="87" Y="185"/><Point X="86" Y="185"/><Point X="86" Y="186"/><Point X="86" Y="187"/><Point X="85" Y="189"/><Point X="85" Y="191"/><Point X="84" Y="193"/><Point X="84" Y="196"/><Point X="84" Y="198"/><Point X="84" Y="200"/><Point X="84" Y="204"/><Point X="84" Y="207"/><Point X="84" Y="212"/><Point X="84" Y="216"/><Point X="84" Y="219"/><Point X="84" Y="222"/><Point X="84" Y="225"/><Point X="84" Y="226.99998474121094"/><Point X="84" Y="230.00001525878906"/><Point X="84" Y="233.00001525878906"/><Point X="84" Y="233.99998474121094"/><Point X="84" Y="236"/><Point X="84" Y="238"/><Point X="84" Y="242"/><Point X="84" Y="243.99998474121094"/><Point X="84" Y="248"/><Point X="84" Y="250.00001525878906"/><Point X="84" Y="252"/><Point X="84" Y="256"/><Point X="83" Y="259"/><Point X="83" Y="263"/><Point X="83" Y="266"/><Point X="83" Y="269"/><Point X="82" Y="273"/><Point X="82" Y="276"/><Point X="81" Y="279"/><Point X="81" Y="282"/><Point X="81" Y="284"/><Point X="81" Y="291"/><Point X="81" Y="293"/><Point X="81" Y="294"/><Point X="81" Y="295"/><Point X="81" Y="297"/><Point X="81" Y="298"/><Point X="81" Y="299"/><Point X="82" Y="299"/><Point X="83" Y="299"/><Point X="85" Y="299"/><Point X="86" Y="299"/><Point X="87" Y="299"/><Point X="88" Y="299"/><Point X="88" Y="298"/><Point X="92" Y="297"/><Point X="95" Y="296"/><Point X="98" Y="296"/><Point X="100" Y="296"/><Point X="101" Y="296"/><Point X="102" Y="296"/><Point X="103" Y="296"/><Point X="104" Y="296"/><Point X="105" Y="296"/><Point X="117.99996948242188" Y="295"/><Point X="127" Y="295"/><Point X="131" Y="295"/><Point X="135" Y="295"/><Point X="139" Y="295"/><Point X="142.99996948242188" Y="295"/><Point X="146" Y="295"/><Point X="147" Y="295"/><Point X="149" Y="295"/><Point X="150" Y="295"/><Point X="152" Y="295"/><Point X="155" Y="296"/><Point X="158" Y="296"/><Point X="161.99998474121094" Y="297"/><Point X="165.00001525878906" Y="297"/><Point X="167" Y="297"/><Point X="172" Y="297"/><Point X="174" Y="299"/><Point X="176" Y="299"/><Point X="177" Y="299"/><Point X="178" Y="299"/><Point X="179" Y="299"/><Point X="180" Y="299"/><Point X="181" Y="299"/><Point X="182.00001525878906" Y="299"/><Point X="183" Y="299"/><Point X="186.00001525878906" Y="300"/><Point X="186.99998474121094" Y="300"/><Point X="188.00001525878906" Y="300"/><Point X="188.99998474121094" Y="300"/><Point X="190.00001525878906" Y="300"/><Point X="190.99998474121094" Y="300"/><Point X="196" Y="301"/><Point X="199" Y="302"/><Point X="201" Y="302"/><Point X="203" Y="302"/><Point X="204" Y="302"/><Point X="205" Y="302"/><Point X="206" Y="302"/><Point X="207" Y="302"/><Point X="208" Y="302"/><Point X="208.99998474121094" Y="303"/><Point X="209.99998474121094" Y="303"/><Point X="210.99998474121094" Y="303"/><Point X="215.00001525878906" Y="303"/><Point X="216.00001525878906" Y="304"/><Point X="221" Y="307"/><Point X="226" Y="308"/><Point X="229" Y="309"/><Point X="232" Y="310"/><Point X="233.99998474121094" Y="311"/><Point X="235.99998474121094" Y="311"/><Point X="236.99998474121094" Y="312"/><Point X="238.00001525878906" Y="312"/><Point X="239.00001525878906" Y="312"/><Point X="240.00001525878906" Y="312"/><Point X="241.00001525878906" Y="312"/><Point X="242" Y="310"/><Point X="242" Y="308"/><Point X="243" Y="306"/><Point X="244" Y="301"/><Point X="246" Y="298"/><Point X="246" Y="293"/><Point X="246" Y="289"/><Point X="247" Y="287"/><Point X="248" Y="283"/><Point X="248" Y="280"/><Point X="248" Y="276"/><Point X="249" Y="272"/><Point X="249" Y="269"/><Point X="249" Y="264"/><Point X="250" Y="259"/><Point X="251" Y="253.00001525878906"/><Point X="251" Y="250.00001525878906"/><Point X="251" Y="245"/><Point X="251" Y="242"/><Point X="252" Y="238"/><Point X="253" Y="236"/><Point X="253" Y="233.00001525878906"/><Point X="254" Y="231"/><Point X="254" Y="229"/><Point X="254" Y="226.00001525878906"/><Point X="254" Y="225"/><Point X="254" Y="222"/><Point X="254" Y="221"/><Point X="254" Y="220"/><Point X="254" Y="219"/><Point X="254" Y="218"/><Point X="255" Y="215"/><Point X="256" Y="212"/><Point X="257" Y="208"/><Point X="257" Y="205"/><Point X="257" Y="203"/><Point X="258" Y="201"/><Point X="258" Y="198"/><Point X="258" Y="196"/><Point X="259" Y="194"/><Point X="259" Y="191"/><Point X="259" Y="188"/><Point X="259" Y="186"/><Point X="259" Y="183"/><Point X="259" Y="182"/><Point X="259" Y="181"/><Point X="258" Y="181"/><Point X="257" Y="181"/><Point X="256" Y="182"/><Point X="254" Y="182"/><Point X="254" Y="183"/><Point X="253" Y="183"/><Point X="253" Y="184"/><Point X="252" Y="184"/><Point X="251" Y="184"/><Point X="250" Y="184"/><Point X="249" Y="185"/><Point X="247" Y="185"/><Point X="246" Y="185"/><Point X="245" Y="185"/><Point X="245" Y="186"/><Point X="244" Y="186"/><Point X="243" Y="186"/><Point X="242" Y="186"/><Point X="241.00001525878906" Y="186"/><Point X="240.00001525878906" Y="186"/><Point X="239.00001525878906" Y="186"/><Point X="238.00001525878906" Y="186"/><Point X="236.99998474121094" Y="186"/><Point X="235.99998474121094" Y="186"/><Point X="234.99998474121094" Y="186"/><Point X="233.99998474121094" Y="186"/><Point X="233" Y="186"/><Point X="232" Y="186"/><Point X="231" Y="186"/><Point X="229" Y="186"/><Point X="228" Y="186"/><Point X="227" Y="186"/><Point X="226" Y="186"/><Point X="225" Y="186"/><Point X="224" Y="186"/><Point X="223" Y="186"/><Point X="222" Y="186"/><Point X="221" Y="186"/><Point X="220" Y="186"/><Point X="218" Y="186"/><Point X="217" Y="186"/><Point X="216.00001525878906" Y="186"/><Point X="215.00001525878906" Y="186"/><Point X="214.00001525878906" Y="186"/><Point X="213.00001525878906" Y="186"/><Point X="211.99998474121094" Y="186"/><Point X="210.99998474121094" Y="186"/><Point X="209.99998474121094" Y="186"/><Point X="208.99998474121094" Y="186"/><Point X="208" Y="186"/><Point X="207" Y="186"/><Point X="206" Y="186"/><Point X="203" Y="186"/><Point X="202" Y="186"/><Point X="200" Y="186"/><Point X="198" Y="186"/><Point X="195" Y="186"/><Point X="190.00001525878906" Y="186"/><Point X="184.00001525878906" Y="186"/><Point X="175" Y="186"/><Point X="167" Y="185"/><Point X="158" Y="183"/><Point X="152" Y="183"/><Point X="147" Y="182"/><Point X="144" Y="182"/><Point X="139" Y="180"/><Point X="135" Y="180"/><Point X="133" Y="180"/><Point X="131" Y="180"/><Point X="129" Y="180"/><Point X="127" Y="180"/><Point X="126" Y="180"/><Point X="125" Y="180"/><Point X="124" Y="180"/><Point X="122" Y="180"/><Point X="121" Y="180"/><Point X="120" Y="180"/><Point X="119" Y="180"/><Point X="117.99996948242188" Y="180"/><Point X="117" Y="182"/><Point X="116" Y="182"/><Point X="115" Y="182"/><Point X="114" Y="182"/><Point X="113" Y="182"/><Point X="112" Y="182"/><Point X="111" Y="182"/><Point X="110" Y="182"/><Point X="109" Y="182"/><Point X="107.00003051757813" Y="182"/><Point X="106" Y="182"/><Point X="105" Y="182"/><Point X="104" Y="182"/><Point X="103" Y="182"/><Point X="102" Y="182"/><Point X="101" Y="182"/><Point X="100" Y="182"/><Point X="99" Y="182"/><Point X="98" Y="182"/></Gesture>