<?xml version="1.0" encoding="utf-8"?>
<Gesture Name="rectangle05"><Point X="72" Y="150"/><Point X="72" Y="151"/><Point X="72" Y="153"/><Point X="72" Y="155"/><Point X="72" Y="158"/><Point X="72" Y="161"/><Point X="72" Y="163"/><Point X="72" Y="167"/><Point X="72" Y="169"/><Point X="72" Y="171"/><Point X="73" Y="175"/><Point X="73" Y="177"/><Point X="73" Y="180"/><Point X="74" Y="183"/><Point X="74" Y="186"/><Point X="74" Y="187"/><Point X="74" Y="189"/><Point X="75" Y="191"/><Point X="75" Y="192"/><Point X="76" Y="195"/><Point X="77" Y="197"/><Point X="78" Y="201"/><Point X="79" Y="203"/><Point X="80" Y="206"/><Point X="80" Y="208"/><Point X="81" Y="211"/><Point X="82" Y="213"/><Point X="83" Y="216"/><Point X="83" Y="218"/><Point X="83" Y="220"/><Point X="84" Y="222"/><Point X="85" Y="225"/><Point X="86" Y="226.99998474121094"/><Point X="88" Y="230.00001525878906"/><Point X="88" Y="231"/><Point X="88" Y="233.99998474121094"/><Point X="88" Y="236.99998474121094"/><Point X="89" Y="239"/><Point X="89" Y="243.00001525878906"/><Point X="89" Y="245"/><Point X="89" Y="246"/><Point X="89" Y="250.00001525878906"/><Point X="89" Y="251"/><Point X="89" Y="253.99998474121094"/><Point X="90" Y="256"/><Point X="91" Y="261"/><Point X="92" Y="263"/><Point X="93" Y="267"/><Point X="94" Y="269"/><Point X="94" Y="272"/><Point X="94" Y="275"/><Point X="94" Y="276"/><Point X="94" Y="279"/><Point X="94" Y="280"/><Point X="94" Y="281"/><Point X="94" Y="282"/><Point X="94" Y="283"/><Point X="96" Y="282"/><Point X="97" Y="281"/><Point X="99" Y="281"/><Point X="100" Y="280"/><Point X="102" Y="279"/><Point X="103" Y="278"/><Point X="105" Y="278"/><Point X="106" Y="278"/><Point X="107.00003051757813" Y="278"/><Point X="108" Y="278"/><Point X="109" Y="278"/><Point X="111" Y="277"/><Point X="115" Y="276"/><Point X="119" Y="276"/><Point X="122" Y="275"/><Point X="127" Y="274"/><Point X="132.00003051757813" Y="273"/><Point X="137" Y="272"/><Point X="140" Y="271"/><Point X="144" Y="270"/><Point X="146" Y="270"/><Point X="149" Y="268"/><Point X="150" Y="267"/><Point X="153" Y="267"/><Point X="155" Y="266"/><Point X="159.00001525878906" Y="266"/><Point X="163.00001525878906" Y="266"/><Point X="172" Y="266"/><Point X="178" Y="266"/><Point X="184.00001525878906" Y="266"/><Point X="188.99998474121094" Y="266"/><Point X="197" Y="267"/><Point X="211.99998474121094" Y="271"/><Point X="223" Y="274"/><Point X="233.99998474121094" Y="277"/><Point X="242" Y="279"/><Point X="244" Y="281"/><Point X="247" Y="282"/><Point X="250" Y="283"/><Point X="252" Y="284"/><Point X="253" Y="285"/><Point X="254" Y="285"/><Point X="256" Y="285"/><Point X="257" Y="285"/><Point X="259" Y="285"/><Point X="260" Y="285"/><Point X="263" Y="285"/><Point X="264" Y="285"/><Point X="266" Y="285"/><Point X="267" Y="285"/><Point X="268" Y="285"/><Point X="270" Y="285"/><Point X="271" Y="285"/><Point X="271" Y="284"/><Point X="271" Y="281"/><Point X="271" Y="276"/><Point X="270" Y="272"/><Point X="269" Y="266"/><Point X="267" Y="262"/><Point X="266" Y="257"/><Point X="266" Y="252"/><Point X="265" Y="246.99998474121094"/><Point X="265" Y="243.99998474121094"/><Point X="264" Y="242"/><Point X="264" Y="236.99998474121094"/><Point X="264" Y="235"/><Point X="264" Y="230.00001525878906"/><Point X="264" Y="226.99998474121094"/><Point X="264" Y="221"/><Point X="264" Y="218"/><Point X="264" Y="214"/><Point X="264" Y="211"/><Point X="264" Y="209"/><Point X="264" Y="206"/><Point X="264" Y="203"/><Point X="264" Y="200"/><Point X="264" Y="199"/><Point X="264" Y="196"/><Point X="264" Y="193"/><Point X="264" Y="191"/><Point X="264" Y="186"/><Point X="264" Y="185"/><Point X="264" Y="182"/><Point X="264" Y="181"/><Point X="264" Y="179"/><Point X="263" Y="176"/><Point X="263" Y="175"/><Point X="262" Y="173"/><Point X="262" Y="171"/><Point X="262" Y="169"/><Point X="261" Y="167"/><Point X="261" Y="165"/><Point X="260" Y="163"/><Point X="260" Y="162"/><Point X="260" Y="161"/><Point X="259" Y="159"/><Point X="259" Y="158"/><Point X="259" Y="157"/><Point X="259" Y="156"/><Point X="259" Y="155"/><Point X="259" Y="154"/><Point X="253" Y="153"/><Point X="244" Y="150"/><Point X="233.99998474121094" Y="148"/><Point X="227" Y="147"/><Point X="222" Y="147"/><Point X="217" Y="147"/><Point X="214.00001525878906" Y="146"/><Point X="210.99998474121094" Y="146"/><Point X="208" Y="146"/><Point X="207" Y="146"/><Point X="205" Y="146"/><Point X="204" Y="146"/><Point X="200" Y="146"/><Point X="198" Y="146"/><Point X="197" Y="146"/><Point X="195" Y="146"/><Point X="192" Y="146"/><Point X="190.00001525878906" Y="146"/><Point X="184.99998474121094" Y="145"/><Point X="183" Y="145"/><Point X="179" Y="144"/><Point X="176" Y="144"/><Point X="174" Y="144"/><Point X="172" Y="144"/><Point X="169" Y="144"/><Point X="167" Y="144"/><Point X="165.99998474121094" Y="144"/><Point X="165.00001525878906" Y="144"/><Point X="163.99998474121094" Y="144"/><Point X="161.99998474121094" Y="144"/><Point X="161.00001525878906" Y="144"/><Point X="159.99998474121094" Y="144"/><Point X="159.00001525878906" Y="144"/><Point X="158" Y="144"/><Point X="156" Y="144"/><Point X="155" Y="144"/><Point X="154" Y="144"/><Point X="152" Y="144"/><Point X="151" Y="144"/><Point X="149" Y="144"/><Point X="146" Y="144"/><Point X="144" Y="144"/><Point X="142.99996948242188" Y="145"/><Point X="140" Y="146"/><Point X="137" Y="147"/><Point X="134" Y="148"/><Point X="129" Y="148"/><Point X="125" Y="148"/><Point X="119" Y="147"/><Point X="117" Y="146"/><Point X="114" Y="146"/><Point X="112" Y="146"/><Point X="110" Y="146"/><Point X="108" Y="146"/><Point X="106" Y="146"/><Point X="105" Y="146"/><Point X="104" Y="148"/><Point X="102" Y="148"/><Point X="100" Y="148"/><Point X="98" Y="148"/><Point X="97" Y="149"/><Point X="95" Y="149"/><Point X="93" Y="149"/><Point X="92" Y="149"/><Point X="91" Y="149"/><Point X="90" Y="149"/></Gesture>