<?xml version="1.0" encoding="utf-8"?>
<Gesture Name="rectangle01"><Point X="71" Y="183"/><Point X="71" Y="184"/><Point X="71" Y="187"/><Point X="71" Y="193"/><Point X="71" Y="197"/><Point X="71" Y="202"/><Point X="71" Y="204"/><Point X="72" Y="207"/><Point X="72" Y="210"/><Point X="72" Y="212"/><Point X="72" Y="213"/><Point X="72" Y="214"/><Point X="72" Y="215"/><Point X="72" Y="216"/><Point X="72" Y="218"/><Point X="72" Y="219"/><Point X="72" Y="222"/><Point X="72" Y="223"/><Point X="72" Y="226.99998474121094"/><Point X="72" Y="229"/><Point X="72" Y="233.00001525878906"/><Point X="72" Y="236"/><Point X="72" Y="238"/><Point X="72" Y="243.00001525878906"/><Point X="72" Y="245"/><Point X="72" Y="246.99998474121094"/><Point X="72" Y="248"/><Point X="72" Y="250.00001525878906"/><Point X="72" Y="251"/><Point X="72" Y="252"/><Point X="72" Y="253.00001525878906"/><Point X="72" Y="253.99998474121094"/><Point X="72" Y="255"/><Point X="72" Y="256"/><Point X="72" Y="258"/><Point X="72" Y="259"/><Point X="72" Y="260"/><Point X="72" Y="261"/><Point X="72" Y="262"/><Point X="72" Y="263"/><Point X="72" Y="264"/><Point X="72" Y="265"/><Point X="73" Y="265"/><Point X="74" Y="265"/><Point X="75" Y="265"/><Point X="76" Y="265"/><Point X="77" Y="265"/><Point X="79" Y="265"/><Point X="80" Y="265"/><Point X="82" Y="265"/><Point X="84" Y="264"/><Point X="88" Y="264"/><Point X="92" Y="264"/><Point X="96" Y="264"/><Point X="100" Y="264"/><Point X="106" Y="265"/><Point X="112" Y="266"/><Point X="119" Y="267"/><Point X="127" Y="269"/><Point X="132.00003051757813" Y="270"/><Point X="137" Y="272"/><Point X="140" Y="273"/><Point X="142" Y="273"/><Point X="146" Y="273"/><Point X="147" Y="274"/><Point X="150" Y="275"/><Point X="154" Y="275"/><Point X="158" Y="275"/><Point X="161.99998474121094" Y="276"/><Point X="165.00001525878906" Y="276"/><Point X="167" Y="276"/><Point X="171" Y="276"/><Point X="172" Y="276"/><Point X="174" Y="276"/><Point X="175" Y="276"/><Point X="176" Y="277"/><Point X="177" Y="277"/><Point X="179" Y="278"/><Point X="180" Y="278"/><Point X="183" Y="279"/><Point X="188.00001525878906" Y="280"/><Point X="192.99998474121094" Y="283"/><Point X="206" Y="287"/><Point X="209.99998474121094" Y="290"/><Point X="215.00001525878906" Y="293"/><Point X="217" Y="295"/><Point X="220" Y="295"/><Point X="223" Y="296"/><Point X="224" Y="297"/><Point X="225" Y="298"/><Point X="225" Y="299"/><Point X="225" Y="297"/><Point X="225" Y="293"/><Point X="225" Y="291"/><Point X="226" Y="285"/><Point X="226" Y="283"/><Point X="226" Y="281"/><Point X="227" Y="278"/><Point X="227" Y="274"/><Point X="227" Y="271"/><Point X="228" Y="266"/><Point X="228" Y="263"/><Point X="228" Y="258"/><Point X="229" Y="253.99998474121094"/><Point X="229" Y="249"/><Point X="229" Y="246"/><Point X="229" Y="241"/><Point X="229" Y="239"/><Point X="229" Y="236"/><Point X="229" Y="232"/><Point X="229" Y="229"/><Point X="229" Y="226.00001525878906"/><Point X="229" Y="222"/><Point X="229" Y="219"/><Point X="229" Y="215"/><Point X="229" Y="212"/><Point X="229" Y="210"/><Point X="229" Y="207"/><Point X="229" Y="205"/><Point X="229" Y="204"/><Point X="229" Y="203"/><Point X="229" Y="202"/><Point X="229" Y="200"/><Point X="229" Y="198"/><Point X="229" Y="197"/><Point X="229" Y="196"/><Point X="229" Y="195"/><Point X="229" Y="193"/><Point X="227" Y="193"/><Point X="226" Y="193"/><Point X="224" Y="193"/><Point X="223" Y="193"/><Point X="222" Y="193"/><Point X="221" Y="193"/><Point X="220" Y="193"/><Point X="219" Y="193"/><Point X="217" Y="193"/><Point X="216.00001525878906" Y="193"/><Point X="215.00001525878906" Y="193"/><Point X="214.00001525878906" Y="193"/><Point X="211.99998474121094" Y="193"/><Point X="210.99998474121094" Y="193"/><Point X="209.99998474121094" Y="193"/><Point X="208.99998474121094" Y="193"/><Point X="208" Y="193"/><Point X="205" Y="193"/><Point X="204" Y="193"/><Point X="202" Y="193"/><Point X="201" Y="193"/><Point X="200" Y="193"/><Point X="197" Y="193"/><Point X="196" Y="193"/><Point X="195" Y="193"/><Point X="194" Y="193"/><Point X="192.99998474121094" Y="193"/><Point X="190.99998474121094" Y="193"/><Point X="190.00001525878906" Y="193"/><Point X="188.00001525878906" Y="193"/><Point X="186.99998474121094" Y="192"/><Point X="184.99998474121094" Y="192"/><Point X="184.00001525878906" Y="192"/><Point X="183" Y="192"/><Point X="182.00001525878906" Y="192"/><Point X="181" Y="192"/><Point X="180" Y="192"/><Point X="179" Y="192"/><Point X="178" Y="192"/><Point X="177" Y="191"/><Point X="174" Y="190"/><Point X="173" Y="190"/><Point X="170" Y="190"/><Point X="167.99998474121094" Y="189"/><Point X="165.00001525878906" Y="188"/><Point X="161.99998474121094" Y="187"/><Point X="159.99998474121094" Y="187"/><Point X="159.00001525878906" Y="187"/><Point X="158" Y="187"/><Point X="157.00001525878906" Y="187"/><Point X="156" Y="187"/><Point X="155" Y="187"/><Point X="154" Y="187"/><Point X="153" Y="187"/><Point X="152" Y="187"/><Point X="151" Y="187"/><Point X="149" Y="187"/><Point X="148" Y="187"/><Point X="147" Y="187"/><Point X="146" Y="187"/><Point X="145" Y="187"/><Point X="144" Y="187"/><Point X="142" Y="187"/><Point X="141" Y="187"/><Point X="140" Y="186"/><Point X="139" Y="185"/><Point X="137" Y="185"/><Point X="135" Y="185"/><Point X="134" Y="185"/><Point X="133" Y="185"/><Point X="132.00003051757813" Y="185"/><Point X="131" Y="185"/><Point X="130" Y="184"/><Point X="127" Y="184"/><Point X="124" Y="183"/><Point X="122" Y="182"/><Point X="119" Y="181"/><Point X="117" Y="180"/><Point X="115" Y="180"/><Point X="114" Y="180"/><Point X="113" Y="180"/><Point X="112" Y="180"/><Point X="111" Y="180"/><Point X="110" Y="180"/><Point X="109" Y="180"/><Point X="108" Y="178"/><Point X="107.00003051757813" Y="177"/><Point X="104" Y="177"/><Point X="103" Y="176"/><Point X="102" Y="176"/><Point X="101" Y="176"/><Point X="100" Y="176"/><Point X="99" Y="176"/><Point X="98" Y="176"/><Point X="97" Y="176"/><Point X="96" Y="176"/><Point X="95" Y="176"/><Point X="94" Y="176"/><Point X="93" Y="176"/><Point X="92" Y="176"/><Point X="91" Y="176"/><Point X="90" Y="176"/><Point X="89" Y="176"/><Point X="88" Y="176"/><Point X="87" Y="176"/><Point X="86" Y="176"/><Point X="85" Y="176"/><Point X="84" Y="176"/><Point X="83" Y="176"/><Point X="82" Y="176"/><Point X="81" Y="176"/><Point X="80" Y="176"/><Point X="79" Y="176"/><Point X="78" Y="176"/><Point X="77" Y="176"/><Point X="76" Y="177"/><Point X="75" Y="177"/><Point X="74" Y="177"/><Point X="73" Y="178"/><Point X="72" Y="178"/><Point X="71" Y="178"/><Point X="71" Y="179"/><Point X="71" Y="180"/></Gesture>