<?xml version="1.0" encoding="utf-8"?>
<Gesture Name="rectangle07"><Point X="119" Y="177"/><Point X="119" Y="177"/><Point X="119" Y="179"/><Point X="119" Y="181"/><Point X="119" Y="182"/><Point X="119" Y="184"/><Point X="119" Y="186"/><Point X="119" Y="188"/><Point X="120" Y="191"/><Point X="120" Y="193"/><Point X="120" Y="195"/><Point X="121" Y="197"/><Point X="121" Y="199"/><Point X="121" Y="201"/><Point X="121" Y="202"/><Point X="121" Y="203"/><Point X="121" Y="204"/><Point X="121" Y="205"/><Point X="121" Y="206"/><Point X="121" Y="208"/><Point X="121" Y="209"/><Point X="122" Y="211"/><Point X="123" Y="212"/><Point X="123" Y="214"/><Point X="123" Y="216"/><Point X="123" Y="218"/><Point X="123" Y="219"/><Point X="123" Y="221"/><Point X="123" Y="222"/><Point X="123" Y="224"/><Point X="124" Y="226.00001525878906"/><Point X="124" Y="226.99998474121094"/><Point X="124" Y="229"/><Point X="125" Y="231"/><Point X="125" Y="233.00001525878906"/><Point X="125" Y="233.99998474121094"/><Point X="125" Y="236"/><Point X="125" Y="236.99998474121094"/><Point X="125" Y="239"/><Point X="125" Y="241"/><Point X="125" Y="242"/><Point X="125" Y="243.99998474121094"/><Point X="125" Y="246"/><Point X="127" Y="248"/><Point X="127" Y="250.00001525878906"/><Point X="127" Y="253.00001525878906"/><Point X="127" Y="255"/><Point X="127" Y="256"/><Point X="127" Y="259"/><Point X="127" Y="260"/><Point X="127" Y="262"/><Point X="127" Y="263"/><Point X="127" Y="264"/><Point X="127" Y="265"/><Point X="127" Y="266"/><Point X="127" Y="267"/><Point X="127" Y="268"/><Point X="130" Y="268"/><Point X="134" Y="268"/><Point X="144" Y="268"/><Point X="146" Y="268"/><Point X="149" Y="268"/><Point X="152" Y="268"/><Point X="153" Y="269"/><Point X="156" Y="269"/><Point X="157.00001525878906" Y="269"/><Point X="159.99998474121094" Y="269"/><Point X="161.99998474121094" Y="269"/><Point X="163.99998474121094" Y="269"/><Point X="165.00001525878906" Y="269"/><Point X="167.99998474121094" Y="269"/><Point X="171" Y="269"/><Point X="173" Y="269"/><Point X="178" Y="269"/><Point X="186.99998474121094" Y="269"/><Point X="190.00001525878906" Y="269"/><Point X="195" Y="269"/><Point X="198" Y="269"/><Point X="201" Y="269"/><Point X="205" Y="269"/><Point X="207" Y="269"/><Point X="208.99998474121094" Y="269"/><Point X="211.99998474121094" Y="269"/><Point X="213.00001525878906" Y="269"/><Point X="216.00001525878906" Y="269"/><Point X="217" Y="269"/><Point X="221" Y="269"/><Point X="223" Y="269"/><Point X="224" Y="269"/><Point X="230" Y="269"/><Point X="233" Y="269"/><Point X="238.00001525878906" Y="269"/><Point X="241.00001525878906" Y="269"/><Point X="244" Y="269"/><Point X="247" Y="269"/><Point X="250" Y="270"/><Point X="252" Y="270"/><Point X="254" Y="271"/><Point X="255" Y="271"/><Point X="256" Y="271"/><Point X="257" Y="271"/><Point X="257" Y="268"/><Point X="257" Y="264"/><Point X="257" Y="261"/><Point X="257" Y="258"/><Point X="256" Y="257"/><Point X="256" Y="255"/><Point X="256" Y="252"/><Point X="256" Y="250.00001525878906"/><Point X="256" Y="246"/><Point X="256" Y="242"/><Point X="256" Y="238"/><Point X="256" Y="235"/><Point X="255" Y="232"/><Point X="255" Y="229"/><Point X="255" Y="225"/><Point X="255" Y="222"/><Point X="255" Y="220"/><Point X="254" Y="216"/><Point X="254" Y="215"/><Point X="254" Y="213"/><Point X="254" Y="212"/><Point X="254" Y="209"/><Point X="254" Y="205"/><Point X="254" Y="203"/><Point X="254" Y="198"/><Point X="254" Y="195"/><Point X="254" Y="192"/><Point X="254" Y="191"/><Point X="254" Y="190"/><Point X="254" Y="189"/><Point X="254" Y="188"/><Point X="254" Y="187"/><Point X="254" Y="186"/><Point X="254" Y="184"/><Point X="254" Y="183"/><Point X="254" Y="182"/><Point X="254" Y="181"/><Point X="254" Y="180"/><Point X="254" Y="179"/><Point X="253" Y="179"/><Point X="252" Y="179"/><Point X="251" Y="179"/><Point X="250" Y="179"/><Point X="249" Y="179"/><Point X="248" Y="179"/><Point X="247" Y="179"/><Point X="245" Y="179"/><Point X="244" Y="179"/><Point X="242" Y="179"/><Point X="241.00001525878906" Y="178"/><Point X="239.00001525878906" Y="178"/><Point X="235.99998474121094" Y="177"/><Point X="234.99998474121094" Y="177"/><Point X="233" Y="177"/><Point X="232" Y="177"/><Point X="229" Y="177"/><Point X="228" Y="177"/><Point X="226" Y="177"/><Point X="225" Y="177"/><Point X="223" Y="177"/><Point X="221" Y="177"/><Point X="220" Y="177"/><Point X="219" Y="177"/><Point X="217" Y="177"/><Point X="215.00001525878906" Y="177"/><Point X="213.00001525878906" Y="177"/><Point X="210.99998474121094" Y="176"/><Point X="207" Y="175"/><Point X="205" Y="175"/><Point X="203" Y="175"/><Point X="202" Y="175"/><Point X="200" Y="175"/><Point X="198" Y="175"/><Point X="197" Y="175"/><Point X="196" Y="175"/><Point X="195" Y="175"/><Point X="194" Y="175"/><Point X="192.99998474121094" Y="175"/><Point X="192" Y="175"/><Point X="190.99998474121094" Y="175"/><Point X="188.99998474121094" Y="175"/><Point X="186.99998474121094" Y="174"/><Point X="183" Y="174"/><Point X="181" Y="174"/><Point X="180" Y="174"/><Point X="177" Y="174"/><Point X="176" Y="174"/><Point X="174" Y="174"/><Point X="173" Y="174"/><Point X="171" Y="174"/><Point X="169" Y="174"/><Point X="167.99998474121094" Y="174"/><Point X="165.99998474121094" Y="174"/><Point X="165.00001525878906" Y="174"/><Point X="161.99998474121094" Y="174"/><Point X="161.00001525878906" Y="174"/><Point X="159.00001525878906" Y="174"/><Point X="158" Y="174"/><Point X="157.00001525878906" Y="174"/><Point X="155" Y="174"/><Point X="153" Y="174"/><Point X="151" Y="174"/><Point X="148" Y="174"/><Point X="147" Y="174"/><Point X="146" Y="174"/><Point X="145" Y="174"/><Point X="144" Y="174"/><Point X="142.99996948242188" Y="174"/><Point X="142" Y="174"/><Point X="141" Y="174"/><Point X="140" Y="174"/><Point X="139" Y="174"/><Point X="138" Y="174"/><Point X="137" Y="175"/><Point X="135" Y="175"/><Point X="134" Y="175"/><Point X="133" Y="175"/><Point X="132.00003051757813" Y="175"/><Point X="131" Y="175"/><Point X="129" Y="175"/><Point X="128" Y="175"/><Point X="127" Y="175"/><Point X="127" Y="176"/><Point X="126" Y="176"/><Point X="125" Y="176"/><Point X="124" Y="176"/><Point X="123" Y="176"/><Point X="122" Y="176"/><Point X="121" Y="176"/></Gesture>