<?xml version="1.0" encoding="utf-8"?>
<Gesture Name="rectangle02"><Point X="86" Y="188"/><Point X="86" Y="189"/><Point X="86" Y="190"/><Point X="86" Y="193"/><Point X="86" Y="194"/><Point X="86" Y="196"/><Point X="86" Y="197"/><Point X="86" Y="198"/><Point X="86" Y="199"/><Point X="86" Y="200"/><Point X="86" Y="201"/><Point X="86" Y="202"/><Point X="85" Y="203"/><Point X="85" Y="204"/><Point X="85" Y="205"/><Point X="85" Y="206"/><Point X="85" Y="207"/><Point X="85" Y="208"/><Point X="84" Y="209"/><Point X="84" Y="210"/><Point X="84" Y="211"/><Point X="84" Y="212"/><Point X="83" Y="213"/><Point X="83" Y="215"/><Point X="82" Y="217"/><Point X="82" Y="218"/><Point X="82" Y="220"/><Point X="82" Y="221"/><Point X="82" Y="223"/><Point X="82" Y="224"/><Point X="82" Y="225"/><Point X="81" Y="225"/><Point X="81" Y="226.00001525878906"/><Point X="81" Y="226.99998474121094"/><Point X="81" Y="228"/><Point X="81" Y="229"/><Point X="81" Y="230.00001525878906"/><Point X="81" Y="231"/><Point X="81" Y="232"/><Point X="81" Y="233.00001525878906"/><Point X="81" Y="233.99998474121094"/><Point X="81" Y="236"/><Point X="81" Y="236.99998474121094"/><Point X="81" Y="238"/><Point X="81" Y="239"/><Point X="81" Y="240.00001525878906"/><Point X="81" Y="241"/><Point X="81" Y="242"/><Point X="81" Y="243.00001525878906"/><Point X="81" Y="243.99998474121094"/><Point X="81" Y="245"/><Point X="81" Y="246"/><Point X="81" Y="246.99998474121094"/><Point X="81" Y="249"/><Point X="81" Y="250.00001525878906"/><Point X="81" Y="251"/><Point X="81" Y="252"/><Point X="81" Y="253.00001525878906"/><Point X="81" Y="253.99998474121094"/><Point X="81" Y="255"/><Point X="81" Y="256"/><Point X="81" Y="257"/><Point X="81" Y="258"/><Point X="81" Y="259"/><Point X="81" Y="260"/><Point X="81" Y="261"/><Point X="81" Y="262"/><Point X="81" Y="263"/><Point X="81" Y="264"/><Point X="80" Y="264"/><Point X="80" Y="265"/><Point X="81" Y="265"/><Point X="82" Y="265"/><Point X="84" Y="265"/><Point X="85" Y="265"/><Point X="86" Y="265"/><Point X="86" Y="264"/><Point X="87" Y="263"/><Point X="88" Y="263"/><Point X="90" Y="263"/><Point X="90" Y="262"/><Point X="91" Y="261"/><Point X="92" Y="261"/><Point X="92" Y="260"/><Point X="93" Y="259"/><Point X="95" Y="259"/><Point X="99" Y="258"/><Point X="101" Y="258"/><Point X="102" Y="258"/><Point X="103" Y="258"/><Point X="104" Y="258"/><Point X="105" Y="258"/><Point X="106" Y="258"/><Point X="107.00003051757813" Y="258"/><Point X="110" Y="257"/><Point X="114" Y="256"/><Point X="117" Y="255"/><Point X="117.99996948242188" Y="255"/><Point X="119" Y="255"/><Point X="120" Y="255"/><Point X="121" Y="255"/><Point X="122" Y="255"/><Point X="123" Y="255"/><Point X="125" Y="255"/><Point X="127" Y="255"/><Point X="129" Y="255"/><Point X="130" Y="255"/><Point X="131" Y="255"/><Point X="132.00003051757813" Y="255"/><Point X="134" Y="255"/><Point X="136" Y="255"/><Point X="139" Y="253.99998474121094"/><Point X="146" Y="253.00001525878906"/><Point X="165.00001525878906" Y="249"/><Point X="173" Y="249"/><Point X="176" Y="249"/><Point X="178" Y="249"/><Point X="179" Y="249"/><Point X="180" Y="249"/><Point X="181" Y="249"/><Point X="182.00001525878906" Y="249"/><Point X="184.00001525878906" Y="249"/><Point X="186.00001525878906" Y="249"/><Point X="188.00001525878906" Y="249"/><Point X="188.99998474121094" Y="249"/><Point X="190.00001525878906" Y="249"/><Point X="190.99998474121094" Y="249"/><Point X="192" Y="249"/><Point X="192.99998474121094" Y="249"/><Point X="194" Y="249"/><Point X="195" Y="249"/><Point X="195" Y="248"/><Point X="195" Y="246.99998474121094"/><Point X="196" Y="245"/><Point X="196" Y="243.99998474121094"/><Point X="196" Y="242"/><Point X="196" Y="241"/><Point X="196" Y="240.00001525878906"/><Point X="196" Y="239"/><Point X="196" Y="238"/><Point X="196" Y="236.99998474121094"/><Point X="196" Y="235"/><Point X="196" Y="233.99998474121094"/><Point X="196" Y="233.00001525878906"/><Point X="196" Y="232"/><Point X="196" Y="231"/><Point X="196" Y="230.00001525878906"/><Point X="197" Y="228"/><Point X="197" Y="226.99998474121094"/><Point X="197" Y="226.00001525878906"/><Point X="197" Y="225"/><Point X="198" Y="224"/><Point X="198" Y="223"/><Point X="198" Y="221"/><Point X="198" Y="220"/><Point X="198" Y="219"/><Point X="198" Y="218"/><Point X="198" Y="217"/><Point X="198" Y="215"/><Point X="199" Y="213"/><Point X="200" Y="211"/><Point X="202" Y="210"/><Point X="202" Y="208"/><Point X="202" Y="206"/><Point X="202" Y="205"/><Point X="203" Y="203"/><Point X="203" Y="202"/><Point X="203" Y="201"/><Point X="203" Y="199"/><Point X="203" Y="198"/><Point X="203" Y="197"/><Point X="203" Y="196"/><Point X="203" Y="195"/><Point X="203" Y="194"/><Point X="203" Y="192"/><Point X="203" Y="191"/><Point X="203" Y="190"/><Point X="203" Y="189"/><Point X="203" Y="188"/><Point X="202" Y="188"/><Point X="201" Y="187"/><Point X="200" Y="187"/><Point X="200" Y="186"/><Point X="198" Y="186"/><Point X="197" Y="186"/><Point X="196" Y="186"/><Point X="195" Y="186"/><Point X="194" Y="186"/><Point X="192.99998474121094" Y="186"/><Point X="192" Y="186"/><Point X="190.99998474121094" Y="186"/><Point X="190.00001525878906" Y="186"/><Point X="188.99998474121094" Y="186"/><Point X="188.00001525878906" Y="186"/><Point X="186.99998474121094" Y="186"/><Point X="186.00001525878906" Y="186"/><Point X="184.99998474121094" Y="186"/><Point X="184.00001525878906" Y="186"/><Point X="183" Y="186"/><Point X="182.00001525878906" Y="186"/><Point X="181" Y="186"/><Point X="180" Y="186"/><Point X="179" Y="186"/><Point X="178" Y="186"/><Point X="177" Y="186"/><Point X="176" Y="186"/><Point X="175" Y="186"/><Point X="174" Y="186"/><Point X="173" Y="186"/><Point X="172" Y="186"/><Point X="171" Y="186"/><Point X="170" Y="186"/><Point X="169" Y="186"/><Point X="167" Y="186"/><Point X="165.99998474121094" Y="186"/><Point X="165.00001525878906" Y="186"/><Point X="163.99998474121094" Y="186"/><Point X="163.00001525878906" Y="186"/><Point X="161.99998474121094" Y="186"/><Point X="161.00001525878906" Y="186"/><Point X="159.99998474121094" Y="186"/><Point X="159.00001525878906" Y="186"/><Point X="158" Y="186"/><Point X="157.00001525878906" Y="186"/><Point X="156" Y="186"/><Point X="155" Y="186"/><Point X="154" Y="186"/><Point X="153" Y="186"/><Point X="152" Y="186"/><Point X="151" Y="186"/><Point X="150" Y="186"/><Point X="149" Y="186"/><Point X="148" Y="186"/><Point X="147" Y="187"/><Point X="146" Y="187"/><Point X="145" Y="187"/><Point X="144" Y="187"/><Point X="142.99996948242188" Y="187"/><Point X="142" Y="187"/><Point X="141" Y="187"/><Point X="140" Y="187"/><Point X="139" Y="187"/><Point X="138" Y="187"/><Point X="137" Y="187"/><Point X="136" Y="187"/><Point X="135" Y="187"/><Point X="134" Y="187"/><Point X="133" Y="187"/><Point X="132.00003051757813" Y="187"/><Point X="131" Y="187"/><Point X="130" Y="187"/><Point X="129" Y="187"/><Point X="128" Y="187"/><Point X="127" Y="187"/><Point X="126" Y="187"/><Point X="125" Y="187"/><Point X="124" Y="187"/><Point X="123" Y="187"/><Point X="122" Y="187"/><Point X="121" Y="187"/><Point X="120" Y="187"/><Point X="119" Y="187"/><Point X="117.99996948242188" Y="188"/><Point X="117" Y="188"/><Point X="116" Y="188"/><Point X="115" Y="189"/><Point X="114" Y="189"/><Point X="113" Y="189"/><Point X="111" Y="189"/><Point X="110" Y="189"/><Point X="109" Y="189"/><Point X="108" Y="189"/><Point X="106" Y="190"/><Point X="105" Y="190"/><Point X="104" Y="190"/><Point X="103" Y="190"/><Point X="102" Y="190"/><Point X="101" Y="190"/><Point X="100" Y="190"/><Point X="99" Y="190"/><Point X="98" Y="190"/><Point X="97" Y="190"/><Point X="96" Y="190"/><Point X="95" Y="190"/><Point X="94" Y="190"/><Point X="94" Y="191"/><Point X="95" Y="194"/><Point X="98" Y="196"/></Gesture>