<?xml version="1.0" encoding="utf-8"?>
<Gesture Name="rectangle04"><Point X="88" Y="144"/><Point X="88" Y="145"/><Point X="88" Y="146"/><Point X="88" Y="147"/><Point X="88" Y="148"/><Point X="88" Y="150"/><Point X="88" Y="151"/><Point X="88" Y="152"/><Point X="88" Y="153"/><Point X="88" Y="154"/><Point X="88" Y="155"/><Point X="88" Y="156"/><Point X="88" Y="158"/><Point X="88" Y="159"/><Point X="88" Y="160"/><Point X="87" Y="161"/><Point X="87" Y="162"/><Point X="87" Y="163"/><Point X="87" Y="164"/><Point X="87" Y="166"/><Point X="87" Y="167"/><Point X="87" Y="169"/><Point X="87" Y="171"/><Point X="87" Y="172"/><Point X="87" Y="173"/><Point X="87" Y="175"/><Point X="87" Y="176"/><Point X="87" Y="179"/><Point X="87" Y="180"/><Point X="87" Y="182"/><Point X="87" Y="183"/><Point X="87" Y="184"/><Point X="87" Y="187"/><Point X="86" Y="188"/><Point X="86" Y="190"/><Point X="86" Y="191"/><Point X="86" Y="194"/><Point X="86" Y="195"/><Point X="86" Y="197"/><Point X="86" Y="198"/><Point X="86" Y="199"/><Point X="86" Y="202"/><Point X="86" Y="203"/><Point X="86" Y="205"/><Point X="86" Y="206"/><Point X="86" Y="207"/><Point X="86" Y="209"/><Point X="86" Y="210"/><Point X="86" Y="211"/><Point X="86" Y="212"/><Point X="86" Y="214"/><Point X="86" Y="216"/><Point X="85" Y="218"/><Point X="85" Y="219"/><Point X="85" Y="220"/><Point X="85" Y="221"/><Point X="85" Y="222"/><Point X="85" Y="224"/><Point X="85" Y="225"/><Point X="85" Y="226.00001525878906"/><Point X="85" Y="226.99998474121094"/><Point X="85" Y="229"/><Point X="85" Y="230.00001525878906"/><Point X="85" Y="231"/><Point X="85" Y="232"/><Point X="85" Y="233.00001525878906"/><Point X="85" Y="233.99998474121094"/><Point X="85" Y="235"/><Point X="85" Y="236.99998474121094"/><Point X="85" Y="238"/><Point X="85" Y="239"/><Point X="85" Y="240.00001525878906"/><Point X="85" Y="241"/><Point X="86" Y="241"/><Point X="87" Y="241"/><Point X="88" Y="241"/><Point X="89" Y="241"/><Point X="90" Y="241"/><Point X="90" Y="240.00001525878906"/><Point X="91" Y="240.00001525878906"/><Point X="92" Y="240.00001525878906"/><Point X="92" Y="239"/><Point X="93" Y="239"/><Point X="94" Y="239"/><Point X="96" Y="238"/><Point X="97" Y="238"/><Point X="99" Y="236"/><Point X="102" Y="235"/><Point X="104" Y="233.99998474121094"/><Point X="105" Y="233.99998474121094"/><Point X="107.00003051757813" Y="233.99998474121094"/><Point X="109" Y="233.99998474121094"/><Point X="110" Y="233.99998474121094"/><Point X="111" Y="233.99998474121094"/><Point X="112" Y="233.99998474121094"/><Point X="113" Y="233.99998474121094"/><Point X="114" Y="233.00001525878906"/><Point X="115" Y="233.00001525878906"/><Point X="116" Y="233.00001525878906"/><Point X="117" Y="233.00001525878906"/><Point X="117.99996948242188" Y="233.00001525878906"/><Point X="119" Y="232"/><Point X="120" Y="232"/><Point X="122" Y="232"/><Point X="123" Y="232"/><Point X="124" Y="232"/><Point X="125" Y="232"/><Point X="127" Y="232"/><Point X="129" Y="232"/><Point X="130" Y="232"/><Point X="131" Y="232"/><Point X="133" Y="232"/><Point X="134" Y="232"/><Point X="137" Y="232"/><Point X="140" Y="232"/><Point X="141" Y="232"/><Point X="144" Y="232"/><Point X="145" Y="232"/><Point X="146" Y="232"/><Point X="147" Y="232"/><Point X="148" Y="232"/><Point X="149" Y="232"/><Point X="151" Y="232"/><Point X="152" Y="232"/><Point X="153" Y="232"/><Point X="154" Y="232"/><Point X="155" Y="232"/><Point X="157.00001525878906" Y="232"/><Point X="159.00001525878906" Y="232"/><Point X="159.99998474121094" Y="232"/><Point X="161.00001525878906" Y="232"/><Point X="161.99998474121094" Y="232"/><Point X="163.00001525878906" Y="232"/><Point X="163.99998474121094" Y="232"/><Point X="165.00001525878906" Y="232"/><Point X="165.99998474121094" Y="232"/><Point X="167.99998474121094" Y="232"/><Point X="170" Y="232"/><Point X="171" Y="232"/><Point X="172" Y="232"/><Point X="174" Y="232"/><Point X="188.00001525878906" Y="231"/><Point X="197" Y="231"/><Point X="202" Y="232"/><Point X="205" Y="233.00001525878906"/><Point X="208" Y="233.99998474121094"/><Point X="211.99998474121094" Y="233.99998474121094"/><Point X="215.00001525878906" Y="235"/><Point X="218" Y="235"/><Point X="219" Y="235"/><Point X="220" Y="235"/><Point X="220" Y="233.99998474121094"/><Point X="220" Y="233.00001525878906"/><Point X="220" Y="229"/><Point X="220" Y="228"/><Point X="220" Y="225"/><Point X="221" Y="225"/><Point X="221" Y="222"/><Point X="221" Y="221"/><Point X="221" Y="220"/><Point X="221" Y="219"/><Point X="221" Y="218"/><Point X="221" Y="217"/><Point X="221" Y="215"/><Point X="221" Y="214"/><Point X="221" Y="212"/><Point X="223" Y="211"/><Point X="224" Y="207"/><Point X="224" Y="205"/><Point X="224" Y="203"/><Point X="224" Y="199"/><Point X="224" Y="197"/><Point X="224" Y="194"/><Point X="224" Y="191"/><Point X="224" Y="190"/><Point X="224" Y="187"/><Point X="224" Y="185"/><Point X="224" Y="182"/><Point X="224" Y="181"/><Point X="224" Y="179"/><Point X="224" Y="178"/><Point X="224" Y="176"/><Point X="224" Y="175"/><Point X="224" Y="174"/><Point X="224" Y="173"/><Point X="224" Y="171"/><Point X="223" Y="169"/><Point X="223" Y="168"/><Point X="223" Y="166"/><Point X="223" Y="165"/><Point X="222" Y="163"/><Point X="222" Y="162"/><Point X="222" Y="160"/><Point X="222" Y="158"/><Point X="222" Y="156"/><Point X="222" Y="155"/><Point X="222" Y="154"/><Point X="222" Y="152"/><Point X="223" Y="151"/><Point X="224" Y="151"/><Point X="224" Y="149"/><Point X="224" Y="148"/><Point X="223" Y="148"/><Point X="222" Y="148"/><Point X="221" Y="147"/><Point X="220" Y="147"/><Point X="219" Y="147"/><Point X="218" Y="147"/><Point X="217" Y="147"/><Point X="215.00001525878906" Y="147"/><Point X="214.00001525878906" Y="147"/><Point X="213.00001525878906" Y="147"/><Point X="211.99998474121094" Y="147"/><Point X="210.99998474121094" Y="147"/><Point X="209.99998474121094" Y="147"/><Point X="208.99998474121094" Y="147"/><Point X="207" Y="147"/><Point X="206" Y="147"/><Point X="205" Y="147"/><Point X="204" Y="147"/><Point X="203" Y="147"/><Point X="202" Y="147"/><Point X="200" Y="147"/><Point X="199" Y="147"/><Point X="198" Y="147"/><Point X="197" Y="147"/><Point X="196" Y="147"/><Point X="194" Y="147"/><Point X="192.99998474121094" Y="147"/><Point X="192" Y="147"/><Point X="190.99998474121094" Y="147"/><Point X="190.00001525878906" Y="147"/><Point X="188.99998474121094" Y="147"/><Point X="188.00001525878906" Y="147"/><Point X="186.99998474121094" Y="147"/><Point X="186.00001525878906" Y="147"/><Point X="184.99998474121094" Y="147"/><Point X="184.99998474121094" Y="148"/><Point X="184.00001525878906" Y="148"/><Point X="183" Y="148"/><Point X="182.00001525878906" Y="148"/><Point X="181" Y="148"/><Point X="180" Y="148"/><Point X="179" Y="148"/><Point X="177" Y="148"/><Point X="176" Y="148"/><Point X="175" Y="148"/><Point X="174" Y="148"/><Point X="173" Y="148"/><Point X="172" Y="148"/><Point X="171" Y="149"/><Point X="170" Y="149"/><Point X="169" Y="149"/><Point X="167.99998474121094" Y="149"/><Point X="167" Y="149"/><Point X="165.99998474121094" Y="150"/><Point X="165.00001525878906" Y="151"/><Point X="163.99998474121094" Y="151"/><Point X="163.00001525878906" Y="151"/><Point X="161.99998474121094" Y="151"/><Point X="161.00001525878906" Y="151"/><Point X="159.99998474121094" Y="151"/><Point X="155" Y="151"/><Point X="152" Y="151"/><Point X="151" Y="151"/><Point X="150" Y="151"/><Point X="147" Y="151"/><Point X="146" Y="151"/><Point X="145" Y="151"/><Point X="144" Y="151"/><Point X="142.99996948242188" Y="151"/><Point X="142" Y="151"/><Point X="140" Y="151"/><Point X="139" Y="151"/><Point X="138" Y="151"/><Point X="137" Y="151"/><Point X="136" Y="151"/><Point X="134" Y="151"/><Point X="133" Y="151"/><Point X="132.00003051757813" Y="151"/><Point X="131" Y="151"/><Point X="130" Y="151"/><Point X="129" Y="151"/><Point X="128" Y="151"/><Point X="127" Y="151"/><Point X="126" Y="151"/><Point X="125" Y="151"/><Point X="124" Y="151"/><Point X="123" Y="151"/><Point X="122" Y="151"/><Point X="121" Y="151"/><Point X="120" Y="151"/><Point X="119" Y="151"/><Point X="117.99996948242188" Y="151"/><Point X="117" Y="151"/><Point X="115" Y="151"/><Point X="112" Y="151"/><Point X="110" Y="151"/><Point X="108" Y="151"/><Point X="107.00003051757813" Y="150"/><Point X="106" Y="150"/><Point X="104" Y="149"/><Point X="103" Y="149"/><Point X="101" Y="149"/><Point X="100" Y="149"/><Point X="99" Y="149"/><Point X="98" Y="149"/><Point X="97" Y="149"/><Point X="96" Y="149"/><Point X="95" Y="148"/><Point X="94" Y="147"/><Point X="92" Y="146"/><Point X="91" Y="146"/><Point X="89" Y="146"/></Gesture>