<?xml version="1.0" encoding="utf-8"?>
<Gesture Name="right_curly_brace09"><Point X="172" Y="138"/><Point X="174" Y="138"/><Point X="176" Y="138"/><Point X="178" Y="138"/><Point X="178" Y="139"/><Point X="179" Y="139"/><Point X="180" Y="139"/><Point X="180" Y="140"/><Point X="181" Y="141"/><Point X="181" Y="142"/><Point X="181" Y="143"/><Point X="182.00001525878906" Y="144"/><Point X="182.00001525878906" Y="145"/><Point X="182.00001525878906" Y="146"/><Point X="183" Y="146"/><Point X="183" Y="147"/><Point X="183" Y="148"/><Point X="183" Y="149"/><Point X="183" Y="150"/><Point X="184.00001525878906" Y="151"/><Point X="186.00001525878906" Y="154"/><Point X="188.99998474121094" Y="157"/><Point X="192.99998474121094" Y="160"/><Point X="195" Y="163"/><Point X="197" Y="164"/><Point X="198" Y="167"/><Point X="198" Y="168"/><Point X="200" Y="169"/><Point X="201" Y="170"/><Point X="201" Y="171"/><Point X="201" Y="172"/><Point X="201" Y="173"/><Point X="201" Y="174"/><Point X="201" Y="175"/><Point X="201" Y="176"/><Point X="201" Y="177"/><Point X="201" Y="178"/><Point X="201" Y="181"/><Point X="201" Y="183"/><Point X="201" Y="186"/><Point X="200" Y="189"/><Point X="199" Y="192"/><Point X="198" Y="194"/><Point X="197" Y="196"/><Point X="197" Y="198"/><Point X="196" Y="199"/><Point X="196" Y="200"/><Point X="196" Y="201"/><Point X="196" Y="202"/><Point X="196" Y="203"/><Point X="196" Y="204"/><Point X="195" Y="205"/><Point X="194" Y="205"/><Point X="192.99998474121094" Y="206"/><Point X="192" Y="207"/><Point X="190.99998474121094" Y="207"/><Point X="190.00001525878906" Y="208"/><Point X="190.00001525878906" Y="209"/><Point X="188.99998474121094" Y="209"/><Point X="188.99998474121094" Y="211"/><Point X="188.00001525878906" Y="211"/><Point X="186.99998474121094" Y="212"/><Point X="186.99998474121094" Y="213"/><Point X="186.00001525878906" Y="213"/><Point X="184.99998474121094" Y="214"/><Point X="184.00001525878906" Y="215"/><Point X="183" Y="215"/><Point X="183" Y="216"/><Point X="182.00001525878906" Y="216"/><Point X="181" Y="218"/><Point X="180" Y="219"/><Point X="179" Y="220"/><Point X="177" Y="221"/><Point X="177" Y="222"/><Point X="176" Y="222"/><Point X="175" Y="223"/><Point X="175" Y="224"/><Point X="175" Y="225"/><Point X="175" Y="226.00001525878906"/><Point X="174" Y="226.00001525878906"/><Point X="174" Y="226.99998474121094"/><Point X="173" Y="228"/><Point X="173" Y="229"/><Point X="173" Y="231"/><Point X="173" Y="233.00001525878906"/><Point X="173" Y="233.99998474121094"/><Point X="173" Y="235"/><Point X="173" Y="236"/><Point X="173" Y="236.99998474121094"/><Point X="173" Y="238"/><Point X="173" Y="239"/><Point X="173" Y="240.00001525878906"/><Point X="173" Y="241"/><Point X="173" Y="242"/><Point X="173" Y="243.00001525878906"/><Point X="174" Y="243.00001525878906"/><Point X="175" Y="245"/><Point X="176" Y="245"/><Point X="177" Y="245"/><Point X="178" Y="245"/><Point X="179" Y="245"/><Point X="180" Y="245"/><Point X="181" Y="245"/><Point X="182.00001525878906" Y="245"/><Point X="183" Y="245"/><Point X="184.99998474121094" Y="245"/><Point X="184.00001525878906" Y="245"/><Point X="183" Y="245"/><Point X="182.00001525878906" Y="245"/><Point X="181" Y="245"/><Point X="180" Y="245"/><Point X="179" Y="245"/><Point X="178" Y="245"/><Point X="177" Y="246"/><Point X="176" Y="246"/><Point X="175" Y="246"/><Point X="174" Y="246"/><Point X="173" Y="246.99998474121094"/><Point X="172" Y="248"/><Point X="171" Y="248"/><Point X="171" Y="249"/><Point X="171" Y="250.00001525878906"/><Point X="171" Y="251"/><Point X="171" Y="252"/><Point X="171" Y="253.00001525878906"/><Point X="171" Y="253.99998474121094"/><Point X="171" Y="256"/><Point X="171" Y="258"/><Point X="171" Y="260"/><Point X="171" Y="261"/><Point X="171" Y="262"/><Point X="171" Y="263"/><Point X="171" Y="264"/><Point X="171" Y="265"/><Point X="171" Y="266"/><Point X="171" Y="267"/><Point X="171" Y="268"/><Point X="171" Y="269"/><Point X="171" Y="270"/><Point X="172" Y="270"/><Point X="172" Y="271"/><Point X="173" Y="272"/><Point X="173" Y="273"/><Point X="173" Y="274"/><Point X="174" Y="275"/><Point X="174" Y="276"/><Point X="174" Y="277"/><Point X="174" Y="278"/><Point X="175" Y="280"/><Point X="176" Y="282"/><Point X="178" Y="285"/><Point X="178" Y="286"/><Point X="178" Y="287"/><Point X="178" Y="288"/><Point X="178" Y="289"/><Point X="178" Y="290"/><Point X="180" Y="295"/><Point X="182.00001525878906" Y="297"/><Point X="183" Y="301"/><Point X="183" Y="302"/><Point X="183" Y="303"/><Point X="183" Y="304"/><Point X="183" Y="305"/><Point X="183" Y="306"/><Point X="183" Y="308"/><Point X="183" Y="310"/><Point X="183" Y="313"/><Point X="183" Y="316"/><Point X="182.00001525878906" Y="319"/><Point X="181" Y="321"/><Point X="180" Y="324"/><Point X="179" Y="325"/><Point X="179" Y="326"/><Point X="179" Y="327"/><Point X="177" Y="328"/><Point X="177" Y="329"/><Point X="176" Y="331"/><Point X="175" Y="331"/><Point X="174" Y="331"/><Point X="173" Y="331"/><Point X="173" Y="332"/><Point X="172" Y="332"/><Point X="170" Y="333"/><Point X="167.99998474121094" Y="334"/><Point X="167" Y="335"/><Point X="165.00001525878906" Y="335"/><Point X="165.00001525878906" Y="336"/><Point X="163.00001525878906" Y="338"/><Point X="161.99998474121094" Y="338"/><Point X="161.00001525878906" Y="338"/><Point X="159.99998474121094" Y="338"/><Point X="159.00001525878906" Y="338"/><Point X="158" Y="338"/></Gesture>