<?xml version="1.0" encoding="utf-8"?>
<Gesture Name="right_square_bracket09"><Point X="192.99998474121094" Y="140"/><Point X="194" Y="140"/><Point X="195" Y="140"/><Point X="198" Y="139"/><Point X="201" Y="139"/><Point X="204" Y="139"/><Point X="205" Y="139"/><Point X="206" Y="139"/><Point X="207" Y="139"/><Point X="208" Y="139"/><Point X="208.99998474121094" Y="139"/><Point X="209.99998474121094" Y="139"/><Point X="210.99998474121094" Y="139"/><Point X="211.99998474121094" Y="139"/><Point X="213.00001525878906" Y="139"/><Point X="214.00001525878906" Y="139"/><Point X="216.00001525878906" Y="139"/><Point X="217" Y="139"/><Point X="218" Y="138"/><Point X="219" Y="137"/><Point X="221" Y="137"/><Point X="225" Y="135"/><Point X="227" Y="134"/><Point X="230" Y="133"/><Point X="232" Y="133"/><Point X="233" Y="133"/><Point X="234.99998474121094" Y="133"/><Point X="234.99998474121094" Y="135"/><Point X="233.99998474121094" Y="136"/><Point X="233.99998474121094" Y="137"/><Point X="233" Y="138"/><Point X="232" Y="141"/><Point X="230" Y="143"/><Point X="229" Y="149"/><Point X="228" Y="157"/><Point X="228" Y="163"/><Point X="228" Y="168"/><Point X="228" Y="174"/><Point X="228" Y="176"/><Point X="228" Y="179"/><Point X="228" Y="182"/><Point X="228" Y="184"/><Point X="228" Y="187"/><Point X="228" Y="189"/><Point X="228" Y="191"/><Point X="228" Y="193"/><Point X="228" Y="196"/><Point X="228" Y="199"/><Point X="228" Y="202"/><Point X="228" Y="206"/><Point X="228" Y="210"/><Point X="228" Y="213"/><Point X="228" Y="216"/><Point X="228" Y="218"/><Point X="228" Y="222"/><Point X="228" Y="224"/><Point X="228" Y="226.00001525878906"/><Point X="228" Y="226.99998474121094"/><Point X="228" Y="228"/><Point X="228" Y="231"/><Point X="228" Y="232"/><Point X="228" Y="233.99998474121094"/><Point X="228" Y="235"/><Point X="229" Y="239"/><Point X="231" Y="241"/><Point X="232" Y="246"/><Point X="232" Y="249"/><Point X="233" Y="253.00001525878906"/><Point X="233" Y="256"/><Point X="233" Y="258"/><Point X="233" Y="260"/><Point X="233" Y="261"/><Point X="233" Y="262"/><Point X="233" Y="263"/><Point X="233" Y="264"/><Point X="233" Y="265"/><Point X="233" Y="266"/><Point X="229" Y="267"/><Point X="227" Y="268"/><Point X="224" Y="268"/><Point X="223" Y="268"/><Point X="221" Y="268"/><Point X="220" Y="268"/><Point X="219" Y="268"/><Point X="218" Y="268"/><Point X="217" Y="268"/><Point X="216.00001525878906" Y="268"/><Point X="215.00001525878906" Y="268"/><Point X="214.00001525878906" Y="268"/><Point X="213.00001525878906" Y="268"/><Point X="211.99998474121094" Y="268"/><Point X="210.99998474121094" Y="268"/><Point X="208.99998474121094" Y="268"/><Point X="206" Y="268"/><Point X="201" Y="268"/><Point X="195" Y="268"/><Point X="192.99998474121094" Y="268"/><Point X="186.99998474121094" Y="268"/><Point X="184.99998474121094" Y="269"/><Point X="182.00001525878906" Y="269"/><Point X="179" Y="269"/><Point X="177" Y="269"/><Point X="175" Y="269"/><Point X="174" Y="269"/><Point X="173" Y="269"/><Point X="172" Y="269"/><Point X="171" Y="269"/></Gesture>