<?xml version="1.0" encoding="utf-8"?>
<Gesture Name="right_square_bracket02"><Point X="235.99998474121094" Y="151"/><Point X="236.99998474121094" Y="151"/><Point X="236.99998474121094" Y="152"/><Point X="238.00001525878906" Y="152"/><Point X="239.00001525878906" Y="152"/><Point X="240.00001525878906" Y="153"/><Point X="242" Y="153"/><Point X="244" Y="153"/><Point X="245" Y="153"/><Point X="246" Y="153"/><Point X="247" Y="153"/><Point X="248" Y="153"/><Point X="251" Y="153"/><Point X="253" Y="153"/><Point X="254" Y="153"/><Point X="255" Y="153"/><Point X="255" Y="154"/><Point X="255" Y="155"/><Point X="255" Y="156"/><Point X="255" Y="157"/><Point X="255" Y="158"/><Point X="255" Y="160"/><Point X="255" Y="161"/><Point X="255" Y="162"/><Point X="255" Y="163"/><Point X="255" Y="164"/><Point X="255" Y="165"/><Point X="255" Y="167"/><Point X="256" Y="169"/><Point X="257" Y="171"/><Point X="257" Y="174"/><Point X="257" Y="175"/><Point X="257" Y="177"/><Point X="257" Y="178"/><Point X="257" Y="179"/><Point X="257" Y="182"/><Point X="257" Y="183"/><Point X="258" Y="185"/><Point X="258" Y="186"/><Point X="259" Y="190"/><Point X="259" Y="191"/><Point X="259" Y="193"/><Point X="259" Y="194"/><Point X="259" Y="196"/><Point X="259" Y="198"/><Point X="259" Y="199"/><Point X="259" Y="201"/><Point X="259" Y="202"/><Point X="259" Y="204"/><Point X="259" Y="205"/><Point X="259" Y="206"/><Point X="259" Y="207"/><Point X="259" Y="208"/><Point X="259" Y="209"/><Point X="259" Y="210"/><Point X="259" Y="211"/><Point X="259" Y="212"/><Point X="259" Y="213"/><Point X="259" Y="215"/><Point X="259" Y="216"/><Point X="259" Y="219"/><Point X="259" Y="220"/><Point X="259" Y="222"/><Point X="259" Y="223"/><Point X="259" Y="224"/><Point X="259" Y="226.99998474121094"/><Point X="259" Y="228"/><Point X="259" Y="230.00001525878906"/><Point X="259" Y="232"/><Point X="259" Y="235"/><Point X="259" Y="236"/><Point X="259" Y="236.99998474121094"/><Point X="259" Y="239"/><Point X="259" Y="240.00001525878906"/><Point X="259" Y="243.00001525878906"/><Point X="259" Y="243.99998474121094"/><Point X="259" Y="246"/><Point X="259" Y="246.99998474121094"/><Point X="259" Y="249"/><Point X="259" Y="251"/><Point X="259" Y="252"/><Point X="259" Y="253.99998474121094"/><Point X="259" Y="255"/><Point X="259" Y="258"/><Point X="259" Y="259"/><Point X="259" Y="260"/><Point X="259" Y="262"/><Point X="259" Y="263"/><Point X="259" Y="264"/><Point X="259" Y="265"/><Point X="259" Y="266"/><Point X="259" Y="267"/><Point X="259" Y="268"/><Point X="259" Y="269"/><Point X="259" Y="271"/><Point X="259" Y="272"/><Point X="259" Y="273"/><Point X="259" Y="274"/><Point X="258" Y="274"/><Point X="257" Y="274"/><Point X="256" Y="274"/><Point X="255" Y="274"/><Point X="254" Y="274"/><Point X="253" Y="274"/><Point X="252" Y="274"/><Point X="251" Y="274"/><Point X="250" Y="274"/><Point X="248" Y="274"/><Point X="247" Y="274"/><Point X="246" Y="274"/><Point X="245" Y="274"/><Point X="244" Y="274"/><Point X="243" Y="274"/><Point X="242" Y="274"/><Point X="241.00001525878906" Y="274"/><Point X="240.00001525878906" Y="274"/></Gesture>