<?xml version="1.0" encoding="utf-8"?>
<Gesture Name="right_square_bracket10"><Point X="156" Y="171"/><Point X="159.00001525878906" Y="171"/><Point X="163.00001525878906" Y="171"/><Point X="165.99998474121094" Y="171"/><Point X="170" Y="171"/><Point X="174" Y="171"/><Point X="178" Y="171"/><Point X="181" Y="171"/><Point X="183" Y="171"/><Point X="184.99998474121094" Y="171"/><Point X="186.00001525878906" Y="171"/><Point X="186.99998474121094" Y="171"/><Point X="186.99998474121094" Y="172"/><Point X="186.00001525878906" Y="173"/><Point X="184.99998474121094" Y="175"/><Point X="184.99998474121094" Y="176"/><Point X="184.00001525878906" Y="177"/><Point X="184.00001525878906" Y="179"/><Point X="184.00001525878906" Y="180"/><Point X="183" Y="183"/><Point X="183" Y="184"/><Point X="183" Y="186"/><Point X="182.00001525878906" Y="187"/><Point X="182.00001525878906" Y="190"/><Point X="181" Y="190"/><Point X="181" Y="192"/><Point X="180" Y="193"/><Point X="180" Y="195"/><Point X="180" Y="198"/><Point X="180" Y="200"/><Point X="179" Y="203"/><Point X="179" Y="205"/><Point X="179" Y="209"/><Point X="179" Y="211"/><Point X="179" Y="213"/><Point X="179" Y="219"/><Point X="179" Y="225"/><Point X="179" Y="229"/><Point X="179" Y="232"/><Point X="179" Y="238"/><Point X="179" Y="240.00001525878906"/><Point X="179" Y="245"/><Point X="179" Y="248"/><Point X="179" Y="252"/><Point X="179" Y="256"/><Point X="179" Y="262"/><Point X="179" Y="266"/><Point X="179" Y="272"/><Point X="179" Y="275"/><Point X="179" Y="281"/><Point X="179" Y="284"/><Point X="179" Y="286"/><Point X="179" Y="290"/><Point X="179" Y="292"/><Point X="179" Y="294"/><Point X="179" Y="298"/><Point X="179" Y="301"/><Point X="181" Y="306"/><Point X="181" Y="308"/><Point X="181" Y="312"/><Point X="181" Y="315"/><Point X="181" Y="317"/><Point X="181" Y="320"/><Point X="181" Y="323"/><Point X="181" Y="325"/><Point X="181" Y="326"/><Point X="181" Y="327"/><Point X="181" Y="328"/><Point X="181" Y="329"/><Point X="179" Y="329"/><Point X="177" Y="329"/><Point X="173" Y="328"/><Point X="171" Y="328"/><Point X="169" Y="328"/><Point X="165.00001525878906" Y="327"/><Point X="163.00001525878906" Y="327"/><Point X="159.99998474121094" Y="327"/><Point X="157.00001525878906" Y="326"/><Point X="155" Y="326"/><Point X="153" Y="325"/><Point X="151" Y="325"/><Point X="149" Y="325"/><Point X="148" Y="325"/><Point X="147" Y="325"/><Point X="146" Y="325"/><Point X="145" Y="325"/><Point X="144" Y="325"/></Gesture>