<?xml version="1.0" encoding="utf-8"?>
<Gesture Name="right_square_bracket07"><Point X="175" Y="162"/><Point X="175" Y="163"/><Point X="176" Y="165"/><Point X="177" Y="166"/><Point X="177" Y="168"/><Point X="177" Y="169"/><Point X="177" Y="170"/><Point X="177" Y="171"/><Point X="177" Y="172"/><Point X="178" Y="172"/><Point X="180" Y="172"/><Point X="184.00001525878906" Y="172"/><Point X="184.99998474121094" Y="172"/><Point X="186.00001525878906" Y="172"/><Point X="186.99998474121094" Y="172"/><Point X="188.00001525878906" Y="172"/><Point X="188.99998474121094" Y="172"/><Point X="190.00001525878906" Y="171"/><Point X="192" Y="170"/><Point X="195" Y="170"/><Point X="198" Y="168"/><Point X="199" Y="168"/><Point X="200" Y="168"/><Point X="201" Y="168"/><Point X="202" Y="168"/><Point X="203" Y="167"/><Point X="208" Y="166"/><Point X="209.99998474121094" Y="166"/><Point X="211.99998474121094" Y="166"/><Point X="213.00001525878906" Y="166"/><Point X="214.00001525878906" Y="166"/><Point X="215.00001525878906" Y="166"/><Point X="216.00001525878906" Y="166"/><Point X="216.00001525878906" Y="167"/><Point X="216.00001525878906" Y="168"/><Point X="216.00001525878906" Y="169"/><Point X="216.00001525878906" Y="170"/><Point X="217" Y="170"/><Point X="218" Y="170"/><Point X="220" Y="169"/><Point X="221" Y="168"/><Point X="224" Y="165"/><Point X="224" Y="167"/><Point X="224" Y="168"/><Point X="224" Y="170"/><Point X="224" Y="171"/><Point X="224" Y="173"/><Point X="224" Y="175"/><Point X="224" Y="176"/><Point X="224" Y="178"/><Point X="224" Y="179"/><Point X="224" Y="181"/><Point X="224" Y="182"/><Point X="224" Y="183"/><Point X="224" Y="186"/><Point X="224" Y="188"/><Point X="224" Y="189"/><Point X="224" Y="191"/><Point X="224" Y="193"/><Point X="224" Y="195"/><Point X="225" Y="197"/><Point X="225" Y="198"/><Point X="225" Y="201"/><Point X="225" Y="202"/><Point X="225" Y="203"/><Point X="225" Y="204"/><Point X="225" Y="205"/><Point X="227" Y="207"/><Point X="228" Y="209"/><Point X="228" Y="210"/><Point X="228" Y="212"/><Point X="229" Y="215"/><Point X="231" Y="218"/><Point X="233" Y="221"/><Point X="235.99998474121094" Y="228"/><Point X="238.00001525878906" Y="233.00001525878906"/><Point X="240.00001525878906" Y="240.00001525878906"/><Point X="242" Y="245"/><Point X="245" Y="251"/><Point X="247" Y="255"/><Point X="248" Y="260"/><Point X="249" Y="262"/><Point X="250" Y="267"/><Point X="251" Y="269"/><Point X="252" Y="272"/><Point X="253" Y="275"/><Point X="254" Y="278"/><Point X="255" Y="280"/><Point X="255" Y="282"/><Point X="256" Y="285"/><Point X="257" Y="288"/><Point X="258" Y="290"/><Point X="259" Y="294"/><Point X="259" Y="297"/><Point X="259" Y="300"/><Point X="259" Y="303"/><Point X="259" Y="304"/><Point X="259" Y="306"/><Point X="259" Y="307"/><Point X="259" Y="310"/><Point X="259" Y="311"/><Point X="259" Y="312"/><Point X="259" Y="313"/><Point X="255" Y="313"/><Point X="252" Y="313"/><Point X="249" Y="314"/><Point X="246" Y="314"/><Point X="245" Y="314"/><Point X="243" Y="314"/><Point X="242" Y="314"/><Point X="241.00001525878906" Y="314"/><Point X="240.00001525878906" Y="314"/><Point X="239.00001525878906" Y="314"/><Point X="238.00001525878906" Y="315"/><Point X="236.99998474121094" Y="316"/><Point X="234.99998474121094" Y="316"/><Point X="233.99998474121094" Y="316"/><Point X="233" Y="318"/><Point X="232" Y="318"/><Point X="231" Y="318"/><Point X="230" Y="318"/><Point X="229" Y="318"/><Point X="227" Y="318"/><Point X="226" Y="318"/><Point X="225" Y="318"/><Point X="224" Y="318"/></Gesture>