<?xml version="1.0" encoding="utf-8"?>
<Gesture Name="right_square_bracket08"><Point X="149" Y="157"/><Point X="150" Y="157"/><Point X="151" Y="157"/><Point X="152" Y="157"/><Point X="154" Y="157"/><Point X="156" Y="156"/><Point X="157.00001525878906" Y="155"/><Point X="159.00001525878906" Y="155"/><Point X="161.99998474121094" Y="154"/><Point X="165.00001525878906" Y="154"/><Point X="167" Y="154"/><Point X="171" Y="153"/><Point X="173" Y="153"/><Point X="175" Y="153"/><Point X="179" Y="153"/><Point X="180" Y="153"/><Point X="182.00001525878906" Y="153"/><Point X="183" Y="153"/><Point X="186.99998474121094" Y="153"/><Point X="188.99998474121094" Y="153"/><Point X="190.99998474121094" Y="153"/><Point X="196" Y="153"/><Point X="198" Y="153"/><Point X="203" Y="153"/><Point X="205" Y="153"/><Point X="207" Y="153"/><Point X="208" Y="153"/><Point X="208" Y="154"/><Point X="208" Y="156"/><Point X="208" Y="158"/><Point X="208" Y="160"/><Point X="208" Y="161"/><Point X="208" Y="162"/><Point X="208" Y="164"/><Point X="208" Y="167"/><Point X="208" Y="172"/><Point X="208" Y="180"/><Point X="208" Y="189"/><Point X="208" Y="196"/><Point X="208" Y="201"/><Point X="208" Y="207"/><Point X="208" Y="211"/><Point X="208" Y="213"/><Point X="208" Y="216"/><Point X="208" Y="219"/><Point X="208" Y="221"/><Point X="208" Y="226.00001525878906"/><Point X="208" Y="229"/><Point X="208" Y="235"/><Point X="208" Y="238"/><Point X="208" Y="242"/><Point X="208" Y="245"/><Point X="208" Y="246.99998474121094"/><Point X="208" Y="251"/><Point X="208" Y="253.00001525878906"/><Point X="208" Y="255"/><Point X="208" Y="256"/><Point X="208" Y="258"/><Point X="208" Y="261"/><Point X="208" Y="263"/><Point X="208" Y="269"/><Point X="208" Y="275"/><Point X="208" Y="283"/><Point X="208" Y="287"/><Point X="208" Y="290"/><Point X="208" Y="292"/><Point X="208" Y="293"/><Point X="208" Y="295"/><Point X="208" Y="296"/><Point X="208" Y="297"/><Point X="208" Y="298"/><Point X="208" Y="299"/><Point X="207" Y="299"/><Point X="205" Y="299"/><Point X="202" Y="298"/><Point X="199" Y="297"/><Point X="198" Y="296"/><Point X="194" Y="296"/><Point X="192.99998474121094" Y="295"/><Point X="190.99998474121094" Y="294"/><Point X="190.00001525878906" Y="292"/><Point X="188.00001525878906" Y="292"/><Point X="186.00001525878906" Y="291"/><Point X="184.99998474121094" Y="290"/><Point X="184.00001525878906" Y="290"/><Point X="183" Y="290"/><Point X="182.00001525878906" Y="290"/><Point X="181" Y="290"/><Point X="179" Y="290"/><Point X="178" Y="290"/><Point X="177" Y="290"/><Point X="176" Y="290"/><Point X="174" Y="289"/><Point X="172" Y="289"/><Point X="170" Y="289"/><Point X="169" Y="289"/><Point X="167" Y="289"/><Point X="165.00001525878906" Y="289"/><Point X="163.00001525878906" Y="289"/><Point X="161.99998474121094" Y="289"/><Point X="161.00001525878906" Y="289"/><Point X="159.99998474121094" Y="289"/><Point X="158" Y="289"/><Point X="157.00001525878906" Y="289"/><Point X="156" Y="289"/><Point X="155" Y="289"/><Point X="154" Y="289"/></Gesture>