<?xml version="1.0" encoding="utf-8"?>
<Gesture Name="right_square_bracket01"><Point X="121" Y="166"/><Point X="122" Y="166"/><Point X="124" Y="166"/><Point X="126" Y="166"/><Point X="130" Y="166"/><Point X="132.00003051757813" Y="166"/><Point X="134" Y="166"/><Point X="137" Y="166"/><Point X="138" Y="166"/><Point X="140" Y="166"/><Point X="141" Y="166"/><Point X="142" Y="166"/><Point X="144" Y="166"/><Point X="145" Y="166"/><Point X="146" Y="165"/><Point X="147" Y="165"/><Point X="149" Y="164"/><Point X="152" Y="163"/><Point X="154" Y="163"/><Point X="156" Y="163"/><Point X="159.99998474121094" Y="162"/><Point X="161.99998474121094" Y="161"/><Point X="165.00001525878906" Y="161"/><Point X="167" Y="161"/><Point X="167.99998474121094" Y="161"/><Point X="170" Y="161"/><Point X="171" Y="161"/><Point X="172" Y="161"/><Point X="174" Y="161"/><Point X="174" Y="162"/><Point X="174" Y="163"/><Point X="174" Y="164"/><Point X="174" Y="165"/><Point X="174" Y="166"/><Point X="174" Y="168"/><Point X="174" Y="170"/><Point X="174" Y="173"/><Point X="174" Y="174"/><Point X="174" Y="176"/><Point X="174" Y="178"/><Point X="174" Y="179"/><Point X="174" Y="181"/><Point X="174" Y="182"/><Point X="174" Y="183"/><Point X="174" Y="185"/><Point X="174" Y="186"/><Point X="174" Y="188"/><Point X="174" Y="190"/><Point X="175" Y="195"/><Point X="176" Y="198"/><Point X="177" Y="202"/><Point X="177" Y="205"/><Point X="177" Y="207"/><Point X="177" Y="209"/><Point X="177" Y="211"/><Point X="177" Y="213"/><Point X="177" Y="214"/><Point X="177" Y="215"/><Point X="177" Y="216"/><Point X="177" Y="218"/><Point X="177" Y="219"/><Point X="177" Y="220"/><Point X="177" Y="221"/><Point X="177" Y="222"/><Point X="177" Y="223"/><Point X="177" Y="224"/><Point X="177" Y="225"/><Point X="177" Y="226.00001525878906"/><Point X="177" Y="226.99998474121094"/><Point X="177" Y="228"/><Point X="177" Y="229"/><Point X="177" Y="231"/><Point X="177" Y="232"/><Point X="177" Y="233.00001525878906"/><Point X="177" Y="233.99998474121094"/><Point X="177" Y="235"/><Point X="177" Y="236"/><Point X="177" Y="236.99998474121094"/><Point X="177" Y="238"/><Point X="177" Y="239"/><Point X="178" Y="240.00001525878906"/><Point X="178" Y="242"/><Point X="178" Y="243.99998474121094"/><Point X="178" Y="246"/><Point X="179" Y="246.99998474121094"/><Point X="179" Y="248"/><Point X="179" Y="249"/><Point X="179" Y="250.00001525878906"/><Point X="179" Y="252"/><Point X="179" Y="253.00001525878906"/><Point X="179" Y="253.99998474121094"/><Point X="179" Y="255"/><Point X="179" Y="256"/><Point X="179" Y="257"/><Point X="179" Y="258"/><Point X="179" Y="259"/><Point X="179" Y="260"/><Point X="179" Y="261"/><Point X="179" Y="262"/><Point X="179" Y="263"/><Point X="179" Y="264"/><Point X="179" Y="265"/><Point X="179" Y="266"/><Point X="179" Y="267"/><Point X="179" Y="268"/><Point X="178" Y="268"/><Point X="177" Y="268"/><Point X="176" Y="268"/><Point X="175" Y="268"/><Point X="174" Y="268"/><Point X="173" Y="268"/><Point X="172" Y="268"/><Point X="170" Y="268"/><Point X="169" Y="268"/><Point X="167.99998474121094" Y="268"/><Point X="167" Y="268"/><Point X="165.99998474121094" Y="268"/><Point X="165.00001525878906" Y="268"/><Point X="163.99998474121094" Y="268"/><Point X="163.00001525878906" Y="268"/><Point X="161.99998474121094" Y="268"/><Point X="161.00001525878906" Y="268"/><Point X="159.99998474121094" Y="268"/><Point X="159.00001525878906" Y="268"/><Point X="158" Y="268"/><Point X="157.00001525878906" Y="268"/><Point X="156" Y="268"/><Point X="155" Y="268"/><Point X="154" Y="268"/><Point X="153" Y="268"/><Point X="152" Y="268"/><Point X="150" Y="268"/><Point X="149" Y="268"/><Point X="148" Y="268"/><Point X="147" Y="268"/><Point X="146" Y="268"/><Point X="145" Y="268"/><Point X="144" Y="268"/><Point X="142.99996948242188" Y="268"/><Point X="142" Y="268"/><Point X="141" Y="268"/><Point X="140" Y="268"/><Point X="139" Y="268"/><Point X="137" Y="268"/><Point X="136" Y="268"/><Point X="135" Y="268"/><Point X="134" Y="268"/><Point X="133" Y="268"/><Point X="132.00003051757813" Y="268"/><Point X="131" Y="268"/><Point X="130" Y="268"/><Point X="129" Y="268"/><Point X="128" Y="268"/></Gesture>