<?xml version="1.0" encoding="utf-8"?>
<Gesture Name="star10"><Point X="108" Y="305"/><Point X="108" Y="304"/><Point X="108" Y="303"/><Point X="109" Y="301"/><Point X="111" Y="299"/><Point X="111" Y="296"/><Point X="112" Y="295"/><Point X="113" Y="293"/><Point X="115" Y="291"/><Point X="115" Y="289"/><Point X="116" Y="287"/><Point X="119" Y="285"/><Point X="120" Y="282"/><Point X="122" Y="279"/><Point X="124" Y="275"/><Point X="129" Y="265"/><Point X="131" Y="258"/><Point X="133" Y="253.99998474121094"/><Point X="135" Y="249"/><Point X="140" Y="243.00001525878906"/><Point X="142.99996948242188" Y="235"/><Point X="147" Y="226.99998474121094"/><Point X="151" Y="221"/><Point X="154" Y="216"/><Point X="156" Y="212"/><Point X="158" Y="210"/><Point X="161.00001525878906" Y="206"/><Point X="161.00001525878906" Y="204"/><Point X="161.99998474121094" Y="202"/><Point X="163.00001525878906" Y="200"/><Point X="165.00001525878906" Y="197"/><Point X="165.99998474121094" Y="195"/><Point X="169" Y="193"/><Point X="172" Y="187"/><Point X="174" Y="184"/><Point X="176" Y="179"/><Point X="179" Y="175"/><Point X="181" Y="172"/><Point X="182.00001525878906" Y="167"/><Point X="183" Y="165"/><Point X="184.00001525878906" Y="162"/><Point X="184.99998474121094" Y="159"/><Point X="186.99998474121094" Y="157"/><Point X="186.99998474121094" Y="156"/><Point X="188.00001525878906" Y="154"/><Point X="188.99998474121094" Y="152"/><Point X="190.00001525878906" Y="151"/><Point X="190.00001525878906" Y="150"/><Point X="190.99998474121094" Y="150"/><Point X="192" Y="150"/><Point X="194" Y="150"/><Point X="194" Y="151"/><Point X="195" Y="152"/><Point X="196" Y="153"/><Point X="196" Y="154"/><Point X="197" Y="154"/><Point X="197" Y="155"/><Point X="197" Y="156"/><Point X="198" Y="157"/><Point X="198" Y="158"/><Point X="198" Y="159"/><Point X="199" Y="159"/><Point X="199" Y="160"/><Point X="199" Y="161"/><Point X="199" Y="162"/><Point X="199" Y="163"/><Point X="201" Y="163"/><Point X="202" Y="165"/><Point X="204" Y="171"/><Point X="207" Y="179"/><Point X="210.99998474121094" Y="184"/><Point X="215.00001525878906" Y="191"/><Point X="216.00001525878906" Y="195"/><Point X="220" Y="201"/><Point X="225" Y="206"/><Point X="230" Y="212"/><Point X="233.99998474121094" Y="216"/><Point X="236.99998474121094" Y="223"/><Point X="240.00001525878906" Y="226.99998474121094"/><Point X="245" Y="233.99998474121094"/><Point X="248" Y="239"/><Point X="251" Y="243.99998474121094"/><Point X="255" Y="250.00001525878906"/><Point X="260" Y="256"/><Point X="264" Y="263"/><Point X="270" Y="270"/><Point X="275" Y="278"/><Point X="278" Y="282"/><Point X="279" Y="285"/><Point X="280" Y="287"/><Point X="281" Y="289"/><Point X="281" Y="290"/><Point X="281" Y="291"/><Point X="281" Y="292"/><Point X="281" Y="294"/><Point X="276" Y="291"/><Point X="267" Y="286"/><Point X="257" Y="281"/><Point X="245" Y="275"/><Point X="233.99998474121094" Y="271"/><Point X="226" Y="267"/><Point X="216.00001525878906" Y="262"/><Point X="209.99998474121094" Y="260"/><Point X="205" Y="258"/><Point X="201" Y="256"/><Point X="198" Y="253.00001525878906"/><Point X="196" Y="252"/><Point X="190.99998474121094" Y="249"/><Point X="184.99998474121094" Y="243.00001525878906"/><Point X="179" Y="239"/><Point X="173" Y="233.99998474121094"/><Point X="165.99998474121094" Y="230.00001525878906"/><Point X="158" Y="225"/><Point X="153" Y="221"/><Point X="146" Y="217"/><Point X="140" Y="214"/><Point X="125" Y="207"/><Point X="120" Y="205"/><Point X="113" Y="203"/><Point X="111" Y="202"/><Point X="108" Y="201"/><Point X="105" Y="199"/><Point X="102" Y="198"/><Point X="101" Y="197"/><Point X="99" Y="197"/><Point X="97" Y="197"/><Point X="95" Y="196"/><Point X="94" Y="196"/><Point X="93" Y="196"/><Point X="92" Y="196"/><Point X="91" Y="196"/><Point X="90" Y="196"/><Point X="89" Y="196"/><Point X="89" Y="195"/><Point X="88" Y="195"/><Point X="87" Y="194"/><Point X="84" Y="192"/><Point X="82" Y="190"/><Point X="80" Y="188"/><Point X="79" Y="188"/><Point X="77" Y="187"/><Point X="76" Y="187"/><Point X="75" Y="187"/><Point X="75" Y="186"/><Point X="75" Y="185"/><Point X="75" Y="184"/><Point X="75" Y="183"/><Point X="76" Y="183"/><Point X="76" Y="182"/><Point X="78" Y="181"/><Point X="80" Y="181"/><Point X="82" Y="181"/><Point X="83" Y="181"/><Point X="86" Y="181"/><Point X="88" Y="181"/><Point X="89" Y="181"/><Point X="91" Y="181"/><Point X="92" Y="181"/><Point X="93" Y="181"/><Point X="94" Y="181"/><Point X="95" Y="181"/><Point X="96" Y="181"/><Point X="97" Y="181"/><Point X="99" Y="181"/><Point X="100" Y="181"/><Point X="101" Y="181"/><Point X="102" Y="181"/><Point X="104" Y="181"/><Point X="106" Y="181"/><Point X="108" Y="181"/><Point X="110" Y="181"/><Point X="112" Y="181"/><Point X="115" Y="181"/><Point X="117" Y="181"/><Point X="120" Y="181"/><Point X="123" Y="181"/><Point X="125" Y="181"/><Point X="129" Y="182"/><Point X="131" Y="182"/><Point X="134" Y="183"/><Point X="137" Y="183"/><Point X="139" Y="183"/><Point X="142" Y="184"/><Point X="145" Y="184"/><Point X="148" Y="186"/><Point X="151" Y="186"/><Point X="154" Y="186"/><Point X="158" Y="186"/><Point X="161.99998474121094" Y="186"/><Point X="165.99998474121094" Y="187"/><Point X="172" Y="187"/><Point X="175" Y="187"/><Point X="179" Y="187"/><Point X="183" Y="187"/><Point X="186.99998474121094" Y="187"/><Point X="190.99998474121094" Y="187"/><Point X="195" Y="187"/><Point X="197" Y="187"/><Point X="201" Y="187"/><Point X="205" Y="187"/><Point X="208.99998474121094" Y="187"/><Point X="214.00001525878906" Y="187"/><Point X="220" Y="187"/><Point X="225" Y="187"/><Point X="229" Y="187"/><Point X="233" Y="187"/><Point X="236.99998474121094" Y="187"/><Point X="240.00001525878906" Y="187"/><Point X="243" Y="187"/><Point X="246" Y="187"/><Point X="249" Y="187"/><Point X="251" Y="187"/><Point X="256" Y="187"/><Point X="259" Y="187"/><Point X="262" Y="187"/><Point X="265" Y="187"/><Point X="267" Y="187"/><Point X="270" Y="187"/><Point X="273" Y="187"/><Point X="274" Y="187"/><Point X="275" Y="187"/><Point X="276" Y="187"/><Point X="277" Y="187"/><Point X="278" Y="187"/><Point X="279" Y="187"/><Point X="280" Y="187"/><Point X="281" Y="187"/><Point X="288" Y="187"/><Point X="295" Y="185"/><Point X="302" Y="183"/><Point X="306" Y="183"/><Point X="309" Y="183"/><Point X="310" Y="183"/><Point X="311" Y="183"/><Point X="311" Y="184"/><Point X="311" Y="185"/><Point X="311" Y="186"/><Point X="311" Y="187"/><Point X="311" Y="188"/><Point X="311" Y="189"/><Point X="310" Y="190"/><Point X="310" Y="191"/><Point X="309" Y="192"/><Point X="308" Y="192"/><Point X="307" Y="194"/><Point X="306" Y="194"/><Point X="305" Y="195"/><Point X="304" Y="196"/><Point X="303" Y="196"/><Point X="301" Y="198"/><Point X="300" Y="198"/><Point X="298" Y="198"/><Point X="298" Y="199"/><Point X="297" Y="199"/><Point X="296" Y="200"/><Point X="295" Y="200"/><Point X="294" Y="201"/><Point X="293" Y="202"/><Point X="292" Y="202"/><Point X="291" Y="202"/><Point X="290" Y="203"/><Point X="287" Y="205"/><Point X="284" Y="205"/><Point X="278" Y="207"/><Point X="272" Y="209"/><Point X="269" Y="209"/><Point X="264" Y="211"/><Point X="261" Y="212"/><Point X="259" Y="213"/><Point X="255" Y="215"/><Point X="253" Y="216"/><Point X="250" Y="217"/><Point X="247" Y="217"/><Point X="245" Y="218"/><Point X="243" Y="220"/><Point X="240.00001525878906" Y="222"/><Point X="235.99998474121094" Y="224"/><Point X="233.99998474121094" Y="226.00001525878906"/><Point X="230" Y="228"/><Point X="225" Y="230.00001525878906"/><Point X="222" Y="232"/><Point X="218" Y="233.99998474121094"/><Point X="214.00001525878906" Y="233.99998474121094"/><Point X="211.99998474121094" Y="235"/><Point X="208" Y="236"/><Point X="206" Y="236.99998474121094"/><Point X="201" Y="239"/><Point X="199" Y="240.00001525878906"/><Point X="195" Y="242"/><Point X="188.99998474121094" Y="245"/><Point X="186.00001525878906" Y="245"/><Point X="180" Y="246.99998474121094"/><Point X="177" Y="248"/><Point X="170" Y="250.00001525878906"/><Point X="165.99998474121094" Y="252"/><Point X="161.00001525878906" Y="253.99998474121094"/><Point X="158" Y="256"/><Point X="154" Y="257"/><Point X="149" Y="259"/><Point X="147" Y="260"/><Point X="142.99996948242188" Y="263"/><Point X="140" Y="263"/><Point X="138" Y="264"/><Point X="136" Y="265"/><Point X="134" Y="266"/><Point X="132.00003051757813" Y="267"/><Point X="131" Y="268"/><Point X="129" Y="270"/><Point X="127" Y="272"/><Point X="125" Y="272"/><Point X="125" Y="273"/><Point X="124" Y="274"/><Point X="123" Y="274"/><Point X="123" Y="275"/><Point X="122" Y="275"/><Point X="121" Y="277"/><Point X="120" Y="277"/><Point X="120" Y="278"/><Point X="119" Y="278"/></Gesture>