<?xml version="1.0" encoding="utf-8"?>
<Gesture Name="star05"><Point X="102" Y="295"/><Point X="102" Y="294"/><Point X="102" Y="293"/><Point X="103" Y="291"/><Point X="104" Y="290"/><Point X="105" Y="287"/><Point X="106" Y="286"/><Point X="106" Y="284"/><Point X="107.00003051757813" Y="283"/><Point X="109" Y="281"/><Point X="109" Y="280"/><Point X="109" Y="279"/><Point X="109" Y="278"/><Point X="110" Y="277"/><Point X="111" Y="275"/><Point X="112" Y="274"/><Point X="113" Y="271"/><Point X="113" Y="268"/><Point X="116" Y="261"/><Point X="119" Y="255"/><Point X="121" Y="246.99998474121094"/><Point X="124" Y="236"/><Point X="127" Y="230.00001525878906"/><Point X="130" Y="223"/><Point X="134" Y="215"/><Point X="137" Y="208"/><Point X="142" Y="200"/><Point X="145" Y="195"/><Point X="147" Y="188"/><Point X="148" Y="186"/><Point X="150" Y="181"/><Point X="152" Y="178"/><Point X="154" Y="175"/><Point X="155" Y="171"/><Point X="156" Y="169"/><Point X="157.00001525878906" Y="166"/><Point X="158" Y="163"/><Point X="161.00001525878906" Y="160"/><Point X="161.99998474121094" Y="158"/><Point X="163.00001525878906" Y="154"/><Point X="163.00001525878906" Y="152"/><Point X="163.99998474121094" Y="149"/><Point X="165.00001525878906" Y="147"/><Point X="165.99998474121094" Y="145"/><Point X="167" Y="144"/><Point X="167" Y="142"/><Point X="167" Y="140"/><Point X="167" Y="139"/><Point X="167" Y="138"/><Point X="167" Y="137"/><Point X="167" Y="136"/><Point X="167.99998474121094" Y="136"/><Point X="169" Y="136"/><Point X="169" Y="137"/><Point X="170" Y="138"/><Point X="172" Y="140"/><Point X="173" Y="143"/><Point X="175" Y="146"/><Point X="177" Y="150"/><Point X="179" Y="156"/><Point X="182.00001525878906" Y="162"/><Point X="186.00001525878906" Y="169"/><Point X="188.00001525878906" Y="175"/><Point X="190.00001525878906" Y="183"/><Point X="192.99998474121094" Y="190"/><Point X="194" Y="196"/><Point X="195" Y="201"/><Point X="196" Y="206"/><Point X="197" Y="209"/><Point X="199" Y="216"/><Point X="200" Y="221"/><Point X="202" Y="226.00001525878906"/><Point X="203" Y="229"/><Point X="204" Y="233.00001525878906"/><Point X="206" Y="238"/><Point X="207" Y="240.00001525878906"/><Point X="208" Y="243.99998474121094"/><Point X="208.99998474121094" Y="246"/><Point X="211.99998474121094" Y="250.00001525878906"/><Point X="213.00001525878906" Y="253.99998474121094"/><Point X="215.00001525878906" Y="257"/><Point X="217" Y="264"/><Point X="219" Y="267"/><Point X="221" Y="270"/><Point X="223" Y="275"/><Point X="223" Y="277"/><Point X="224" Y="280"/><Point X="225" Y="283"/><Point X="226" Y="285"/><Point X="227" Y="286"/><Point X="227" Y="287"/><Point X="227" Y="288"/><Point X="227" Y="289"/><Point X="227" Y="290"/><Point X="227" Y="291"/><Point X="227" Y="290"/><Point X="226" Y="290"/><Point X="224" Y="288"/><Point X="221" Y="285"/><Point X="216.00001525878906" Y="281"/><Point X="209.99998474121094" Y="278"/><Point X="205" Y="275"/><Point X="198" Y="270"/><Point X="192.99998474121094" Y="267"/><Point X="186.00001525878906" Y="265"/><Point X="182.00001525878906" Y="263"/><Point X="176" Y="259"/><Point X="172" Y="256"/><Point X="165.00001525878906" Y="251"/><Point X="158" Y="243.99998474121094"/><Point X="148" Y="238"/><Point X="139" Y="232"/><Point X="127" Y="226.00001525878906"/><Point X="117.99996948242188" Y="220"/><Point X="105" Y="214"/><Point X="93" Y="206"/><Point X="85" Y="202"/><Point X="78" Y="197"/><Point X="71" Y="194"/><Point X="66" Y="191"/><Point X="62" Y="188"/><Point X="60" Y="187"/><Point X="58" Y="186"/><Point X="56" Y="185"/><Point X="54" Y="184"/><Point X="53" Y="184"/><Point X="53" Y="183"/><Point X="55" Y="183"/><Point X="56" Y="183"/><Point X="58" Y="183"/><Point X="60" Y="183"/><Point X="65" Y="183"/><Point X="78" Y="188"/><Point X="84" Y="190"/><Point X="89" Y="191"/><Point X="92" Y="192"/><Point X="95" Y="194"/><Point X="98" Y="194"/><Point X="100" Y="195"/><Point X="102" Y="195"/><Point X="104" Y="196"/><Point X="106" Y="196"/><Point X="108" Y="197"/><Point X="109" Y="197"/><Point X="112" Y="197"/><Point X="114" Y="198"/><Point X="116" Y="199"/><Point X="121" Y="200"/><Point X="125" Y="202"/><Point X="129" Y="202"/><Point X="142.99996948242188" Y="199"/><Point X="149" Y="199"/><Point X="156" Y="201"/><Point X="159.00001525878906" Y="202"/><Point X="163.99998474121094" Y="203"/><Point X="167.99998474121094" Y="203"/><Point X="174" Y="204"/><Point X="177" Y="205"/><Point X="182.00001525878906" Y="205"/><Point X="184.99998474121094" Y="205"/><Point X="188.00001525878906" Y="206"/><Point X="190.00001525878906" Y="206"/><Point X="195" Y="206"/><Point X="197" Y="206"/><Point X="199" Y="207"/><Point X="200" Y="207"/><Point X="202" Y="207"/><Point X="204" Y="207"/><Point X="205" Y="207"/><Point X="207" Y="207"/><Point X="214.00001525878906" Y="207"/><Point X="219" Y="208"/><Point X="225" Y="208"/><Point X="228" Y="208"/><Point X="233" Y="209"/><Point X="234.99998474121094" Y="209"/><Point X="238.00001525878906" Y="210"/><Point X="241.00001525878906" Y="210"/><Point X="242" Y="210"/><Point X="243" Y="210"/><Point X="244" Y="210"/><Point X="245" Y="210"/><Point X="246" Y="210"/><Point X="240.00001525878906" Y="212"/><Point X="231" Y="217"/><Point X="220" Y="220"/><Point X="210.99998474121094" Y="224"/><Point X="202" Y="226.99998474121094"/><Point X="196" Y="230.00001525878906"/><Point X="192" Y="231"/><Point X="186.00001525878906" Y="233.99998474121094"/><Point X="182.00001525878906" Y="236.99998474121094"/><Point X="178" Y="238"/><Point X="172" Y="242"/><Point X="161.00001525878906" Y="249"/><Point X="158" Y="251"/><Point X="154" Y="253.99998474121094"/><Point X="151" Y="256"/><Point X="148" Y="258"/><Point X="145" Y="260"/><Point X="142" Y="262"/><Point X="140" Y="266"/><Point X="138" Y="268"/><Point X="135" Y="270"/><Point X="133" Y="273"/><Point X="129" Y="276"/><Point X="123" Y="280"/><Point X="117" Y="285"/><Point X="113" Y="288"/><Point X="110" Y="289"/><Point X="107.00003051757813" Y="291"/><Point X="105" Y="294"/><Point X="104" Y="294"/><Point X="104" Y="295"/><Point X="103" Y="296"/><Point X="102" Y="296"/><Point X="101" Y="297"/><Point X="100" Y="297"/><Point X="99" Y="298"/><Point X="98" Y="298"/></Gesture>