<?xml version="1.0" encoding="utf-8"?>
<Gesture Name="triangle04"><Point X="209.99998474121094" Y="211"/><Point X="208.99998474121094" Y="211"/><Point X="208.99998474121094" Y="212"/><Point X="207" Y="214"/><Point X="207" Y="215"/><Point X="206" Y="216"/><Point X="204" Y="218"/><Point X="203" Y="219"/><Point X="201" Y="222"/><Point X="199" Y="223"/><Point X="199" Y="225"/><Point X="198" Y="226.00001525878906"/><Point X="196" Y="226.99998474121094"/><Point X="196" Y="228"/><Point X="195" Y="229"/><Point X="194" Y="230.00001525878906"/><Point X="194" Y="231"/><Point X="192.99998474121094" Y="231"/><Point X="192.99998474121094" Y="232"/><Point X="192.99998474121094" Y="233.00001525878906"/><Point X="192" Y="233.99998474121094"/><Point X="190.99998474121094" Y="236"/><Point X="190.00001525878906" Y="238"/><Point X="188.99998474121094" Y="239"/><Point X="186.99998474121094" Y="242"/><Point X="186.00001525878906" Y="243.00001525878906"/><Point X="186.00001525878906" Y="246"/><Point X="184.00001525878906" Y="248"/><Point X="181" Y="250.00001525878906"/><Point X="180" Y="251"/><Point X="178" Y="255"/><Point X="176" Y="257"/><Point X="175" Y="260"/><Point X="172" Y="264"/><Point X="167.99998474121094" Y="270"/><Point X="165.00001525878906" Y="277"/><Point X="161.99998474121094" Y="284"/><Point X="159.99998474121094" Y="287"/><Point X="158" Y="291"/><Point X="156" Y="295"/><Point X="155" Y="297"/><Point X="152" Y="300"/><Point X="149" Y="304"/><Point X="147" Y="306"/><Point X="146" Y="308"/><Point X="144" Y="310"/><Point X="142.99996948242188" Y="311"/><Point X="142.99996948242188" Y="312"/><Point X="142" Y="312"/><Point X="142" Y="313"/><Point X="142" Y="314"/><Point X="141" Y="314"/><Point X="140" Y="315"/><Point X="140" Y="316"/><Point X="139" Y="316"/><Point X="137" Y="317"/><Point X="137" Y="318"/><Point X="136" Y="320"/><Point X="135" Y="320"/><Point X="135" Y="321"/><Point X="135" Y="322"/><Point X="136" Y="322"/><Point X="137" Y="321"/><Point X="139" Y="319"/><Point X="139" Y="318"/><Point X="140" Y="318"/><Point X="141" Y="318"/><Point X="141" Y="317"/><Point X="142.99996948242188" Y="316"/><Point X="144" Y="316"/><Point X="145" Y="316"/><Point X="146" Y="315"/><Point X="147" Y="314"/><Point X="148" Y="314"/><Point X="149" Y="314"/><Point X="150" Y="314"/><Point X="151" Y="314"/><Point X="153" Y="314"/><Point X="159.99998474121094" Y="311"/><Point X="165.00001525878906" Y="310"/><Point X="171" Y="309"/><Point X="174" Y="309"/><Point X="179" Y="309"/><Point X="181" Y="309"/><Point X="184.00001525878906" Y="309"/><Point X="188.00001525878906" Y="309"/><Point X="190.99998474121094" Y="309"/><Point X="192" Y="309"/><Point X="194" Y="309"/><Point X="196" Y="309"/><Point X="197" Y="309"/><Point X="198" Y="309"/><Point X="199" Y="309"/><Point X="202" Y="308"/><Point X="213.00001525878906" Y="307"/><Point X="217" Y="306"/><Point X="225" Y="306"/><Point X="231" Y="306"/><Point X="235.99998474121094" Y="306"/><Point X="242" Y="306"/><Point X="248" Y="306"/><Point X="254" Y="306"/><Point X="257" Y="306"/><Point X="262" Y="306"/><Point X="264" Y="306"/><Point X="266" Y="306"/><Point X="268" Y="306"/><Point X="269" Y="306"/><Point X="269" Y="304"/><Point X="268" Y="303"/><Point X="267" Y="302"/><Point X="266" Y="300"/><Point X="265" Y="299"/><Point X="264" Y="297"/><Point X="262" Y="296"/><Point X="261" Y="294"/><Point X="261" Y="293"/><Point X="259" Y="292"/><Point X="258" Y="291"/><Point X="258" Y="290"/><Point X="257" Y="288"/><Point X="256" Y="288"/><Point X="256" Y="287"/><Point X="255" Y="286"/><Point X="254" Y="286"/><Point X="254" Y="285"/><Point X="252" Y="284"/><Point X="252" Y="283"/><Point X="252" Y="282"/><Point X="251" Y="281"/><Point X="251" Y="280"/><Point X="250" Y="280"/><Point X="250" Y="279"/><Point X="250" Y="278"/><Point X="249" Y="278"/><Point X="248" Y="276"/><Point X="248" Y="275"/><Point X="247" Y="274"/><Point X="246" Y="274"/><Point X="245" Y="272"/><Point X="244" Y="271"/><Point X="242" Y="267"/><Point X="241.00001525878906" Y="265"/><Point X="238.00001525878906" Y="261"/><Point X="233.99998474121094" Y="257"/><Point X="231" Y="253.00001525878906"/><Point X="229" Y="251"/><Point X="228" Y="249"/><Point X="228" Y="248"/><Point X="227" Y="246.99998474121094"/><Point X="226" Y="246.99998474121094"/><Point X="225" Y="246.99998474121094"/><Point X="225" Y="246"/><Point X="223" Y="243.99998474121094"/><Point X="220" Y="239"/><Point X="218" Y="235"/><Point X="217" Y="232"/><Point X="215.00001525878906" Y="229"/><Point X="211.99998474121094" Y="226.99998474121094"/><Point X="210.99998474121094" Y="225"/><Point X="208.99998474121094" Y="222"/><Point X="208" Y="222"/><Point X="208" Y="221"/><Point X="207" Y="221"/><Point X="206" Y="221"/><Point X="206" Y="220"/><Point X="205" Y="220"/><Point X="205" Y="219"/><Point X="204" Y="219"/><Point X="204" Y="218"/></Gesture>