<?xml version="1.0" encoding="utf-8"?>
<Gesture Name="triangle10"><Point X="199" Y="183"/><Point X="198" Y="184"/><Point X="194" Y="188"/><Point X="190.99998474121094" Y="192"/><Point X="188.00001525878906" Y="194"/><Point X="182.00001525878906" Y="201"/><Point X="179" Y="205"/><Point X="178" Y="209"/><Point X="176" Y="211"/><Point X="173" Y="214"/><Point X="171" Y="218"/><Point X="171" Y="220"/><Point X="170" Y="223"/><Point X="169" Y="225"/><Point X="167" Y="228"/><Point X="165.99998474121094" Y="230.00001525878906"/><Point X="163.99998474121094" Y="233.99998474121094"/><Point X="161.99998474121094" Y="236.99998474121094"/><Point X="159.99998474121094" Y="243.99998474121094"/><Point X="158" Y="249"/><Point X="154" Y="256"/><Point X="151" Y="262"/><Point X="147" Y="273"/><Point X="144" Y="276"/><Point X="142" Y="280"/><Point X="141" Y="283"/><Point X="139" Y="286"/><Point X="138" Y="289"/><Point X="135" Y="291"/><Point X="134" Y="295"/><Point X="132.00003051757813" Y="298"/><Point X="130" Y="301"/><Point X="128" Y="306"/><Point X="125" Y="311"/><Point X="123" Y="317"/><Point X="121" Y="321"/><Point X="120" Y="325"/><Point X="120" Y="327"/><Point X="119" Y="329"/><Point X="117" Y="331"/><Point X="116" Y="332"/><Point X="116" Y="333"/><Point X="116" Y="334"/><Point X="116" Y="335"/><Point X="116" Y="336"/><Point X="117" Y="336"/><Point X="117.99996948242188" Y="336"/><Point X="119" Y="336"/><Point X="120" Y="336"/><Point X="121" Y="336"/><Point X="122" Y="336"/><Point X="123" Y="336"/><Point X="124" Y="336"/><Point X="125" Y="336"/><Point X="126" Y="336"/><Point X="130" Y="335"/><Point X="138" Y="333"/><Point X="145" Y="332"/><Point X="152" Y="331"/><Point X="159.00001525878906" Y="330"/><Point X="165.99998474121094" Y="328"/><Point X="170" Y="328"/><Point X="178" Y="328"/><Point X="184.00001525878906" Y="327"/><Point X="188.00001525878906" Y="327"/><Point X="190.00001525878906" Y="327"/><Point X="195" Y="327"/><Point X="197" Y="327"/><Point X="200" Y="326"/><Point X="205" Y="325"/><Point X="209.99998474121094" Y="324"/><Point X="215.00001525878906" Y="324"/><Point X="220" Y="323"/><Point X="226" Y="322"/><Point X="233.99998474121094" Y="321"/><Point X="241.00001525878906" Y="320"/><Point X="248" Y="318"/><Point X="254" Y="316"/><Point X="259" Y="315"/><Point X="264" Y="315"/><Point X="266" Y="315"/><Point X="268" Y="315"/><Point X="270" Y="315"/><Point X="271" Y="315"/><Point X="272" Y="315"/><Point X="274" Y="315"/><Point X="283" Y="313"/><Point X="288" Y="313"/><Point X="290" Y="313"/><Point X="291" Y="313"/><Point X="292" Y="313"/><Point X="293" Y="313"/><Point X="294" Y="313"/><Point X="292" Y="310"/><Point X="291" Y="309"/><Point X="289" Y="305"/><Point X="287" Y="303"/><Point X="286" Y="299"/><Point X="283" Y="295"/><Point X="281" Y="293"/><Point X="279" Y="290"/><Point X="276" Y="285"/><Point X="272" Y="281"/><Point X="270" Y="277"/><Point X="267" Y="271"/><Point X="263" Y="264"/><Point X="261" Y="260"/><Point X="258" Y="256"/><Point X="253" Y="251"/><Point X="251" Y="246.99998474121094"/><Point X="247" Y="242"/><Point X="246" Y="239"/><Point X="242" Y="233.99998474121094"/><Point X="239.00001525878906" Y="231"/><Point X="231" Y="222"/><Point X="228" Y="220"/><Point X="225" Y="217"/><Point X="224" Y="213"/><Point X="221" Y="211"/><Point X="219" Y="209"/><Point X="217" Y="208"/><Point X="215.00001525878906" Y="205"/><Point X="214.00001525878906" Y="203"/><Point X="210.99998474121094" Y="202"/><Point X="207" Y="200"/><Point X="206" Y="196"/><Point X="204" Y="195"/><Point X="202" Y="193"/><Point X="200" Y="191"/><Point X="198" Y="190"/><Point X="197" Y="187"/><Point X="195" Y="186"/><Point X="192.99998474121094" Y="185"/><Point X="192" Y="184"/><Point X="190.99998474121094" Y="183"/><Point X="190.00001525878906" Y="183"/><Point X="188.99998474121094" Y="183"/></Gesture>