<?xml version="1.0" encoding="utf-8"?>
<Gesture Name="v02"><Point X="170" Y="169"/><Point X="170" Y="169"/><Point X="170" Y="171"/><Point X="170" Y="172"/><Point X="172" Y="175"/><Point X="173" Y="178"/><Point X="174" Y="181"/><Point X="175" Y="183"/><Point X="178" Y="187"/><Point X="179" Y="189"/><Point X="180" Y="191"/><Point X="180" Y="195"/><Point X="181" Y="196"/><Point X="182.00001525878906" Y="198"/><Point X="183" Y="200"/><Point X="184.00001525878906" Y="202"/><Point X="186.00001525878906" Y="205"/><Point X="186.99998474121094" Y="208"/><Point X="188.99998474121094" Y="213"/><Point X="190.99998474121094" Y="216"/><Point X="192.99998474121094" Y="219"/><Point X="197" Y="225"/><Point X="200" Y="230.00001525878906"/><Point X="203" Y="238"/><Point X="208" Y="245"/><Point X="210.99998474121094" Y="252"/><Point X="214.00001525878906" Y="260"/><Point X="219" Y="269"/><Point X="221" Y="274"/><Point X="223" Y="278"/><Point X="225" Y="280"/><Point X="227" Y="283"/><Point X="227" Y="286"/><Point X="228" Y="289"/><Point X="229" Y="290"/><Point X="229" Y="292"/><Point X="229" Y="293"/><Point X="229" Y="295"/><Point X="229" Y="296"/><Point X="229" Y="297"/><Point X="230" Y="297"/><Point X="231" Y="295"/><Point X="233.99998474121094" Y="292"/><Point X="235.99998474121094" Y="289"/><Point X="236.99998474121094" Y="286"/><Point X="240.00001525878906" Y="281"/><Point X="246" Y="276"/><Point X="249" Y="269"/><Point X="255" Y="262"/><Point X="260" Y="253.99998474121094"/><Point X="267" Y="242"/><Point X="272" Y="231"/><Point X="274" Y="221"/><Point X="276" Y="215"/><Point X="277" Y="210"/><Point X="279" Y="207"/><Point X="280" Y="205"/><Point X="281" Y="203"/><Point X="282" Y="201"/><Point X="282" Y="198"/><Point X="283" Y="196"/><Point X="284" Y="194"/><Point X="286" Y="191"/><Point X="288" Y="188"/><Point X="290" Y="185"/><Point X="292" Y="182"/><Point X="293" Y="180"/><Point X="293" Y="178"/><Point X="294" Y="177"/><Point X="294" Y="176"/><Point X="296" Y="175"/><Point X="296" Y="174"/><Point X="296" Y="173"/></Gesture>