<?xml version="1.0" encoding="utf-8"?>
<Gesture Name="v03"><Point X="117" Y="171"/><Point X="117.99996948242188" Y="175"/><Point X="121" Y="181"/><Point X="124" Y="187"/><Point X="129" Y="193"/><Point X="131" Y="199"/><Point X="134" Y="205"/><Point X="138" Y="211"/><Point X="149" Y="224"/><Point X="152" Y="231"/><Point X="155" Y="239"/><Point X="158" Y="243.99998474121094"/><Point X="161.00001525878906" Y="251"/><Point X="161.99998474121094" Y="253.00001525878906"/><Point X="163.99998474121094" Y="259"/><Point X="165.99998474121094" Y="264"/><Point X="167" Y="270"/><Point X="170" Y="277"/><Point X="172" Y="286"/><Point X="173" Y="293"/><Point X="176" Y="299"/><Point X="177" Y="306"/><Point X="177" Y="308"/><Point X="178" Y="313"/><Point X="180" Y="315"/><Point X="181" Y="318"/><Point X="182.00001525878906" Y="321"/><Point X="183" Y="324"/><Point X="183" Y="325"/><Point X="183" Y="326"/><Point X="183" Y="327"/><Point X="183" Y="328"/><Point X="183" Y="329"/><Point X="183" Y="330"/><Point X="186.00001525878906" Y="329"/><Point X="190.00001525878906" Y="322"/><Point X="196" Y="315"/><Point X="200" Y="307"/><Point X="203" Y="299"/><Point X="207" Y="292"/><Point X="209.99998474121094" Y="285"/><Point X="213.00001525878906" Y="276"/><Point X="219" Y="267"/><Point X="224" Y="253.99998474121094"/><Point X="232" Y="242"/><Point X="238.00001525878906" Y="231"/><Point X="244" Y="223"/><Point X="250" Y="213"/><Point X="257" Y="202"/><Point X="262" Y="192"/><Point X="266" Y="183"/><Point X="270" Y="173"/><Point X="273" Y="167"/><Point X="275" Y="162"/><Point X="276" Y="158"/><Point X="279" Y="154"/><Point X="280" Y="151"/><Point X="281" Y="150"/><Point X="282" Y="147"/><Point X="282" Y="146"/></Gesture>