<?xml version="1.0" encoding="utf-8"?>
<Gesture Name="v07"><Point X="72" Y="167"/><Point X="73" Y="167"/><Point X="73" Y="168"/><Point X="73" Y="169"/><Point X="73" Y="171"/><Point X="74" Y="171"/><Point X="75" Y="172"/><Point X="77" Y="175"/><Point X="79" Y="179"/><Point X="81" Y="183"/><Point X="84" Y="185"/><Point X="86" Y="189"/><Point X="87" Y="191"/><Point X="89" Y="194"/><Point X="90" Y="196"/><Point X="92" Y="198"/><Point X="93" Y="200"/><Point X="94" Y="201"/><Point X="96" Y="205"/><Point X="97" Y="207"/><Point X="99" Y="211"/><Point X="105" Y="218"/><Point X="112" Y="229"/><Point X="117" Y="233.99998474121094"/><Point X="121" Y="239"/><Point X="126" Y="243.99998474121094"/><Point X="131" Y="249"/><Point X="135" Y="252"/><Point X="136" Y="253.99998474121094"/><Point X="138" Y="258"/><Point X="140" Y="260"/><Point X="140" Y="261"/><Point X="142" Y="262"/><Point X="142" Y="263"/><Point X="142" Y="264"/><Point X="142" Y="266"/><Point X="142" Y="267"/><Point X="142.99996948242188" Y="267"/><Point X="142.99996948242188" Y="266"/><Point X="144" Y="265"/><Point X="145" Y="264"/><Point X="146" Y="263"/><Point X="146" Y="262"/><Point X="147" Y="261"/><Point X="147" Y="259"/><Point X="148" Y="257"/><Point X="149" Y="255"/><Point X="150" Y="253.00001525878906"/><Point X="151" Y="249"/><Point X="151" Y="246.99998474121094"/><Point X="154" Y="243.99998474121094"/><Point X="156" Y="239"/><Point X="157.00001525878906" Y="236"/><Point X="158" Y="232"/><Point X="159.00001525878906" Y="229"/><Point X="159.99998474121094" Y="226.00001525878906"/><Point X="159.99998474121094" Y="224"/><Point X="163.00001525878906" Y="220"/><Point X="163.99998474121094" Y="218"/><Point X="165.99998474121094" Y="215"/><Point X="167" Y="212"/><Point X="167.99998474121094" Y="210"/><Point X="171" Y="207"/><Point X="172" Y="205"/><Point X="172" Y="203"/><Point X="173" Y="202"/><Point X="174" Y="200"/><Point X="175" Y="199"/><Point X="175" Y="197"/><Point X="176" Y="197"/><Point X="177" Y="195"/><Point X="178" Y="194"/><Point X="179" Y="193"/><Point X="180" Y="192"/><Point X="182.00001525878906" Y="188"/><Point X="183" Y="186"/><Point X="184.00001525878906" Y="184"/><Point X="184.99998474121094" Y="182"/><Point X="186.00001525878906" Y="180"/><Point X="186.99998474121094" Y="178"/><Point X="188.00001525878906" Y="178"/><Point X="188.00001525878906" Y="177"/><Point X="188.00001525878906" Y="176"/></Gesture>