<?xml version="1.0" encoding="utf-8"?>
<Gesture Name="v10"><Point X="139" Y="180"/><Point X="140" Y="180"/><Point X="142" Y="182"/><Point X="144" Y="184"/><Point X="146" Y="188"/><Point X="148" Y="190"/><Point X="151" Y="193"/><Point X="153" Y="197"/><Point X="155" Y="201"/><Point X="158" Y="205"/><Point X="161.99998474121094" Y="211"/><Point X="165.99998474121094" Y="217"/><Point X="169" Y="225"/><Point X="173" Y="233.00001525878906"/><Point X="175" Y="238"/><Point X="178" Y="243.99998474121094"/><Point X="180" Y="250.00001525878906"/><Point X="184.00001525878906" Y="260"/><Point X="188.00001525878906" Y="266"/><Point X="190.00001525878906" Y="273"/><Point X="192" Y="275"/><Point X="192" Y="278"/><Point X="194" Y="283"/><Point X="195" Y="285"/><Point X="197" Y="288"/><Point X="198" Y="291"/><Point X="198" Y="293"/><Point X="199" Y="294"/><Point X="200" Y="296"/><Point X="201" Y="297"/><Point X="201" Y="299"/><Point X="201" Y="300"/><Point X="201" Y="301"/><Point X="201" Y="302"/><Point X="202" Y="302"/><Point X="203" Y="302"/><Point X="204" Y="302"/><Point X="205" Y="302"/><Point X="206" Y="300"/><Point X="207" Y="298"/><Point X="208" Y="295"/><Point X="209.99998474121094" Y="291"/><Point X="213.00001525878906" Y="282"/><Point X="215.00001525878906" Y="272"/><Point X="219" Y="261"/><Point X="223" Y="251"/><Point X="227" Y="245"/><Point X="232" Y="232"/><Point X="236.99998474121094" Y="224"/><Point X="240.00001525878906" Y="213"/><Point X="244" Y="204"/><Point X="249" Y="196"/><Point X="252" Y="188"/><Point X="255" Y="181"/><Point X="258" Y="170"/><Point X="263" Y="159"/><Point X="265" Y="151"/><Point X="267" Y="143"/><Point X="269" Y="138"/><Point X="271" Y="135"/><Point X="272" Y="132"/><Point X="272" Y="131"/><Point X="272" Y="130"/></Gesture>