<?xml version="1.0" encoding="utf-8"?>
<Gesture Name="x03"><Point X="136" Y="176"/><Point X="136" Y="178"/><Point X="136" Y="181"/><Point X="137" Y="185"/><Point X="137" Y="188"/><Point X="138" Y="190"/><Point X="140" Y="194"/><Point X="144" Y="197"/><Point X="146" Y="199"/><Point X="148" Y="203"/><Point X="150" Y="205"/><Point X="153" Y="206"/><Point X="155" Y="209"/><Point X="158" Y="213"/><Point X="161.99998474121094" Y="216"/><Point X="165.00001525878906" Y="218"/><Point X="167" Y="222"/><Point X="169" Y="225"/><Point X="173" Y="226.99998474121094"/><Point X="175" Y="231"/><Point X="177" Y="233.99998474121094"/><Point X="181" Y="236"/><Point X="184.00001525878906" Y="238"/><Point X="186.00001525878906" Y="241"/><Point X="188.00001525878906" Y="242"/><Point X="190.00001525878906" Y="245"/><Point X="192" Y="246.99998474121094"/><Point X="194" Y="249"/><Point X="195" Y="251"/><Point X="198" Y="252"/><Point X="200" Y="255"/><Point X="205" Y="260"/><Point X="211.99998474121094" Y="265"/><Point X="224" Y="276"/><Point X="232" Y="282"/><Point X="238.00001525878906" Y="286"/><Point X="246" Y="292"/><Point X="252" Y="298"/><Point X="258" Y="304"/><Point X="263" Y="308"/><Point X="268" Y="312"/><Point X="271" Y="316"/><Point X="273" Y="319"/><Point X="276" Y="321"/><Point X="278" Y="325"/><Point X="280" Y="326"/><Point X="280" Y="328"/><Point X="281" Y="330"/><Point X="282" Y="331"/><Point X="282" Y="332"/><Point X="282" Y="333"/><Point X="282" Y="334"/><Point X="283" Y="334"/><Point X="284" Y="332"/><Point X="286" Y="327"/><Point X="286" Y="324"/><Point X="287" Y="322"/><Point X="287" Y="318"/><Point X="288" Y="315"/><Point X="288" Y="311"/><Point X="289" Y="306"/><Point X="290" Y="298"/><Point X="290" Y="292"/><Point X="290" Y="281"/><Point X="290" Y="274"/><Point X="290" Y="266"/><Point X="290" Y="263"/><Point X="290" Y="259"/><Point X="290" Y="255"/><Point X="290" Y="249"/><Point X="290" Y="240.00001525878906"/><Point X="290" Y="231"/><Point X="289" Y="219"/><Point X="289" Y="211"/><Point X="289" Y="205"/><Point X="289" Y="199"/><Point X="289" Y="193"/><Point X="288" Y="187"/><Point X="288" Y="185"/><Point X="288" Y="181"/><Point X="288" Y="179"/><Point X="288" Y="178"/><Point X="288" Y="176"/><Point X="288" Y="175"/><Point X="288" Y="174"/><Point X="288" Y="173"/><Point X="288" Y="172"/><Point X="288" Y="171"/><Point X="288" Y="170"/><Point X="288" Y="168"/><Point X="287" Y="169"/><Point X="286" Y="169"/><Point X="286" Y="170"/><Point X="285" Y="171"/><Point X="284" Y="172"/><Point X="282" Y="173"/><Point X="281" Y="174"/><Point X="280" Y="175"/><Point X="280" Y="176"/><Point X="279" Y="177"/><Point X="278" Y="177"/><Point X="278" Y="178"/><Point X="277" Y="179"/><Point X="275" Y="182"/><Point X="275" Y="183"/><Point X="274" Y="184"/><Point X="273" Y="185"/><Point X="273" Y="187"/><Point X="272" Y="189"/><Point X="270" Y="190"/><Point X="268" Y="192"/><Point X="266" Y="193"/><Point X="264" Y="195"/><Point X="262" Y="198"/><Point X="259" Y="199"/><Point X="257" Y="201"/><Point X="254" Y="203"/><Point X="251" Y="206"/><Point X="248" Y="208"/><Point X="243" Y="212"/><Point X="234.99998474121094" Y="218"/><Point X="225" Y="222"/><Point X="216.00001525878906" Y="225"/><Point X="208.99998474121094" Y="230.00001525878906"/><Point X="197" Y="235"/><Point X="190.99998474121094" Y="236.99998474121094"/><Point X="186.99998474121094" Y="240.00001525878906"/><Point X="182.00001525878906" Y="243.00001525878906"/><Point X="179" Y="245"/><Point X="176" Y="246.99998474121094"/><Point X="173" Y="251"/><Point X="170" Y="253.00001525878906"/><Point X="165.99998474121094" Y="256"/><Point X="163.99998474121094" Y="259"/><Point X="161.99998474121094" Y="261"/><Point X="159.99998474121094" Y="264"/><Point X="157.00001525878906" Y="267"/><Point X="156" Y="270"/><Point X="153" Y="273"/><Point X="151" Y="276"/><Point X="149" Y="279"/><Point X="147" Y="280"/><Point X="146" Y="282"/><Point X="146" Y="284"/><Point X="145" Y="285"/><Point X="144" Y="286"/><Point X="142.99996948242188" Y="287"/><Point X="142" Y="288"/><Point X="141" Y="289"/><Point X="140" Y="290"/><Point X="140" Y="292"/><Point X="139" Y="292"/><Point X="138" Y="293"/><Point X="138" Y="294"/><Point X="138" Y="295"/><Point X="138" Y="296"/><Point X="138" Y="297"/><Point X="138" Y="298"/><Point X="137" Y="299"/><Point X="137" Y="300"/><Point X="136" Y="300"/><Point X="135" Y="301"/><Point X="135" Y="302"/><Point X="134" Y="302"/><Point X="134" Y="303"/></Gesture>