<?xml version="1.0" encoding="utf-8"?>
<Gesture Name="x05"><Point X="112" Y="179"/><Point X="117" Y="182"/><Point X="125" Y="191"/><Point X="131" Y="196"/><Point X="139" Y="203"/><Point X="146" Y="209"/><Point X="151" Y="215"/><Point X="157.00001525878906" Y="219"/><Point X="161.99998474121094" Y="225"/><Point X="167" Y="228"/><Point X="171" Y="231"/><Point X="175" Y="235"/><Point X="179" Y="238"/><Point X="181" Y="240.00001525878906"/><Point X="184.00001525878906" Y="243.99998474121094"/><Point X="188.00001525878906" Y="246.99998474121094"/><Point X="190.99998474121094" Y="250.00001525878906"/><Point X="192" Y="251"/><Point X="195" Y="253.99998474121094"/><Point X="197" Y="255"/><Point X="197" Y="257"/><Point X="198" Y="258"/><Point X="199" Y="258"/><Point X="199" Y="259"/><Point X="199" Y="260"/><Point X="200" Y="261"/><Point X="200" Y="262"/><Point X="201" Y="262"/><Point X="202" Y="262"/><Point X="204" Y="264"/><Point X="209.99998474121094" Y="270"/><Point X="222" Y="279"/><Point X="234.99998474121094" Y="289"/><Point X="244" Y="298"/><Point X="252" Y="304"/><Point X="258" Y="310"/><Point X="263" Y="315"/><Point X="267" Y="319"/><Point X="270" Y="321"/><Point X="271" Y="322"/><Point X="272" Y="323"/><Point X="273" Y="323"/><Point X="273" Y="324"/><Point X="273" Y="325"/><Point X="273" Y="324"/><Point X="272" Y="321"/><Point X="271" Y="319"/><Point X="270" Y="315"/><Point X="270" Y="313"/><Point X="269" Y="311"/><Point X="269" Y="309"/><Point X="269" Y="307"/><Point X="268" Y="306"/><Point X="268" Y="304"/><Point X="267" Y="300"/><Point X="267" Y="297"/><Point X="267" Y="294"/><Point X="267" Y="289"/><Point X="266" Y="286"/><Point X="265" Y="278"/><Point X="265" Y="271"/><Point X="264" Y="266"/><Point X="264" Y="261"/><Point X="264" Y="258"/><Point X="263" Y="253.99998474121094"/><Point X="263" Y="248"/><Point X="263" Y="245"/><Point X="262" Y="240.00001525878906"/><Point X="262" Y="236.99998474121094"/><Point X="262" Y="230.00001525878906"/><Point X="262" Y="219"/><Point X="261" Y="212"/><Point X="261" Y="207"/><Point X="261" Y="202"/><Point X="261" Y="199"/><Point X="261" Y="197"/><Point X="260" Y="193"/><Point X="260" Y="191"/><Point X="260" Y="188"/><Point X="260" Y="184"/><Point X="260" Y="178"/><Point X="260" Y="170"/><Point X="260" Y="160"/><Point X="259" Y="153"/><Point X="259" Y="147"/><Point X="259" Y="145"/><Point X="259" Y="142"/><Point X="259" Y="141"/><Point X="258" Y="142"/><Point X="257" Y="143"/><Point X="256" Y="145"/><Point X="256" Y="146"/><Point X="255" Y="147"/><Point X="254" Y="149"/><Point X="253" Y="151"/><Point X="253" Y="153"/><Point X="252" Y="155"/><Point X="251" Y="156"/><Point X="250" Y="158"/><Point X="249" Y="161"/><Point X="247" Y="164"/><Point X="244" Y="168"/><Point X="241.00001525878906" Y="173"/><Point X="234.99998474121094" Y="177"/><Point X="231" Y="183"/><Point X="227" Y="188"/><Point X="220" Y="195"/><Point X="210.99998474121094" Y="202"/><Point X="204" Y="211"/><Point X="197" Y="218"/><Point X="190.99998474121094" Y="225"/><Point X="186.00001525878906" Y="231"/><Point X="182.00001525878906" Y="235"/><Point X="177" Y="241"/><Point X="175" Y="243.00001525878906"/><Point X="172" Y="249"/><Point X="165.99998474121094" Y="253.99998474121094"/><Point X="163.99998474121094" Y="257"/><Point X="161.99998474121094" Y="260"/><Point X="159.00001525878906" Y="263"/><Point X="157.00001525878906" Y="266"/><Point X="156" Y="268"/><Point X="155" Y="270"/><Point X="153" Y="271"/><Point X="151" Y="273"/><Point X="149" Y="275"/><Point X="147" Y="278"/><Point X="146" Y="281"/><Point X="144" Y="284"/><Point X="140" Y="287"/><Point X="137" Y="290"/><Point X="134" Y="294"/><Point X="126" Y="302"/><Point X="123" Y="307"/><Point X="121" Y="311"/><Point X="119" Y="314"/><Point X="117.99996948242188" Y="318"/><Point X="115" Y="321"/><Point X="114" Y="322"/><Point X="113" Y="324"/><Point X="112" Y="325"/><Point X="112" Y="326"/><Point X="112" Y="327"/><Point X="112" Y="328"/></Gesture>