<?xml version="1.0" encoding="utf-8"?>
<Gesture Name="x08"><Point X="154" Y="124"/><Point X="158" Y="131"/><Point X="163.99998474121094" Y="140"/><Point X="170" Y="147"/><Point X="174" Y="154"/><Point X="178" Y="159"/><Point X="183" Y="165"/><Point X="186.00001525878906" Y="169"/><Point X="188.99998474121094" Y="175"/><Point X="192" Y="179"/><Point X="196" Y="186"/><Point X="198" Y="191"/><Point X="200" Y="196"/><Point X="203" Y="200"/><Point X="205" Y="206"/><Point X="207" Y="209"/><Point X="207" Y="212"/><Point X="208.99998474121094" Y="217"/><Point X="213.00001525878906" Y="223"/><Point X="213.00001525878906" Y="226.00001525878906"/><Point X="214.00001525878906" Y="229"/><Point X="215.00001525878906" Y="231"/><Point X="216.00001525878906" Y="233.99998474121094"/><Point X="218" Y="236.99998474121094"/><Point X="220" Y="240.00001525878906"/><Point X="222" Y="245"/><Point X="224" Y="246.99998474121094"/><Point X="226" Y="250.00001525878906"/><Point X="226" Y="253.00001525878906"/><Point X="229" Y="256"/><Point X="230" Y="257"/><Point X="232" Y="261"/><Point X="232" Y="262"/><Point X="233.99998474121094" Y="264"/><Point X="234.99998474121094" Y="266"/><Point X="235.99998474121094" Y="268"/><Point X="239.00001525878906" Y="270"/><Point X="240.00001525878906" Y="271"/><Point X="241.00001525878906" Y="274"/><Point X="242" Y="276"/><Point X="243" Y="277"/><Point X="244" Y="278"/><Point X="244" Y="279"/><Point X="244" Y="280"/><Point X="244" Y="281"/><Point X="244" Y="280"/><Point X="244" Y="277"/><Point X="244" Y="273"/><Point X="244" Y="269"/><Point X="244" Y="265"/><Point X="245" Y="255"/><Point X="246" Y="248"/><Point X="246" Y="242"/><Point X="247" Y="236"/><Point X="247" Y="232"/><Point X="248" Y="225"/><Point X="248" Y="222"/><Point X="248" Y="219"/><Point X="248" Y="215"/><Point X="249" Y="212"/><Point X="250" Y="204"/><Point X="251" Y="199"/><Point X="252" Y="194"/><Point X="254" Y="191"/><Point X="255" Y="186"/><Point X="256" Y="182"/><Point X="256" Y="178"/><Point X="256" Y="175"/><Point X="256" Y="173"/><Point X="257" Y="169"/><Point X="257" Y="168"/><Point X="257" Y="167"/><Point X="257" Y="165"/><Point X="257" Y="164"/><Point X="257" Y="161"/><Point X="257" Y="160"/><Point X="257" Y="158"/><Point X="258" Y="156"/><Point X="258" Y="152"/><Point X="258" Y="149"/><Point X="259" Y="143"/><Point X="260" Y="138"/><Point X="261" Y="132"/><Point X="261" Y="124"/><Point X="261" Y="121.99999237060547"/><Point X="261" Y="119"/><Point X="261" Y="118"/><Point X="261" Y="116.99999237060547"/><Point X="261" Y="116"/><Point X="261" Y="116.99999237060547"/><Point X="261" Y="118"/><Point X="261" Y="119"/><Point X="261" Y="120.00000762939453"/><Point X="261" Y="121"/><Point X="260" Y="121"/><Point X="259" Y="121.99999237060547"/><Point X="259" Y="123"/><Point X="259" Y="124"/><Point X="258" Y="125.00000762939453"/><Point X="257" Y="126"/><Point X="256" Y="126.99999237060547"/><Point X="255" Y="126.99999237060547"/><Point X="255" Y="128"/><Point X="253" Y="130"/><Point X="252" Y="132"/><Point X="248" Y="134"/><Point X="243" Y="141"/><Point X="239.00001525878906" Y="145"/><Point X="233.99998474121094" Y="150"/><Point X="230" Y="155"/><Point X="224" Y="159"/><Point X="220" Y="165"/><Point X="213.00001525878906" Y="169"/><Point X="208" Y="175"/><Point X="201" Y="181"/><Point X="195" Y="186"/><Point X="186.99998474121094" Y="193"/><Point X="178" Y="203"/><Point X="172" Y="210"/><Point X="165.99998474121094" Y="216"/><Point X="159.99998474121094" Y="223"/><Point X="153" Y="228"/><Point X="148" Y="235"/><Point X="141" Y="241"/><Point X="136" Y="248"/><Point X="129" Y="255"/><Point X="123" Y="263"/><Point X="116" Y="273"/><Point X="111" Y="278"/><Point X="105" Y="285"/><Point X="100" Y="291"/><Point X="94" Y="298"/><Point X="88" Y="304"/><Point X="86" Y="308"/><Point X="83" Y="311"/><Point X="81" Y="315"/><Point X="79" Y="316"/><Point X="79" Y="317"/><Point X="78" Y="318"/><Point X="78" Y="319"/><Point X="77" Y="319"/><Point X="77" Y="321"/></Gesture>