<?xml version="1.0" encoding="utf-8"?>
<Gesture Name="x09"><Point X="149" Y="134"/><Point X="155" Y="138"/><Point X="163.99998474121094" Y="145"/><Point X="169" Y="151"/><Point X="176" Y="159"/><Point X="180" Y="163"/><Point X="186.00001525878906" Y="168"/><Point X="190.00001525878906" Y="173"/><Point X="194" Y="177"/><Point X="198" Y="180"/><Point X="202" Y="184"/><Point X="208" Y="188"/><Point X="211.99998474121094" Y="192"/><Point X="217" Y="198"/><Point X="224" Y="203"/><Point X="231" Y="210"/><Point X="234.99998474121094" Y="214"/><Point X="239.00001525878906" Y="218"/><Point X="242" Y="224"/><Point X="245" Y="226.00001525878906"/><Point X="249" Y="230.00001525878906"/><Point X="252" Y="233.00001525878906"/><Point X="254" Y="236"/><Point X="257" Y="239"/><Point X="261" Y="242"/><Point X="264" Y="245"/><Point X="267" Y="249"/><Point X="270" Y="252"/><Point X="272" Y="253.99998474121094"/><Point X="274" Y="256"/><Point X="275" Y="258"/><Point X="278" Y="260"/><Point X="279" Y="262"/><Point X="280" Y="263"/><Point X="281" Y="266"/><Point X="282" Y="267"/><Point X="283" Y="268"/><Point X="283" Y="269"/><Point X="283" Y="270"/><Point X="285" Y="270"/><Point X="286" Y="270"/><Point X="286" Y="269"/><Point X="286" Y="268"/><Point X="286" Y="265"/><Point X="286" Y="264"/><Point X="286" Y="261"/><Point X="286" Y="259"/><Point X="286" Y="256"/><Point X="286" Y="253.99998474121094"/><Point X="286" Y="252"/><Point X="286" Y="248"/><Point X="286" Y="246"/><Point X="285" Y="242"/><Point X="285" Y="240.00001525878906"/><Point X="283" Y="236"/><Point X="283" Y="235"/><Point X="282" Y="230.00001525878906"/><Point X="282" Y="226.00001525878906"/><Point X="281" Y="217"/><Point X="281" Y="208"/><Point X="281" Y="197"/><Point X="281" Y="191"/><Point X="281" Y="186"/><Point X="281" Y="183"/><Point X="281" Y="178"/><Point X="281" Y="175"/><Point X="280" Y="172"/><Point X="280" Y="166"/><Point X="280" Y="159"/><Point X="279" Y="153"/><Point X="279" Y="146"/><Point X="279" Y="138"/><Point X="278" Y="132"/><Point X="278" Y="126"/><Point X="278" Y="119"/><Point X="277" Y="112.00000762939453"/><Point X="277" Y="106"/><Point X="277" Y="102.00000762939453"/><Point X="277" Y="94"/><Point X="277" Y="92"/><Point X="277" Y="90"/><Point X="277" Y="88"/><Point X="277" Y="87"/><Point X="277" Y="88"/><Point X="277" Y="90"/><Point X="277" Y="91"/><Point X="277" Y="92"/><Point X="276" Y="92"/><Point X="276" Y="92.999984741210938"/><Point X="276" Y="94"/><Point X="274" Y="94"/><Point X="274" Y="95.000015258789063"/><Point X="274" Y="97"/><Point X="273" Y="99"/><Point X="272" Y="101"/><Point X="271" Y="104"/><Point X="269" Y="108.00000762939453"/><Point X="265" Y="115.00000762939453"/><Point X="263" Y="119"/><Point X="260" Y="124"/><Point X="254" Y="130"/><Point X="248" Y="138"/><Point X="241.00001525878906" Y="146"/><Point X="233.99998474121094" Y="156"/><Point X="226" Y="165"/><Point X="220" Y="170"/><Point X="213.00001525878906" Y="177"/><Point X="208.99998474121094" Y="184"/><Point X="203" Y="188"/><Point X="197" Y="195"/><Point X="190.99998474121094" Y="200"/><Point X="184.00001525878906" Y="207"/><Point X="178" Y="212"/><Point X="172" Y="219"/><Point X="167.99998474121094" Y="223"/><Point X="163.99998474121094" Y="226.99998474121094"/><Point X="159.99998474121094" Y="231"/><Point X="158" Y="233.99998474121094"/><Point X="156" Y="235"/><Point X="153" Y="236.99998474121094"/><Point X="153" Y="239"/><Point X="151" Y="240.00001525878906"/><Point X="151" Y="241"/><Point X="150" Y="241"/><Point X="149" Y="242"/><Point X="148" Y="242"/><Point X="148" Y="243.00001525878906"/><Point X="147" Y="243.00001525878906"/><Point X="147" Y="243.99998474121094"/><Point X="146" Y="245"/><Point X="146" Y="246"/><Point X="145" Y="246.99998474121094"/><Point X="145" Y="248"/><Point X="145" Y="249"/><Point X="144" Y="250.00001525878906"/><Point X="142.99996948242188" Y="252"/><Point X="142.99996948242188" Y="253.00001525878906"/><Point X="142" Y="253.99998474121094"/><Point X="141" Y="255"/><Point X="140" Y="255"/><Point X="140" Y="256"/><Point X="140" Y="257"/></Gesture>