<?xml version="1.0" encoding="utf-8"?>
<Gesture Name="x10"><Point X="107.00003051757813" Y="130"/><Point X="112" Y="135"/><Point X="117.99996948242188" Y="143"/><Point X="123" Y="150"/><Point X="129" Y="158"/><Point X="135" Y="164"/><Point X="139" Y="171"/><Point X="145" Y="176"/><Point X="149" Y="183"/><Point X="156" Y="190"/><Point X="161.99998474121094" Y="198"/><Point X="170" Y="208"/><Point X="175" Y="215"/><Point X="183" Y="223"/><Point X="186.99998474121094" Y="230.00001525878906"/><Point X="192.99998474121094" Y="236"/><Point X="197" Y="242"/><Point X="203" Y="246.99998474121094"/><Point X="207" Y="252"/><Point X="211.99998474121094" Y="256"/><Point X="216.00001525878906" Y="260"/><Point X="220" Y="266"/><Point X="223" Y="269"/><Point X="226" Y="273"/><Point X="228" Y="275"/><Point X="232" Y="278"/><Point X="233" Y="279"/><Point X="233.99998474121094" Y="281"/><Point X="234.99998474121094" Y="282"/><Point X="234.99998474121094" Y="283"/><Point X="235.99998474121094" Y="284"/><Point X="236.99998474121094" Y="284"/><Point X="239.00001525878906" Y="284"/><Point X="240.00001525878906" Y="282"/><Point X="241.00001525878906" Y="280"/><Point X="242" Y="278"/><Point X="243" Y="271"/><Point X="243" Y="268"/><Point X="243" Y="266"/><Point X="243" Y="263"/><Point X="243" Y="259"/><Point X="243" Y="253.00001525878906"/><Point X="243" Y="249"/><Point X="243" Y="243.00001525878906"/><Point X="243" Y="239"/><Point X="243" Y="233.99998474121094"/><Point X="243" Y="230.00001525878906"/><Point X="243" Y="225"/><Point X="243" Y="220"/><Point X="243" Y="212"/><Point X="243" Y="208"/><Point X="243" Y="202"/><Point X="243" Y="198"/><Point X="243" Y="191"/><Point X="243" Y="182"/><Point X="243" Y="170"/><Point X="243" Y="160"/><Point X="243" Y="149"/><Point X="243" Y="143"/><Point X="243" Y="137"/><Point X="243" Y="134"/><Point X="243" Y="128"/><Point X="243" Y="125.00000762939453"/><Point X="243" Y="121"/><Point X="243" Y="118"/><Point X="243" Y="116"/><Point X="243" Y="115.00000762939453"/><Point X="236.99998474121094" Y="120.00000762939453"/><Point X="227" Y="126.99999237060547"/><Point X="214.00001525878906" Y="138"/><Point X="206" Y="146"/><Point X="181" Y="167"/><Point X="171" Y="176"/><Point X="159.99998474121094" Y="186"/><Point X="150" Y="193"/><Point X="139" Y="203"/><Point X="131" Y="212"/><Point X="121" Y="219"/><Point X="111" Y="226.99998474121094"/><Point X="103" Y="236"/><Point X="96" Y="242"/><Point X="89" Y="249"/><Point X="82" Y="253.99998474121094"/><Point X="76" Y="261"/><Point X="68" Y="267"/><Point X="62" Y="273"/><Point X="57" Y="276"/><Point X="54" Y="280"/><Point X="52" Y="281"/><Point X="49" Y="283"/><Point X="48" Y="284"/><Point X="47" Y="285"/><Point X="46" Y="286"/><Point X="46" Y="287"/><Point X="45" Y="287"/><Point X="44" Y="288"/><Point X="44" Y="289"/></Gesture>