<?xml version="1.0" encoding="utf-8"?>
<Gesture Name="zig-zag04"><Point X="49" Y="260"/><Point X="49" Y="260"/><Point X="49" Y="259"/><Point X="49" Y="258"/><Point X="49" Y="257"/><Point X="49" Y="256"/><Point X="49" Y="255"/><Point X="49" Y="253.99998474121094"/><Point X="50" Y="253.00001525878906"/><Point X="51" Y="251"/><Point X="51" Y="250.00001525878906"/><Point X="52" Y="246.99998474121094"/><Point X="52" Y="246"/><Point X="53" Y="245"/><Point X="53" Y="243.99998474121094"/><Point X="53" Y="243.00001525878906"/><Point X="54" Y="242"/><Point X="54" Y="240.00001525878906"/><Point X="55" Y="240.00001525878906"/><Point X="56" Y="238"/><Point X="57" Y="236"/><Point X="58" Y="235"/><Point X="58" Y="233.99998474121094"/><Point X="58" Y="232"/><Point X="59" Y="231"/><Point X="59" Y="230.00001525878906"/><Point X="59" Y="229"/><Point X="59" Y="228"/><Point X="60" Y="226.99998474121094"/><Point X="61" Y="225"/><Point X="63" Y="224"/><Point X="63" Y="222"/><Point X="63" Y="221"/><Point X="64" Y="220"/><Point X="65" Y="219"/><Point X="65" Y="217"/><Point X="65" Y="216"/><Point X="66" Y="215"/><Point X="66" Y="214"/><Point X="67" Y="213"/><Point X="68" Y="210"/><Point X="68" Y="209"/><Point X="70" Y="207"/><Point X="70" Y="206"/><Point X="71" Y="205"/><Point X="72" Y="203"/><Point X="72" Y="202"/><Point X="72" Y="201"/><Point X="73" Y="200"/><Point X="74" Y="199"/><Point X="75" Y="196"/><Point X="77" Y="194"/><Point X="77" Y="193"/><Point X="78" Y="191"/><Point X="79" Y="189"/><Point X="80" Y="187"/><Point X="80" Y="186"/><Point X="80" Y="185"/><Point X="80" Y="184"/><Point X="80" Y="183"/><Point X="80" Y="182"/><Point X="81" Y="182"/><Point X="82" Y="183"/><Point X="82" Y="184"/><Point X="82" Y="185"/><Point X="83" Y="186"/><Point X="85" Y="187"/><Point X="86" Y="189"/><Point X="87" Y="190"/><Point X="87" Y="193"/><Point X="88" Y="194"/><Point X="89" Y="196"/><Point X="90" Y="197"/><Point X="90" Y="200"/><Point X="91" Y="201"/><Point X="93" Y="203"/><Point X="94" Y="204"/><Point X="94" Y="206"/><Point X="94" Y="208"/><Point X="95" Y="210"/><Point X="96" Y="211"/><Point X="97" Y="212"/><Point X="97" Y="213"/><Point X="97" Y="215"/><Point X="98" Y="216"/><Point X="99" Y="218"/><Point X="100" Y="219"/><Point X="101" Y="221"/><Point X="102" Y="221"/><Point X="102" Y="223"/><Point X="102" Y="224"/><Point X="102" Y="225"/><Point X="103" Y="226.00001525878906"/><Point X="104" Y="226.00001525878906"/><Point X="104" Y="226.99998474121094"/><Point X="105" Y="229"/><Point X="106" Y="231"/><Point X="107.00003051757813" Y="233.00001525878906"/><Point X="109" Y="235"/><Point X="110" Y="236.99998474121094"/><Point X="111" Y="239"/><Point X="112" Y="241"/><Point X="112" Y="242"/><Point X="113" Y="243.00001525878906"/><Point X="113" Y="243.99998474121094"/><Point X="113" Y="245"/><Point X="114" Y="245"/><Point X="114" Y="246"/><Point X="114" Y="246.99998474121094"/><Point X="115" Y="246.99998474121094"/><Point X="116" Y="249"/><Point X="116" Y="250.00001525878906"/><Point X="117" Y="251"/><Point X="117" Y="252"/><Point X="117" Y="253.00001525878906"/><Point X="117" Y="253.99998474121094"/><Point X="117" Y="252"/><Point X="117" Y="251"/><Point X="117" Y="250.00001525878906"/><Point X="117" Y="249"/><Point X="117.99996948242188" Y="249"/><Point X="117.99996948242188" Y="248"/><Point X="117.99996948242188" Y="246.99998474121094"/><Point X="119" Y="246"/><Point X="120" Y="245"/><Point X="121" Y="243.99998474121094"/><Point X="121" Y="243.00001525878906"/><Point X="122" Y="243.00001525878906"/><Point X="123" Y="242"/><Point X="123" Y="241"/><Point X="124" Y="239"/><Point X="125" Y="238"/><Point X="126" Y="236.99998474121094"/><Point X="127" Y="236"/><Point X="129" Y="235"/><Point X="130" Y="233.00001525878906"/><Point X="132.00003051757813" Y="231"/><Point X="132.00003051757813" Y="230.00001525878906"/><Point X="133" Y="229"/><Point X="134" Y="226.99998474121094"/><Point X="135" Y="225"/><Point X="137" Y="223"/><Point X="138" Y="221"/><Point X="139" Y="220"/><Point X="140" Y="218"/><Point X="141" Y="218"/><Point X="141" Y="217"/><Point X="142" Y="215"/><Point X="142.99996948242188" Y="214"/><Point X="144" Y="213"/><Point X="145" Y="213"/><Point X="145" Y="212"/><Point X="146" Y="211"/><Point X="147" Y="210"/><Point X="148" Y="208"/><Point X="148" Y="207"/><Point X="149" Y="207"/><Point X="151" Y="204"/><Point X="152" Y="201"/><Point X="153" Y="200"/><Point X="153" Y="199"/><Point X="153" Y="198"/><Point X="154" Y="196"/><Point X="154" Y="195"/><Point X="155" Y="193"/><Point X="156" Y="192"/><Point X="156" Y="190"/><Point X="156" Y="189"/><Point X="156" Y="188"/><Point X="157.00001525878906" Y="186"/><Point X="159.00001525878906" Y="184"/><Point X="159.00001525878906" Y="183"/><Point X="159.00001525878906" Y="182"/><Point X="159.00001525878906" Y="181"/><Point X="159.99998474121094" Y="179"/><Point X="159.99998474121094" Y="178"/><Point X="159.99998474121094" Y="177"/><Point X="159.99998474121094" Y="176"/><Point X="159.99998474121094" Y="175"/><Point X="161.00001525878906" Y="175"/><Point X="161.00001525878906" Y="176"/><Point X="161.00001525878906" Y="177"/><Point X="161.00001525878906" Y="178"/><Point X="161.99998474121094" Y="180"/><Point X="163.00001525878906" Y="181"/><Point X="165.99998474121094" Y="184"/><Point X="167" Y="188"/><Point X="169" Y="190"/><Point X="171" Y="193"/><Point X="172" Y="196"/><Point X="173" Y="199"/><Point X="174" Y="201"/><Point X="176" Y="205"/><Point X="177" Y="207"/><Point X="177" Y="209"/><Point X="178" Y="212"/><Point X="179" Y="213"/><Point X="179" Y="215"/><Point X="179" Y="216"/><Point X="179" Y="218"/><Point X="179" Y="220"/><Point X="179" Y="221"/><Point X="180" Y="223"/><Point X="180" Y="224"/><Point X="180" Y="225"/><Point X="180" Y="226.00001525878906"/><Point X="180" Y="228"/><Point X="180" Y="229"/><Point X="180" Y="230.00001525878906"/><Point X="181" Y="231"/><Point X="184.00001525878906" Y="233.00001525878906"/><Point X="184.99998474121094" Y="235"/><Point X="188.00001525878906" Y="236.99998474121094"/><Point X="188.99998474121094" Y="238"/><Point X="190.00001525878906" Y="239"/><Point X="190.99998474121094" Y="240.00001525878906"/><Point X="190.99998474121094" Y="241"/><Point X="192" Y="242"/><Point X="192.99998474121094" Y="243.00001525878906"/><Point X="192.99998474121094" Y="243.99998474121094"/><Point X="194" Y="243.99998474121094"/><Point X="194" Y="245"/><Point X="194" Y="246"/><Point X="195" Y="249"/><Point X="195" Y="250.00001525878906"/><Point X="195" Y="251"/><Point X="196" Y="251"/><Point X="197" Y="251"/><Point X="198" Y="251"/><Point X="199" Y="251"/><Point X="201" Y="251"/><Point X="201" Y="250.00001525878906"/><Point X="202" Y="250.00001525878906"/><Point X="203" Y="246.99998474121094"/><Point X="204" Y="246"/><Point X="205" Y="245"/><Point X="205" Y="243.99998474121094"/><Point X="206" Y="242"/><Point X="207" Y="240.00001525878906"/><Point X="208" Y="238"/><Point X="208.99998474121094" Y="236.99998474121094"/><Point X="209.99998474121094" Y="235"/><Point X="210.99998474121094" Y="232"/><Point X="211.99998474121094" Y="230.00001525878906"/><Point X="211.99998474121094" Y="229"/><Point X="213.00001525878906" Y="226.99998474121094"/><Point X="214.00001525878906" Y="224"/><Point X="215.00001525878906" Y="222"/><Point X="216.00001525878906" Y="221"/><Point X="217" Y="219"/><Point X="218" Y="217"/><Point X="219" Y="215"/><Point X="219" Y="214"/><Point X="219" Y="213"/><Point X="220" Y="213"/><Point X="221" Y="212"/><Point X="221" Y="211"/><Point X="221" Y="210"/><Point X="222" Y="208"/><Point X="223" Y="208"/><Point X="224" Y="206"/><Point X="225" Y="205"/><Point X="226" Y="202"/><Point X="226" Y="201"/><Point X="227" Y="199"/><Point X="228" Y="198"/><Point X="229" Y="195"/><Point X="229" Y="194"/><Point X="229" Y="193"/><Point X="230" Y="193"/><Point X="230" Y="192"/><Point X="232" Y="191"/><Point X="232" Y="190"/><Point X="232" Y="189"/><Point X="232" Y="188"/><Point X="232" Y="187"/><Point X="233" Y="186"/><Point X="233.99998474121094" Y="185"/><Point X="233.99998474121094" Y="184"/><Point X="234.99998474121094" Y="183"/><Point X="234.99998474121094" Y="182"/><Point X="234.99998474121094" Y="181"/><Point X="234.99998474121094" Y="180"/><Point X="235.99998474121094" Y="180"/><Point X="235.99998474121094" Y="179"/></Gesture>