<?xml version="1.0" encoding="utf-8"?>
<Gesture Name="arrow08"><Point X="117.99996948242188" Y="258"/><Point X="134" Y="251"/><Point X="150" Y="243.99998474121094"/><Point X="167.99998474121094" Y="233.99998474121094"/><Point X="183" Y="224"/><Point X="194" Y="218"/><Point X="207" Y="209"/><Point X="215.00001525878906" Y="205"/><Point X="222" Y="200"/><Point X="230" Y="197"/><Point X="234.99998474121094" Y="195"/><Point X="243" Y="192"/><Point X="246" Y="190"/><Point X="248" Y="189"/><Point X="249" Y="188"/><Point X="251" Y="188"/><Point X="251" Y="187"/><Point X="254" Y="186"/><Point X="256" Y="184"/><Point X="258" Y="183"/><Point X="260" Y="181"/><Point X="262" Y="179"/><Point X="265" Y="178"/><Point X="266" Y="177"/><Point X="267" Y="176"/><Point X="268" Y="176"/><Point X="270" Y="174"/><Point X="270" Y="173"/><Point X="270" Y="172"/><Point X="270" Y="171"/><Point X="270" Y="170"/><Point X="269" Y="170"/><Point X="269" Y="169"/><Point X="268" Y="168"/><Point X="267" Y="167"/><Point X="266" Y="166"/><Point X="263" Y="165"/><Point X="257" Y="163"/><Point X="250" Y="161"/><Point X="242" Y="159"/><Point X="232" Y="155"/><Point X="226" Y="154"/><Point X="221" Y="153"/><Point X="216.00001525878906" Y="152"/><Point X="213.00001525878906" Y="151"/><Point X="208" Y="150"/><Point X="205" Y="150"/><Point X="203" Y="150"/><Point X="201" Y="150"/><Point X="198" Y="150"/><Point X="197" Y="150"/><Point X="196" Y="150"/><Point X="195" Y="150"/><Point X="194" Y="150"/><Point X="196" Y="151"/><Point X="202" Y="153"/><Point X="207" Y="154"/><Point X="215.00001525878906" Y="155"/><Point X="228" Y="160"/><Point X="235.99998474121094" Y="161"/><Point X="241.00001525878906" Y="163"/><Point X="246" Y="164"/><Point X="251" Y="166"/><Point X="256" Y="168"/><Point X="259" Y="169"/><Point X="264" Y="170"/><Point X="267" Y="171"/><Point X="269" Y="172"/><Point X="271" Y="173"/><Point X="274" Y="174"/><Point X="276" Y="174"/><Point X="278" Y="175"/><Point X="282" Y="175"/><Point X="283" Y="177"/><Point X="284" Y="177"/><Point X="282" Y="181"/><Point X="280" Y="187"/><Point X="278" Y="191"/><Point X="276" Y="195"/><Point X="275" Y="198"/><Point X="273" Y="201"/><Point X="272" Y="204"/><Point X="270" Y="207"/><Point X="269" Y="209"/><Point X="268" Y="213"/><Point X="267" Y="215"/><Point X="264" Y="221"/><Point X="263" Y="222"/><Point X="263" Y="223"/><Point X="263" Y="224"/></Gesture>