<?xml version="1.0" encoding="utf-8"?>
<Gesture Name="arrow09"><Point X="94" Y="310"/><Point X="106" Y="301"/><Point X="124" Y="288"/><Point X="141" Y="275"/><Point X="154" Y="264"/><Point X="167" Y="253.99998474121094"/><Point X="180" Y="245"/><Point X="188.00001525878906" Y="240.00001525878906"/><Point X="196" Y="233.00001525878906"/><Point X="203" Y="228"/><Point X="209.99998474121094" Y="224"/><Point X="214.00001525878906" Y="221"/><Point X="220" Y="217"/><Point X="223" Y="216"/><Point X="226" Y="214"/><Point X="228" Y="212"/><Point X="229" Y="212"/><Point X="231" Y="211"/><Point X="233" Y="210"/><Point X="234.99998474121094" Y="209"/><Point X="235.99998474121094" Y="208"/><Point X="238.00001525878906" Y="207"/><Point X="241.00001525878906" Y="204"/><Point X="243" Y="203"/><Point X="246" Y="201"/><Point X="250" Y="198"/><Point X="251" Y="197"/><Point X="252" Y="195"/><Point X="253" Y="195"/><Point X="253" Y="194"/><Point X="253" Y="193"/><Point X="252" Y="192"/><Point X="250" Y="191"/><Point X="245" Y="189"/><Point X="236.99998474121094" Y="185"/><Point X="221" Y="180"/><Point X="214.00001525878906" Y="178"/><Point X="208" Y="176"/><Point X="204" Y="176"/><Point X="201" Y="175"/><Point X="198" Y="175"/><Point X="192.99998474121094" Y="174"/><Point X="190.99998474121094" Y="174"/><Point X="188.00001525878906" Y="174"/><Point X="186.00001525878906" Y="174"/><Point X="184.99998474121094" Y="174"/><Point X="183" Y="174"/><Point X="182.00001525878906" Y="174"/><Point X="180" Y="174"/><Point X="179" Y="174"/><Point X="182.00001525878906" Y="174"/><Point X="186.00001525878906" Y="174"/><Point X="192.99998474121094" Y="174"/><Point X="200" Y="174"/><Point X="208.99998474121094" Y="175"/><Point X="217" Y="177"/><Point X="224" Y="177"/><Point X="230" Y="177"/><Point X="234.99998474121094" Y="178"/><Point X="239.00001525878906" Y="179"/><Point X="244" Y="180"/><Point X="246" Y="181"/><Point X="247" Y="181"/><Point X="248" Y="181"/><Point X="249" Y="181"/><Point X="250" Y="181"/><Point X="252" Y="182"/><Point X="253" Y="182"/><Point X="255" Y="183"/><Point X="256" Y="184"/><Point X="257" Y="186"/><Point X="258" Y="186"/><Point X="259" Y="186"/><Point X="259" Y="187"/><Point X="259" Y="188"/><Point X="259" Y="189"/><Point X="259" Y="190"/><Point X="258" Y="191"/><Point X="255" Y="194"/><Point X="252" Y="200"/><Point X="243" Y="212"/><Point X="236.99998474121094" Y="223"/><Point X="231" Y="233.00001525878906"/><Point X="225" Y="246.99998474121094"/><Point X="217" Y="261"/><Point X="211.99998474121094" Y="272"/><Point X="207" Y="282"/><Point X="205" Y="287"/><Point X="203" Y="291"/><Point X="202" Y="293"/><Point X="201" Y="295"/><Point X="199" Y="296"/><Point X="199" Y="299"/><Point X="198" Y="299"/><Point X="197" Y="300"/><Point X="197" Y="301"/><Point X="197" Y="302"/></Gesture>