<?xml version="1.0" encoding="utf-8"?>
<Gesture Name="arrow04"><Point X="108" Y="299"/><Point X="119" Y="285"/><Point X="129" Y="273"/><Point X="137" Y="265"/><Point X="144" Y="258"/><Point X="154" Y="246.99998474121094"/><Point X="161.00001525878906" Y="238"/><Point X="169" Y="228"/><Point X="176" Y="221"/><Point X="183" Y="214"/><Point X="188.00001525878906" Y="208"/><Point X="194" Y="203"/><Point X="198" Y="201"/><Point X="200" Y="200"/><Point X="204" Y="197"/><Point X="205" Y="196"/><Point X="206" Y="196"/><Point X="207" Y="194"/><Point X="208.99998474121094" Y="193"/><Point X="213.00001525878906" Y="190"/><Point X="216.00001525878906" Y="186"/><Point X="218" Y="183"/><Point X="221" Y="181"/><Point X="222" Y="179"/><Point X="223" Y="178"/><Point X="224" Y="178"/><Point X="224" Y="177"/><Point X="224" Y="176"/><Point X="225" Y="176"/><Point X="225" Y="175"/><Point X="223" Y="174"/><Point X="221" Y="173"/><Point X="214.00001525878906" Y="170"/><Point X="207" Y="168"/><Point X="202" Y="166"/><Point X="194" Y="163"/><Point X="184.99998474121094" Y="162"/><Point X="178" Y="159"/><Point X="172" Y="158"/><Point X="167" Y="157"/><Point X="161.99998474121094" Y="156"/><Point X="159.99998474121094" Y="156"/><Point X="157.00001525878906" Y="156"/><Point X="154" Y="156"/><Point X="152" Y="156"/><Point X="150" Y="156"/><Point X="148" Y="156"/><Point X="147" Y="156"/><Point X="146" Y="156"/><Point X="145" Y="156"/><Point X="144" Y="156"/><Point X="142.99996948242188" Y="156"/><Point X="144" Y="156"/><Point X="146" Y="156"/><Point X="149" Y="157"/><Point X="154" Y="159"/><Point X="161.99998474121094" Y="160"/><Point X="171" Y="161"/><Point X="177" Y="161"/><Point X="184.99998474121094" Y="161"/><Point X="192" Y="161"/><Point X="199" Y="161"/><Point X="203" Y="161"/><Point X="207" Y="161"/><Point X="210.99998474121094" Y="161"/><Point X="213.00001525878906" Y="161"/><Point X="216.00001525878906" Y="161"/><Point X="217" Y="161"/><Point X="219" Y="161"/><Point X="220" Y="161"/><Point X="220" Y="162"/><Point X="220" Y="163"/><Point X="220" Y="164"/><Point X="220" Y="165"/><Point X="220" Y="166"/><Point X="220" Y="167"/><Point X="219" Y="172"/><Point X="217" Y="180"/><Point X="215.00001525878906" Y="188"/><Point X="213.00001525878906" Y="196"/><Point X="209.99998474121094" Y="207"/><Point X="208.99998474121094" Y="217"/><Point X="208" Y="228"/><Point X="206" Y="236"/><Point X="205" Y="241"/><Point X="205" Y="243.00001525878906"/><Point X="204" Y="248"/><Point X="204" Y="250.00001525878906"/><Point X="204" Y="253.99998474121094"/><Point X="204" Y="256"/><Point X="204" Y="257"/><Point X="204" Y="258"/><Point X="204" Y="259"/><Point X="204" Y="261"/></Gesture>