<?xml version="1.0" encoding="utf-8"?>
<Gesture Name="arrow03"><Point X="81" Y="324"/><Point X="92" Y="322"/><Point X="99" Y="318"/><Point X="110" Y="313"/><Point X="121" Y="310"/><Point X="129" Y="306"/><Point X="137" Y="302"/><Point X="145" Y="297"/><Point X="153" Y="292"/><Point X="159.99998474121094" Y="288"/><Point X="165.00001525878906" Y="285"/><Point X="171" Y="280"/><Point X="178" Y="275"/><Point X="183" Y="270"/><Point X="190.00001525878906" Y="266"/><Point X="198" Y="261"/><Point X="205" Y="258"/><Point X="213.00001525878906" Y="253.99998474121094"/><Point X="218" Y="252"/><Point X="223" Y="250.00001525878906"/><Point X="231" Y="248"/><Point X="235.99998474121094" Y="243.99998474121094"/><Point X="244" Y="240.00001525878906"/><Point X="249" Y="236.99998474121094"/><Point X="258" Y="232"/><Point X="264" Y="229"/><Point X="268" Y="226.00001525878906"/><Point X="271" Y="224"/><Point X="274" Y="222"/><Point X="276" Y="220"/><Point X="277" Y="219"/><Point X="278" Y="219"/><Point X="279" Y="219"/><Point X="279" Y="218"/><Point X="279" Y="217"/><Point X="279" Y="215"/><Point X="279" Y="214"/><Point X="278" Y="213"/><Point X="275" Y="211"/><Point X="269" Y="207"/><Point X="264" Y="204"/><Point X="257" Y="200"/><Point X="251" Y="198"/><Point X="247" Y="195"/><Point X="243" Y="194"/><Point X="238.00001525878906" Y="191"/><Point X="233.99998474121094" Y="190"/><Point X="231" Y="188"/><Point X="227" Y="185"/><Point X="224" Y="183"/><Point X="218" Y="181"/><Point X="217" Y="180"/><Point X="214.00001525878906" Y="180"/><Point X="213.00001525878906" Y="180"/><Point X="211.99998474121094" Y="180"/><Point X="210.99998474121094" Y="180"/><Point X="211.99998474121094" Y="180"/><Point X="218" Y="183"/><Point X="224" Y="188"/><Point X="232" Y="191"/><Point X="240.00001525878906" Y="194"/><Point X="246" Y="199"/><Point X="254" Y="202"/><Point X="258" Y="204"/><Point X="263" Y="206"/><Point X="267" Y="208"/><Point X="271" Y="211"/><Point X="273" Y="212"/><Point X="275" Y="214"/><Point X="276" Y="214"/><Point X="279" Y="216"/><Point X="282" Y="219"/><Point X="284" Y="220"/><Point X="287" Y="222"/><Point X="289" Y="224"/><Point X="291" Y="225"/><Point X="292" Y="228"/><Point X="293" Y="228"/><Point X="294" Y="229"/><Point X="294" Y="230.00001525878906"/><Point X="294" Y="231"/><Point X="294" Y="232"/><Point X="294" Y="233.99998474121094"/><Point X="293" Y="235"/><Point X="291" Y="239"/><Point X="288" Y="245"/><Point X="283" Y="255"/><Point X="277" Y="267"/><Point X="271" Y="275"/><Point X="268" Y="282"/><Point X="266" Y="284"/><Point X="264" Y="287"/><Point X="262" Y="290"/><Point X="261" Y="291"/><Point X="260" Y="292"/><Point X="259" Y="293"/><Point X="259" Y="294"/></Gesture>