<?xml version="1.0" encoding="utf-8"?>
<Gesture Name="arrow10"><Point X="87" Y="278"/><Point X="92" Y="277"/><Point X="106" Y="273"/><Point X="130" Y="265"/><Point X="142.99996948242188" Y="261"/><Point X="157.00001525878906" Y="253.00001525878906"/><Point X="171" Y="246"/><Point X="194" Y="233.00001525878906"/><Point X="202" Y="229"/><Point X="208.99998474121094" Y="224"/><Point X="217" Y="220"/><Point X="227" Y="213"/><Point X="236.99998474121094" Y="208"/><Point X="245" Y="202"/><Point X="253" Y="197"/><Point X="261" Y="193"/><Point X="265" Y="189"/><Point X="270" Y="187"/><Point X="274" Y="185"/><Point X="277" Y="184"/><Point X="279" Y="183"/><Point X="284" Y="181"/><Point X="288" Y="179"/><Point X="290" Y="178"/><Point X="292" Y="177"/><Point X="293" Y="176"/><Point X="296" Y="176"/><Point X="297" Y="175"/><Point X="298" Y="175"/><Point X="297" Y="175"/><Point X="295" Y="175"/><Point X="293" Y="173"/><Point X="292" Y="173"/><Point X="289" Y="172"/><Point X="286" Y="171"/><Point X="283" Y="170"/><Point X="279" Y="169"/><Point X="275" Y="167"/><Point X="272" Y="166"/><Point X="268" Y="165"/><Point X="265" Y="164"/><Point X="263" Y="163"/><Point X="259" Y="162"/><Point X="257" Y="161"/><Point X="252" Y="160"/><Point X="250" Y="160"/><Point X="249" Y="160"/><Point X="248" Y="160"/><Point X="246" Y="160"/><Point X="244" Y="160"/><Point X="242" Y="160"/><Point X="240.00001525878906" Y="160"/><Point X="236.99998474121094" Y="160"/><Point X="233.99998474121094" Y="160"/><Point X="232" Y="160"/><Point X="228" Y="160"/><Point X="226" Y="160"/><Point X="224" Y="160"/><Point X="222" Y="160"/><Point X="220" Y="160"/><Point X="219" Y="160"/><Point X="218" Y="160"/><Point X="217" Y="160"/><Point X="218" Y="160"/><Point X="222" Y="159"/><Point X="226" Y="158"/><Point X="229" Y="158"/><Point X="233.99998474121094" Y="158"/><Point X="241.00001525878906" Y="156"/><Point X="248" Y="156"/><Point X="257" Y="156"/><Point X="264" Y="157"/><Point X="269" Y="158"/><Point X="274" Y="159"/><Point X="277" Y="160"/><Point X="279" Y="160"/><Point X="281" Y="161"/><Point X="283" Y="162"/><Point X="285" Y="163"/><Point X="286" Y="165"/><Point X="287" Y="165"/><Point X="287" Y="166"/><Point X="288" Y="166"/><Point X="289" Y="168"/><Point X="290" Y="169"/><Point X="291" Y="173"/><Point X="291" Y="177"/><Point X="291" Y="182"/><Point X="291" Y="186"/><Point X="291" Y="191"/><Point X="291" Y="196"/><Point X="289" Y="204"/><Point X="285" Y="213"/><Point X="283" Y="218"/><Point X="281" Y="228"/><Point X="278" Y="236.99998474121094"/><Point X="276" Y="242"/><Point X="274" Y="249"/><Point X="273" Y="252"/><Point X="272" Y="257"/><Point X="270" Y="262"/><Point X="270" Y="266"/><Point X="269" Y="268"/><Point X="268" Y="271"/><Point X="267" Y="273"/><Point X="265" Y="275"/><Point X="265" Y="276"/><Point X="265" Y="277"/><Point X="265" Y="278"/><Point X="264" Y="280"/></Gesture>