<?xml version="1.0" encoding="utf-8"?>
<Gesture Name="caret03"><Point X="109" Y="299"/><Point X="126" Y="258"/><Point X="129" Y="251"/><Point X="134" Y="242"/><Point X="139" Y="232"/><Point X="142" Y="224"/><Point X="147" Y="216"/><Point X="150" Y="208"/><Point X="152" Y="204"/><Point X="154" Y="199"/><Point X="156" Y="197"/><Point X="157.00001525878906" Y="195"/><Point X="158" Y="193"/><Point X="159.00001525878906" Y="190"/><Point X="159.99998474121094" Y="189"/><Point X="161.99998474121094" Y="186"/><Point X="163.99998474121094" Y="182"/><Point X="167" Y="178"/><Point X="169" Y="176"/><Point X="171" Y="172"/><Point X="172" Y="170"/><Point X="173" Y="168"/><Point X="174" Y="168"/><Point X="174" Y="167"/><Point X="174" Y="166"/><Point X="174" Y="165"/><Point X="174" Y="164"/><Point X="179" Y="153"/><Point X="182.00001525878906" Y="149"/><Point X="183" Y="148"/><Point X="183" Y="146"/><Point X="183" Y="145"/><Point X="186.00001525878906" Y="151"/><Point X="192.99998474121094" Y="164"/><Point X="198" Y="178"/><Point X="203" Y="189"/><Point X="207" Y="198"/><Point X="209.99998474121094" Y="206"/><Point X="215.00001525878906" Y="214"/><Point X="218" Y="224"/><Point X="222" Y="233.00001525878906"/><Point X="225" Y="241"/><Point X="227" Y="248"/><Point X="228" Y="251"/><Point X="229" Y="255"/><Point X="230" Y="257"/><Point X="231" Y="260"/><Point X="232" Y="262"/><Point X="232" Y="264"/><Point X="232" Y="265"/><Point X="232" Y="266"/><Point X="232" Y="267"/><Point X="232" Y="268"/><Point X="232" Y="269"/><Point X="233.99998474121094" Y="269"/><Point X="233.99998474121094" Y="270"/></Gesture>