<?xml version="1.0" encoding="utf-8"?>
<Gesture Name="caret02"><Point X="105" Y="288"/><Point X="113" Y="276"/><Point X="117.99996948242188" Y="263"/><Point X="122" Y="255"/><Point X="128" Y="246.99998474121094"/><Point X="133" Y="239"/><Point X="139" Y="230.00001525878906"/><Point X="142" Y="222"/><Point X="144" Y="219"/><Point X="147" Y="213"/><Point X="149" Y="210"/><Point X="150" Y="208"/><Point X="151" Y="205"/><Point X="152" Y="203"/><Point X="152" Y="202"/><Point X="154" Y="200"/><Point X="156" Y="198"/><Point X="157.00001525878906" Y="195"/><Point X="159.00001525878906" Y="191"/><Point X="161.00001525878906" Y="186"/><Point X="163.99998474121094" Y="181"/><Point X="169" Y="171"/><Point X="173" Y="162"/><Point X="176" Y="155"/><Point X="178" Y="150"/><Point X="179" Y="147"/><Point X="180" Y="145"/><Point X="180" Y="144"/><Point X="180" Y="143"/><Point X="180" Y="142"/><Point X="180" Y="141"/><Point X="181" Y="141"/><Point X="182.00001525878906" Y="141"/><Point X="184.00001525878906" Y="144"/><Point X="188.00001525878906" Y="148"/><Point X="206" Y="180"/><Point X="214.00001525878906" Y="193"/><Point X="218" Y="202"/><Point X="226" Y="215"/><Point X="230" Y="224"/><Point X="232" Y="231"/><Point X="234.99998474121094" Y="236"/><Point X="236.99998474121094" Y="241"/><Point X="240.00001525878906" Y="246.99998474121094"/><Point X="242" Y="252"/><Point X="245" Y="253.99998474121094"/><Point X="246" Y="257"/><Point X="248" Y="260"/><Point X="250" Y="263"/><Point X="251" Y="265"/><Point X="253" Y="269"/><Point X="254" Y="271"/><Point X="255" Y="274"/><Point X="257" Y="278"/><Point X="258" Y="280"/><Point X="259" Y="282"/><Point X="259" Y="286"/><Point X="260" Y="288"/><Point X="263" Y="290"/><Point X="264" Y="292"/><Point X="264" Y="293"/><Point X="265" Y="295"/><Point X="265" Y="296"/><Point X="265" Y="297"/><Point X="265" Y="298"/></Gesture>