<?xml version="1.0" encoding="utf-8"?>
<Gesture Name="caret01"><Point X="64" Y="299"/><Point X="67" Y="293"/><Point X="72" Y="283"/><Point X="78" Y="273"/><Point X="83" Y="261"/><Point X="88" Y="250.00001525878906"/><Point X="94" Y="242"/><Point X="98" Y="233.99998474121094"/><Point X="102" Y="228"/><Point X="109" Y="217"/><Point X="116" Y="203"/><Point X="120" Y="193"/><Point X="124" Y="184"/><Point X="127" Y="177"/><Point X="130" Y="172"/><Point X="132.00003051757813" Y="167"/><Point X="134" Y="164"/><Point X="136" Y="162"/><Point X="138" Y="158"/><Point X="140" Y="156"/><Point X="141" Y="153"/><Point X="141" Y="151"/><Point X="142" Y="148"/><Point X="144" Y="147"/><Point X="147" Y="152"/><Point X="149" Y="161"/><Point X="151" Y="172"/><Point X="156" Y="186"/><Point X="159.99998474121094" Y="198"/><Point X="161.99998474121094" Y="208"/><Point X="165.00001525878906" Y="213"/><Point X="167.99998474121094" Y="219"/><Point X="170" Y="224"/><Point X="171" Y="229"/><Point X="171" Y="232"/><Point X="172" Y="233.99998474121094"/><Point X="173" Y="238"/><Point X="173" Y="239"/><Point X="173" Y="240.00001525878906"/><Point X="173" Y="241"/><Point X="173" Y="242"/><Point X="173" Y="243.00001525878906"/><Point X="173" Y="243.99998474121094"/><Point X="175" Y="246"/><Point X="176" Y="252"/><Point X="177" Y="256"/><Point X="178" Y="265"/><Point X="180" Y="271"/><Point X="181" Y="275"/><Point X="182.00001525878906" Y="277"/><Point X="184.00001525878906" Y="281"/><Point X="184.00001525878906" Y="282"/><Point X="184.00001525878906" Y="284"/><Point X="184.00001525878906" Y="285"/><Point X="184.00001525878906" Y="286"/><Point X="184.00001525878906" Y="287"/></Gesture>