<?xml version="1.0" encoding="utf-8"?>
<Gesture Name="caret07"><Point X="80" Y="314"/><Point X="84" Y="305"/><Point X="94" Y="286"/><Point X="101" Y="267"/><Point X="111" Y="249"/><Point X="114" Y="241"/><Point X="120" Y="231"/><Point X="125" Y="222"/><Point X="130" Y="213"/><Point X="132.00003051757813" Y="206"/><Point X="134" Y="200"/><Point X="135" Y="197"/><Point X="136" Y="195"/><Point X="137" Y="192"/><Point X="138" Y="190"/><Point X="138" Y="188"/><Point X="138" Y="187"/><Point X="139" Y="187"/><Point X="140" Y="187"/><Point X="141" Y="187"/><Point X="142" Y="187"/><Point X="144" Y="187"/><Point X="147" Y="187"/><Point X="150" Y="187"/><Point X="152" Y="190"/><Point X="157.00001525878906" Y="193"/><Point X="159.99998474121094" Y="195"/><Point X="163.99998474121094" Y="198"/><Point X="165.99998474121094" Y="202"/><Point X="169" Y="207"/><Point X="171" Y="212"/><Point X="174" Y="216"/><Point X="177" Y="223"/><Point X="182.00001525878906" Y="231"/><Point X="188.00001525878906" Y="241"/><Point X="190.99998474121094" Y="252"/><Point X="195" Y="262"/><Point X="200" Y="271"/><Point X="202" Y="276"/><Point X="204" Y="279"/><Point X="206" Y="283"/><Point X="208" Y="286"/><Point X="209.99998474121094" Y="289"/><Point X="210.99998474121094" Y="291"/><Point X="211.99998474121094" Y="292"/><Point X="211.99998474121094" Y="294"/><Point X="211.99998474121094" Y="295"/><Point X="211.99998474121094" Y="297"/><Point X="211.99998474121094" Y="298"/></Gesture>