<?xml version="1.0" encoding="utf-8"?>
<Gesture Name="check03"><Point X="81" Y="230.00001525878906"/><Point X="86" Y="238"/><Point X="93" Y="248"/><Point X="96" Y="253.00001525878906"/><Point X="98" Y="257"/><Point X="100" Y="259"/><Point X="101" Y="261"/><Point X="102" Y="262"/><Point X="102" Y="264"/><Point X="102" Y="265"/><Point X="102" Y="266"/><Point X="103" Y="266"/><Point X="104" Y="266"/><Point X="105" Y="266"/><Point X="109" Y="261"/><Point X="116" Y="239"/><Point X="121" Y="229"/><Point X="124" Y="220"/><Point X="134" Y="201"/><Point X="144" Y="178"/><Point X="155" Y="160"/><Point X="161.00001525878906" Y="149"/><Point X="172" Y="134"/><Point X="186.99998474121094" Y="113.00000762939453"/><Point X="200" Y="92"/><Point X="202" Y="88"/><Point X="205" Y="85.000015258789063"/><Point X="205" Y="83"/><Point X="206" Y="82"/><Point X="207" Y="82"/><Point X="207" Y="81"/></Gesture>