<?xml version="1.0" encoding="utf-8"?>
<Gesture Name="check02"><Point X="113" Y="243.00001525878906"/><Point X="116" Y="249"/><Point X="120" Y="253.99998474121094"/><Point X="122" Y="257"/><Point X="123" Y="260"/><Point X="125" Y="262"/><Point X="127" Y="264"/><Point X="128" Y="266"/><Point X="130" Y="269"/><Point X="132.00003051757813" Y="272"/><Point X="134" Y="274"/><Point X="136" Y="275"/><Point X="137" Y="278"/><Point X="138" Y="278"/><Point X="138" Y="279"/><Point X="138" Y="280"/><Point X="139" Y="280"/><Point X="139" Y="281"/><Point X="139" Y="282"/><Point X="140" Y="282"/><Point X="141" Y="284"/><Point X="144" Y="285"/><Point X="145" Y="287"/><Point X="146" Y="288"/><Point X="147" Y="288"/><Point X="147" Y="289"/><Point X="148" Y="289"/><Point X="149" Y="289"/><Point X="150" Y="289"/><Point X="151" Y="288"/><Point X="151" Y="286"/><Point X="153" Y="279"/><Point X="155" Y="268"/><Point X="158" Y="257"/><Point X="165.99998474121094" Y="239"/><Point X="174" Y="220"/><Point X="181" Y="202"/><Point X="188.99998474121094" Y="187"/><Point X="198" Y="170"/><Point X="204" Y="159"/><Point X="207" Y="155"/><Point X="213.00001525878906" Y="148"/><Point X="216.00001525878906" Y="144"/><Point X="220" Y="138"/><Point X="224" Y="133"/><Point X="227" Y="128"/><Point X="229" Y="126"/><Point X="231" Y="123"/><Point X="233" Y="119"/><Point X="233.99998474121094" Y="118"/><Point X="233.99998474121094" Y="116.99999237060547"/></Gesture>