<?xml version="1.0" encoding="utf-8"?>
<Gesture Name="check08"><Point X="107.00003051757813" Y="216"/><Point X="111" Y="222"/><Point X="116" Y="230.00001525878906"/><Point X="123" Y="236.99998474121094"/><Point X="126" Y="243.99998474121094"/><Point X="129" Y="246"/><Point X="133" Y="249"/><Point X="135" Y="253.00001525878906"/><Point X="136" Y="255"/><Point X="137" Y="256"/><Point X="138" Y="257"/><Point X="138" Y="259"/><Point X="139" Y="260"/><Point X="139" Y="261"/><Point X="141" Y="262"/><Point X="141" Y="263"/><Point X="142" Y="263"/><Point X="142.99996948242188" Y="264"/><Point X="144" Y="264"/><Point X="145" Y="264"/><Point X="146" Y="264"/><Point X="147" Y="264"/><Point X="148" Y="264"/><Point X="150" Y="263"/><Point X="156" Y="258"/><Point X="179" Y="231"/><Point X="188.99998474121094" Y="220"/><Point X="197" Y="212"/><Point X="204" Y="205"/><Point X="213.00001525878906" Y="196"/><Point X="220" Y="188"/><Point X="226" Y="182"/><Point X="231" Y="177"/><Point X="233.99998474121094" Y="173"/><Point X="239.00001525878906" Y="166"/><Point X="244" Y="162"/><Point X="247" Y="158"/><Point X="250" Y="154"/><Point X="254" Y="151"/><Point X="258" Y="146"/><Point X="262" Y="143"/><Point X="266" Y="137"/><Point X="269" Y="135"/><Point X="273" Y="132"/><Point X="275" Y="128"/><Point X="276" Y="126"/><Point X="279" Y="124"/><Point X="283" Y="121"/><Point X="286" Y="116"/><Point X="288" Y="113.00000762939453"/><Point X="292" Y="109.99999237060547"/><Point X="295" Y="108.00000762939453"/><Point X="296" Y="106"/><Point X="297" Y="106"/></Gesture>