<?xml version="1.0" encoding="utf-8"?>
<Gesture Name="check01"><Point X="117" Y="263"/><Point X="119" Y="267"/><Point X="122" Y="273"/><Point X="126" Y="276"/><Point X="128" Y="279"/><Point X="130" Y="282"/><Point X="131" Y="284"/><Point X="134" Y="286"/><Point X="137" Y="290"/><Point X="140" Y="293"/><Point X="142.99996948242188" Y="296"/><Point X="146" Y="300"/><Point X="148" Y="302"/><Point X="150" Y="305"/><Point X="151" Y="306"/><Point X="152" Y="309"/><Point X="153" Y="310"/><Point X="153" Y="311"/><Point X="153" Y="312"/><Point X="154" Y="312"/><Point X="155" Y="312"/><Point X="156" Y="312"/><Point X="157.00001525878906" Y="312"/><Point X="157.00001525878906" Y="310"/><Point X="161.99998474121094" Y="302"/><Point X="175" Y="272"/><Point X="179" Y="261"/><Point X="186.00001525878906" Y="243.00001525878906"/><Point X="190.00001525878906" Y="235"/><Point X="202" Y="216"/><Point X="217" Y="187"/><Point X="227" Y="169"/><Point X="233" Y="160"/><Point X="238.00001525878906" Y="152"/><Point X="245" Y="141"/><Point X="251" Y="131"/><Point X="255" Y="123"/><Point X="259" Y="118"/><Point X="261" Y="114"/><Point X="262" Y="111"/><Point X="262" Y="109.99999237060547"/></Gesture>