<?xml version="1.0" encoding="utf-8"?>
<Gesture Name="check09"><Point X="177" Y="281"/><Point X="178" Y="282"/><Point X="182.00001525878906" Y="286"/><Point X="186.00001525878906" Y="290"/><Point X="192" Y="295"/><Point X="196" Y="300"/><Point X="200" Y="304"/><Point X="206" Y="309"/><Point X="208.99998474121094" Y="313"/><Point X="210.99998474121094" Y="316"/><Point X="215.00001525878906" Y="320"/><Point X="217" Y="322"/><Point X="219" Y="325"/><Point X="220" Y="326"/><Point X="220" Y="329"/><Point X="221" Y="329"/><Point X="222" Y="330"/><Point X="223" Y="331"/><Point X="224" Y="332"/><Point X="224" Y="333"/><Point X="225" Y="333"/><Point X="226" Y="333"/><Point X="227" Y="333"/><Point X="228" Y="333"/><Point X="230" Y="333"/><Point X="234.99998474121094" Y="325"/><Point X="240.00001525878906" Y="317"/><Point X="245" Y="306"/><Point X="248" Y="297"/><Point X="255" Y="281"/><Point X="260" Y="265"/><Point X="266" Y="253.99998474121094"/><Point X="271" Y="243.00001525878906"/><Point X="275" Y="233.00001525878906"/><Point X="281" Y="224"/><Point X="286" Y="214"/><Point X="289" Y="209"/><Point X="291" Y="205"/><Point X="293" Y="201"/><Point X="294" Y="200"/><Point X="294" Y="199"/></Gesture>