<?xml version="1.0" encoding="utf-8"?>
<Gesture Name="check10"><Point X="98" Y="252"/><Point X="98" Y="253.00001525878906"/><Point X="99" Y="256"/><Point X="100" Y="261"/><Point X="101" Y="264"/><Point X="101" Y="266"/><Point X="101" Y="270"/><Point X="101" Y="272"/><Point X="101" Y="275"/><Point X="103" Y="283"/><Point X="103" Y="286"/><Point X="104" Y="290"/><Point X="105" Y="293"/><Point X="105" Y="297"/><Point X="105" Y="299"/><Point X="105" Y="301"/><Point X="105" Y="302"/><Point X="105" Y="303"/><Point X="105" Y="304"/><Point X="105" Y="305"/><Point X="106" Y="305"/><Point X="108" Y="304"/><Point X="111" Y="300"/><Point X="115" Y="296"/><Point X="122" Y="289"/><Point X="130" Y="282"/><Point X="139" Y="272"/><Point X="165.00001525878906" Y="238"/><Point X="176" Y="225"/><Point X="186.00001525878906" Y="215"/><Point X="197" Y="205"/><Point X="208" Y="192"/><Point X="216.00001525878906" Y="180"/><Point X="222" Y="174"/><Point X="225" Y="168"/><Point X="227" Y="166"/><Point X="229" Y="164"/><Point X="229" Y="163"/><Point X="231" Y="162"/><Point X="231" Y="161"/></Gesture>