<?xml version="1.0" encoding="utf-8"?>
<Gesture Name="circle05"><Point X="186.00001525878906" Y="142"/><Point X="180" Y="142"/><Point X="172" Y="141"/><Point X="163.00001525878906" Y="141"/><Point X="155" Y="140"/><Point X="147" Y="140"/><Point X="141" Y="140"/><Point X="139" Y="140"/><Point X="137" Y="140"/><Point X="135" Y="140"/><Point X="133" Y="140"/><Point X="132.00003051757813" Y="140"/><Point X="131" Y="140"/><Point X="129" Y="141"/><Point X="128" Y="144"/><Point X="126" Y="146"/><Point X="124" Y="152"/><Point X="122" Y="162"/><Point X="121" Y="169"/><Point X="119" Y="180"/><Point X="117.99996948242188" Y="194"/><Point X="117" Y="203"/><Point X="117" Y="212"/><Point X="117" Y="221"/><Point X="117" Y="233.00001525878906"/><Point X="117" Y="242"/><Point X="117.99996948242188" Y="253.00001525878906"/><Point X="119" Y="260"/><Point X="120" Y="265"/><Point X="121" Y="272"/><Point X="123" Y="277"/><Point X="127" Y="283"/><Point X="129" Y="290"/><Point X="131" Y="292"/><Point X="132.00003051757813" Y="295"/><Point X="136" Y="301"/><Point X="140" Y="305"/><Point X="145" Y="310"/><Point X="152" Y="315"/><Point X="159.99998474121094" Y="318"/><Point X="165.99998474121094" Y="322"/><Point X="176" Y="324"/><Point X="186.00001525878906" Y="326"/><Point X="198" Y="328"/><Point X="207" Y="328"/><Point X="219" Y="328"/><Point X="231" Y="328"/><Point X="243" Y="327"/><Point X="256" Y="325"/><Point X="262" Y="323"/><Point X="270" Y="318"/><Point X="275" Y="316"/><Point X="279" Y="314"/><Point X="283" Y="311"/><Point X="287" Y="308"/><Point X="289" Y="306"/><Point X="291" Y="304"/><Point X="294" Y="302"/><Point X="295" Y="299"/><Point X="297" Y="296"/><Point X="299" Y="292"/><Point X="300" Y="285"/><Point X="300" Y="272"/><Point X="300" Y="257"/><Point X="297" Y="248"/><Point X="295" Y="240.00001525878906"/><Point X="290" Y="230.00001525878906"/><Point X="287" Y="223"/><Point X="284" Y="215"/><Point X="279" Y="210"/><Point X="276" Y="202"/><Point X="272" Y="197"/><Point X="265" Y="191"/><Point X="259" Y="185"/><Point X="254" Y="181"/><Point X="250" Y="178"/><Point X="247" Y="174"/><Point X="243" Y="172"/><Point X="239.00001525878906" Y="169"/><Point X="234.99998474121094" Y="166"/><Point X="231" Y="162"/><Point X="218" Y="153"/><Point X="213.00001525878906" Y="150"/><Point X="206" Y="147"/><Point X="201" Y="145"/><Point X="194" Y="143"/><Point X="192" Y="141"/><Point X="188.99998474121094" Y="140"/><Point X="186.00001525878906" Y="139"/><Point X="184.00001525878906" Y="139"/><Point X="183" Y="138"/><Point X="181" Y="138"/><Point X="179" Y="138"/><Point X="177" Y="138"/></Gesture>