<?xml version="1.0" encoding="utf-8"?>
<Gesture Name="circle03"><Point X="196" Y="173"/><Point X="192.99998474121094" Y="173"/><Point X="190.00001525878906" Y="173"/><Point X="186.99998474121094" Y="173"/><Point X="184.99998474121094" Y="173"/><Point X="182.00001525878906" Y="173"/><Point X="179" Y="173"/><Point X="176" Y="173"/><Point X="171" Y="173"/><Point X="167.99998474121094" Y="174"/><Point X="165.99998474121094" Y="175"/><Point X="163.00001525878906" Y="176"/><Point X="159.99998474121094" Y="177"/><Point X="157.00001525878906" Y="179"/><Point X="155" Y="181"/><Point X="151" Y="183"/><Point X="148" Y="185"/><Point X="146" Y="187"/><Point X="142" Y="189"/><Point X="140" Y="191"/><Point X="134" Y="198"/><Point X="130" Y="204"/><Point X="125" Y="210"/><Point X="121" Y="214"/><Point X="117.99996948242188" Y="221"/><Point X="115" Y="226.00001525878906"/><Point X="112" Y="230.00001525878906"/><Point X="110" Y="233.99998474121094"/><Point X="108" Y="240.00001525878906"/><Point X="107.00003051757813" Y="245"/><Point X="106" Y="252"/><Point X="106" Y="256"/><Point X="106" Y="265"/><Point X="106" Y="274"/><Point X="106" Y="283"/><Point X="107.00003051757813" Y="291"/><Point X="108" Y="299"/><Point X="109" Y="305"/><Point X="110" Y="310"/><Point X="114" Y="319"/><Point X="116" Y="321"/><Point X="119" Y="327"/><Point X="125" Y="333"/><Point X="130" Y="339"/><Point X="135" Y="343"/><Point X="139" Y="347"/><Point X="142.99996948242188" Y="350"/><Point X="148" Y="353"/><Point X="152" Y="356"/><Point X="157.00001525878906" Y="358"/><Point X="172" Y="361"/><Point X="181" Y="361"/><Point X="194" Y="361"/><Point X="206" Y="361"/><Point X="218" Y="359"/><Point X="231" Y="354"/><Point X="235.99998474121094" Y="353"/><Point X="240.00001525878906" Y="352"/><Point X="246" Y="350"/><Point X="250" Y="349"/><Point X="254" Y="347"/><Point X="258" Y="344"/><Point X="261" Y="343"/><Point X="265" Y="341"/><Point X="268" Y="340"/><Point X="270" Y="339"/><Point X="272" Y="338"/><Point X="274" Y="337"/><Point X="276" Y="336"/><Point X="276" Y="335"/><Point X="278" Y="333"/><Point X="285" Y="315"/><Point X="288" Y="308"/><Point X="289" Y="301"/><Point X="290" Y="294"/><Point X="290" Y="290"/><Point X="291" Y="283"/><Point X="291" Y="276"/><Point X="291" Y="267"/><Point X="291" Y="259"/><Point X="287" Y="243.99998474121094"/><Point X="286" Y="240.00001525878906"/><Point X="284" Y="235"/><Point X="282" Y="232"/><Point X="280" Y="229"/><Point X="278" Y="225"/><Point X="277" Y="223"/><Point X="274" Y="222"/><Point X="272" Y="220"/><Point X="272" Y="219"/><Point X="270" Y="218"/><Point X="270" Y="217"/><Point X="268" Y="217"/><Point X="266" Y="216"/><Point X="264" Y="214"/><Point X="263" Y="213"/><Point X="260" Y="213"/><Point X="258" Y="210"/><Point X="253" Y="208"/><Point X="246" Y="207"/><Point X="244" Y="206"/><Point X="239.00001525878906" Y="205"/><Point X="236.99998474121094" Y="204"/><Point X="231" Y="203"/><Point X="228" Y="203"/><Point X="225" Y="203"/><Point X="220" Y="202"/><Point X="218" Y="200"/><Point X="213.00001525878906" Y="198"/><Point X="205" Y="194"/><Point X="202" Y="193"/><Point X="199" Y="191"/><Point X="197" Y="190"/><Point X="192.99998474121094" Y="189"/><Point X="190.99998474121094" Y="187"/><Point X="188.00001525878906" Y="187"/><Point X="184.99998474121094" Y="185"/><Point X="183" Y="183"/><Point X="182.00001525878906" Y="182"/><Point X="180" Y="182"/><Point X="178" Y="181"/><Point X="176" Y="180"/><Point X="175" Y="179"/><Point X="174" Y="179"/></Gesture>