<?xml version="1.0" encoding="utf-8"?>
<Gesture Name="circle01"><Point X="208" Y="139"/><Point X="204" Y="138"/><Point X="195" Y="138"/><Point X="183" Y="138"/><Point X="172" Y="138"/><Point X="159.99998474121094" Y="140"/><Point X="153" Y="141"/><Point X="147" Y="142"/><Point X="139" Y="145"/><Point X="134" Y="146"/><Point X="131" Y="147"/><Point X="128" Y="148"/><Point X="126" Y="150"/><Point X="122" Y="152"/><Point X="120" Y="153"/><Point X="116" Y="157"/><Point X="111" Y="162"/><Point X="106" Y="167"/><Point X="98" Y="175"/><Point X="90" Y="187"/><Point X="82" Y="196"/><Point X="74" Y="208"/><Point X="70" Y="216"/><Point X="66" Y="225"/><Point X="63" Y="232"/><Point X="59" Y="240.00001525878906"/><Point X="57" Y="249"/><Point X="56" Y="270"/><Point X="56" Y="279"/><Point X="56" Y="284"/><Point X="57" Y="290"/><Point X="59" Y="296"/><Point X="62" Y="302"/><Point X="67" Y="308"/><Point X="71" Y="314"/><Point X="77" Y="320"/><Point X="84" Y="327"/><Point X="92" Y="334"/><Point X="103" Y="340"/><Point X="116" Y="346"/><Point X="140" Y="354"/><Point X="152" Y="356"/><Point X="165.99998474121094" Y="360"/><Point X="175" Y="361"/><Point X="182.00001525878906" Y="362"/><Point X="188.00001525878906" Y="362"/><Point X="194" Y="362"/><Point X="201" Y="362"/><Point X="208.99998474121094" Y="362"/><Point X="215.00001525878906" Y="361"/><Point X="222" Y="358"/><Point X="229" Y="354"/><Point X="233" Y="351"/><Point X="238.00001525878906" Y="346"/><Point X="248" Y="332"/><Point X="251" Y="328"/><Point X="254" Y="322"/><Point X="255" Y="318"/><Point X="259" Y="310"/><Point X="261" Y="299"/><Point X="262" Y="287"/><Point X="264" Y="277"/><Point X="264" Y="266"/><Point X="264" Y="262"/><Point X="264" Y="255"/><Point X="264" Y="251"/><Point X="263" Y="243.99998474121094"/><Point X="262" Y="239"/><Point X="261" Y="233.99998474121094"/><Point X="257" Y="229"/><Point X="255" Y="223"/><Point X="252" Y="219"/><Point X="245" Y="210"/><Point X="241.00001525878906" Y="206"/><Point X="233.99998474121094" Y="201"/><Point X="229" Y="197"/><Point X="222" Y="194"/><Point X="220" Y="192"/><Point X="217" Y="190"/><Point X="215.00001525878906" Y="188"/><Point X="211.99998474121094" Y="186"/><Point X="208.99998474121094" Y="185"/><Point X="202" Y="180"/><Point X="197" Y="178"/><Point X="195" Y="177"/><Point X="190.99998474121094" Y="175"/><Point X="190.00001525878906" Y="173"/><Point X="186.99998474121094" Y="172"/><Point X="186.00001525878906" Y="172"/><Point X="184.00001525878906" Y="171"/><Point X="182.00001525878906" Y="170"/><Point X="181" Y="169"/><Point X="180" Y="169"/><Point X="180" Y="168"/><Point X="179" Y="168"/><Point X="178" Y="168"/></Gesture>