<?xml version="1.0" encoding="utf-8"?>
<Gesture Name="circle02"><Point X="202" Y="149"/><Point X="198" Y="148"/><Point X="190.00001525878906" Y="147"/><Point X="186.00001525878906" Y="147"/><Point X="178" Y="146"/><Point X="170" Y="146"/><Point X="163.99998474121094" Y="145"/><Point X="158" Y="145"/><Point X="150" Y="145"/><Point X="144" Y="145"/><Point X="140" Y="145"/><Point X="136" Y="145"/><Point X="133" Y="145"/><Point X="130" Y="145"/><Point X="128" Y="146"/><Point X="124" Y="147"/><Point X="122" Y="148"/><Point X="120" Y="149"/><Point X="119" Y="149"/><Point X="116" Y="151"/><Point X="114" Y="153"/><Point X="111" Y="158"/><Point X="105" Y="167"/><Point X="100" Y="177"/><Point X="96" Y="192"/><Point X="93" Y="206"/><Point X="90" Y="215"/><Point X="89" Y="226.99998474121094"/><Point X="89" Y="236"/><Point X="89" Y="245"/><Point X="89" Y="250.00001525878906"/><Point X="89" Y="256"/><Point X="89" Y="258"/><Point X="89" Y="263"/><Point X="90" Y="265"/><Point X="91" Y="268"/><Point X="94" Y="274"/><Point X="97" Y="281"/><Point X="100" Y="286"/><Point X="106" Y="293"/><Point X="109" Y="297"/><Point X="113" Y="303"/><Point X="117" Y="306"/><Point X="121" Y="310"/><Point X="130" Y="316"/><Point X="138" Y="321"/><Point X="147" Y="325"/><Point X="155" Y="328"/><Point X="167" Y="330"/><Point X="178" Y="332"/><Point X="190.99998474121094" Y="332"/><Point X="200" Y="332"/><Point X="208" Y="332"/><Point X="214.00001525878906" Y="332"/><Point X="221" Y="331"/><Point X="227" Y="329"/><Point X="230" Y="329"/><Point X="239.00001525878906" Y="324"/><Point X="244" Y="320"/><Point X="251" Y="314"/><Point X="255" Y="310"/><Point X="259" Y="306"/><Point X="261" Y="302"/><Point X="263" Y="299"/><Point X="263" Y="298"/><Point X="264" Y="296"/><Point X="266" Y="294"/><Point X="268" Y="291"/><Point X="270" Y="289"/><Point X="272" Y="283"/><Point X="274" Y="275"/><Point X="275" Y="269"/><Point X="275" Y="261"/><Point X="275" Y="253.99998474121094"/><Point X="275" Y="250.00001525878906"/><Point X="275" Y="248"/><Point X="275" Y="243.00001525878906"/><Point X="275" Y="241"/><Point X="274" Y="236"/><Point X="271" Y="230.00001525878906"/><Point X="269" Y="222"/><Point X="264" Y="212"/><Point X="262" Y="206"/><Point X="259" Y="199"/><Point X="257" Y="195"/><Point X="255" Y="193"/><Point X="253" Y="189"/><Point X="251" Y="186"/><Point X="249" Y="185"/><Point X="247" Y="182"/><Point X="244" Y="180"/><Point X="240.00001525878906" Y="176"/><Point X="235.99998474121094" Y="170"/><Point X="232" Y="166"/><Point X="226" Y="161"/><Point X="225" Y="158"/><Point X="223" Y="155"/><Point X="222" Y="153"/><Point X="221" Y="151"/><Point X="219" Y="149"/><Point X="218" Y="149"/><Point X="215.00001525878906" Y="147"/><Point X="211.99998474121094" Y="145"/><Point X="209.99998474121094" Y="144"/><Point X="208" Y="142"/><Point X="206" Y="141"/><Point X="204" Y="140"/><Point X="202" Y="140"/><Point X="201" Y="139"/><Point X="200" Y="137"/><Point X="199" Y="137"/></Gesture>