<?xml version="1.0" encoding="utf-8"?>
<Gesture Name="circle09"><Point X="215.00001525878906" Y="136"/><Point X="206" Y="136"/><Point X="194" Y="138"/><Point X="186.00001525878906" Y="140"/><Point X="179" Y="141"/><Point X="172" Y="142"/><Point X="165.00001525878906" Y="143"/><Point X="157.00001525878906" Y="144"/><Point X="151" Y="145"/><Point X="146" Y="147"/><Point X="142" Y="149"/><Point X="138" Y="150"/><Point X="136" Y="151"/><Point X="133" Y="153"/><Point X="130" Y="154"/><Point X="128" Y="156"/><Point X="127" Y="157"/><Point X="125" Y="158"/><Point X="121" Y="160"/><Point X="120" Y="162"/><Point X="117" Y="165"/><Point X="113" Y="169"/><Point X="110" Y="176"/><Point X="107.00003051757813" Y="181"/><Point X="102" Y="191"/><Point X="100" Y="196"/><Point X="99" Y="202"/><Point X="98" Y="209"/><Point X="98" Y="213"/><Point X="98" Y="221"/><Point X="98" Y="230.00001525878906"/><Point X="100" Y="238"/><Point X="102" Y="246"/><Point X="105" Y="251"/><Point X="109" Y="256"/><Point X="112" Y="262"/><Point X="117" Y="268"/><Point X="123" Y="273"/><Point X="128" Y="278"/><Point X="135" Y="283"/><Point X="142.99996948242188" Y="288"/><Point X="150" Y="291"/><Point X="155" Y="293"/><Point X="163.00001525878906" Y="295"/><Point X="170" Y="298"/><Point X="180" Y="300"/><Point X="190.99998474121094" Y="300"/><Point X="201" Y="300"/><Point X="208.99998474121094" Y="300"/><Point X="213.00001525878906" Y="300"/><Point X="218" Y="300"/><Point X="224" Y="300"/><Point X="229" Y="298"/><Point X="233" Y="297"/><Point X="238.00001525878906" Y="296"/><Point X="242" Y="294"/><Point X="247" Y="292"/><Point X="252" Y="287"/><Point X="257" Y="285"/><Point X="260" Y="284"/><Point X="262" Y="282"/><Point X="265" Y="280"/><Point X="267" Y="277"/><Point X="270" Y="274"/><Point X="274" Y="269"/><Point X="279" Y="263"/><Point X="282" Y="257"/><Point X="286" Y="251"/><Point X="289" Y="245"/><Point X="291" Y="240.00001525878906"/><Point X="292" Y="235"/><Point X="293" Y="228"/><Point X="295" Y="221"/><Point X="295" Y="209"/><Point X="293" Y="199"/><Point X="292" Y="192"/><Point X="291" Y="184"/><Point X="290" Y="179"/><Point X="289" Y="175"/><Point X="289" Y="173"/><Point X="288" Y="170"/><Point X="287" Y="169"/><Point X="286" Y="166"/><Point X="283" Y="163"/><Point X="282" Y="159"/><Point X="280" Y="155"/><Point X="278" Y="150"/><Point X="275" Y="146"/><Point X="272" Y="144"/><Point X="270" Y="141"/><Point X="268" Y="139"/><Point X="265" Y="137"/><Point X="263" Y="134"/><Point X="259" Y="134"/><Point X="257" Y="133"/><Point X="254" Y="132"/><Point X="253" Y="131"/><Point X="249" Y="130"/><Point X="247" Y="129"/><Point X="244" Y="129"/><Point X="241.00001525878906" Y="129"/><Point X="239.00001525878906" Y="129"/><Point X="235.99998474121094" Y="129"/><Point X="233" Y="129"/><Point X="231" Y="129"/><Point X="230" Y="129"/><Point X="228" Y="129"/><Point X="225" Y="129"/><Point X="224" Y="129"/><Point X="221" Y="129"/><Point X="220" Y="129"/><Point X="217" Y="130"/><Point X="216.00001525878906" Y="130"/><Point X="215.00001525878906" Y="130"/><Point X="215.00001525878906" Y="131"/><Point X="214.00001525878906" Y="131"/><Point X="213.00001525878906" Y="131"/><Point X="210.99998474121094" Y="131"/><Point X="209.99998474121094" Y="131"/></Gesture>