<?xml version="1.0" encoding="utf-8"?>
<Gesture Name="circle07"><Point X="208" Y="151"/><Point X="205" Y="149"/><Point X="200" Y="148"/><Point X="195" Y="146"/><Point X="186.99998474121094" Y="144"/><Point X="182.00001525878906" Y="143"/><Point X="167.99998474121094" Y="140"/><Point X="163.99998474121094" Y="140"/><Point X="158" Y="140"/><Point X="152" Y="142"/><Point X="145" Y="144"/><Point X="139" Y="146"/><Point X="134" Y="148"/><Point X="132.00003051757813" Y="150"/><Point X="129" Y="151"/><Point X="126" Y="153"/><Point X="124" Y="155"/><Point X="122" Y="156"/><Point X="117.99996948242188" Y="160"/><Point X="115" Y="164"/><Point X="112" Y="171"/><Point X="107.00003051757813" Y="179"/><Point X="103" Y="188"/><Point X="100" Y="198"/><Point X="96" Y="206"/><Point X="94" Y="212"/><Point X="93" Y="216"/><Point X="92" Y="219"/><Point X="92" Y="222"/><Point X="92" Y="225"/><Point X="92" Y="230.00001525878906"/><Point X="93" Y="236"/><Point X="96" Y="241"/><Point X="99" Y="248"/><Point X="103" Y="259"/><Point X="105" Y="262"/><Point X="110" Y="268"/><Point X="120" Y="275"/><Point X="128" Y="281"/><Point X="139" Y="286"/><Point X="151" Y="291"/><Point X="161.99998474121094" Y="295"/><Point X="176" Y="297"/><Point X="186.00001525878906" Y="299"/><Point X="196" Y="301"/><Point X="206" Y="303"/><Point X="219" Y="304"/><Point X="228" Y="305"/><Point X="240.00001525878906" Y="305"/><Point X="246" Y="305"/><Point X="254" Y="305"/><Point X="261" Y="304"/><Point X="268" Y="301"/><Point X="274" Y="299"/><Point X="278" Y="298"/><Point X="281" Y="297"/><Point X="284" Y="295"/><Point X="288" Y="290"/><Point X="292" Y="285"/><Point X="296" Y="277"/><Point X="299" Y="267"/><Point X="301" Y="261"/><Point X="302" Y="251"/><Point X="302" Y="246"/><Point X="302" Y="236"/><Point X="297" Y="224"/><Point X="292" Y="212"/><Point X="288" Y="203"/><Point X="284" Y="198"/><Point X="282" Y="194"/><Point X="280" Y="192"/><Point X="277" Y="188"/><Point X="274" Y="185"/><Point X="272" Y="183"/><Point X="268" Y="180"/><Point X="265" Y="178"/><Point X="254" Y="173"/><Point X="249" Y="170"/><Point X="244" Y="168"/><Point X="241.00001525878906" Y="166"/><Point X="238.00001525878906" Y="164"/><Point X="234.99998474121094" Y="163"/><Point X="233.99998474121094" Y="161"/><Point X="232" Y="160"/><Point X="231" Y="160"/><Point X="230" Y="160"/><Point X="229" Y="160"/></Gesture>