<?xml version="1.0" encoding="utf-8"?>
<Gesture Name="circle04"><Point X="208" Y="147"/><Point X="201" Y="147"/><Point X="192" Y="147"/><Point X="180" Y="147"/><Point X="167.99998474121094" Y="147"/><Point X="159.00001525878906" Y="147"/><Point X="150" Y="147"/><Point X="142" Y="147"/><Point X="136" Y="148"/><Point X="132.00003051757813" Y="148"/><Point X="128" Y="149"/><Point X="125" Y="150"/><Point X="122" Y="151"/><Point X="119" Y="152"/><Point X="117.99996948242188" Y="152"/><Point X="116" Y="153"/><Point X="113" Y="155"/><Point X="110" Y="158"/><Point X="106" Y="163"/><Point X="100" Y="170"/><Point X="95" Y="178"/><Point X="91" Y="185"/><Point X="88" Y="192"/><Point X="86" Y="197"/><Point X="85" Y="203"/><Point X="84" Y="208"/><Point X="83" Y="216"/><Point X="83" Y="222"/><Point X="83" Y="233.99998474121094"/><Point X="85" Y="243.00001525878906"/><Point X="87" Y="250.00001525878906"/><Point X="89" Y="258"/><Point X="92" Y="266"/><Point X="96" Y="271"/><Point X="100" Y="278"/><Point X="107.00003051757813" Y="284"/><Point X="114" Y="289"/><Point X="122" Y="293"/><Point X="130" Y="296"/><Point X="141" Y="300"/><Point X="153" Y="303"/><Point X="163.99998474121094" Y="306"/><Point X="176" Y="307"/><Point X="192" Y="307"/><Point X="204" Y="307"/><Point X="216.00001525878906" Y="307"/><Point X="223" Y="306"/><Point X="229" Y="304"/><Point X="236.99998474121094" Y="299"/><Point X="247" Y="295"/><Point X="257" Y="288"/><Point X="265" Y="278"/><Point X="274" Y="268"/><Point X="281" Y="260"/><Point X="285" Y="255"/><Point X="287" Y="250.00001525878906"/><Point X="292" Y="243.99998474121094"/><Point X="296" Y="226.00001525878906"/><Point X="299" Y="215"/><Point X="300" Y="204"/><Point X="300" Y="198"/><Point X="300" Y="190"/><Point X="300" Y="180"/><Point X="297" Y="173"/><Point X="295" Y="167"/><Point X="294" Y="164"/><Point X="294" Y="161"/><Point X="291" Y="158"/><Point X="289" Y="156"/><Point X="287" Y="152"/><Point X="283" Y="150"/><Point X="272" Y="145"/><Point X="269" Y="143"/><Point X="265" Y="141"/><Point X="260" Y="140"/><Point X="257" Y="140"/><Point X="252" Y="139"/><Point X="249" Y="138"/><Point X="247" Y="137"/><Point X="244" Y="137"/><Point X="239.00001525878906" Y="137"/><Point X="233.99998474121094" Y="137"/><Point X="228" Y="137"/><Point X="225" Y="138"/><Point X="218" Y="139"/><Point X="215.00001525878906" Y="140"/><Point X="211.99998474121094" Y="141"/><Point X="208.99998474121094" Y="141"/><Point X="207" Y="141"/><Point X="205" Y="141"/><Point X="204" Y="141"/><Point X="201" Y="141"/><Point X="200" Y="141"/><Point X="199" Y="141"/></Gesture>