<?xml version="1.0" encoding="utf-8"?>
<Gesture Name="circle10"><Point X="181" Y="138"/><Point X="178" Y="139"/><Point X="175" Y="141"/><Point X="170" Y="143"/><Point X="167" Y="146"/><Point X="163.00001525878906" Y="148"/><Point X="159.99998474121094" Y="149"/><Point X="155" Y="153"/><Point X="150" Y="160"/><Point X="145" Y="166"/><Point X="141" Y="175"/><Point X="137" Y="183"/><Point X="135" Y="188"/><Point X="133" Y="196"/><Point X="129" Y="207"/><Point X="128" Y="216"/><Point X="127" Y="230.00001525878906"/><Point X="127" Y="240.00001525878906"/><Point X="127" Y="246"/><Point X="127" Y="255"/><Point X="128" Y="275"/><Point X="129" Y="286"/><Point X="132.00003051757813" Y="294"/><Point X="133" Y="300"/><Point X="133" Y="304"/><Point X="136" Y="309"/><Point X="137" Y="311"/><Point X="141" Y="316"/><Point X="145" Y="320"/><Point X="152" Y="327"/><Point X="159.00001525878906" Y="332"/><Point X="167" Y="336"/><Point X="177" Y="342"/><Point X="186.00001525878906" Y="346"/><Point X="197" Y="350"/><Point X="207" Y="353"/><Point X="216.00001525878906" Y="354"/><Point X="229" Y="354"/><Point X="236.99998474121094" Y="354"/><Point X="250" Y="354"/><Point X="260" Y="350"/><Point X="265" Y="348"/><Point X="271" Y="345"/><Point X="277" Y="342"/><Point X="284" Y="336"/><Point X="287" Y="333"/><Point X="294" Y="326"/><Point X="303" Y="315"/><Point X="313" Y="289"/><Point X="317" Y="282"/><Point X="318" Y="274"/><Point X="318" Y="265"/><Point X="316" Y="253.00001525878906"/><Point X="311" Y="239"/><Point X="308" Y="229"/><Point X="304" Y="222"/><Point X="300" Y="215"/><Point X="295" Y="208"/><Point X="289" Y="200"/><Point X="283" Y="192"/><Point X="275" Y="185"/><Point X="267" Y="177"/><Point X="258" Y="169"/><Point X="252" Y="166"/><Point X="246" Y="163"/><Point X="240.00001525878906" Y="158"/><Point X="235.99998474121094" Y="156"/><Point X="231" Y="153"/><Point X="224" Y="151"/><Point X="219" Y="148"/><Point X="213.00001525878906" Y="147"/><Point X="208.99998474121094" Y="146"/><Point X="203" Y="145"/><Point X="200" Y="145"/><Point X="198" Y="144"/><Point X="195" Y="144"/><Point X="194" Y="144"/><Point X="192.99998474121094" Y="144"/><Point X="192" Y="144"/><Point X="190.99998474121094" Y="144"/><Point X="190.00001525878906" Y="144"/><Point X="188.99998474121094" Y="144"/><Point X="188.00001525878906" Y="144"/></Gesture>