<?xml version="1.0" encoding="utf-8"?>
<Gesture Name="delete_mark03"><Point X="87" Y="132"/><Point X="92" Y="138"/><Point X="103" Y="153"/><Point X="110" Y="164"/><Point X="117.99996948242188" Y="178"/><Point X="124" Y="188"/><Point X="127" Y="193"/><Point X="133" Y="203"/><Point X="139" Y="214"/><Point X="152" Y="239"/><Point X="155" Y="246.99998474121094"/><Point X="159.00001525878906" Y="252"/><Point X="161.00001525878906" Y="257"/><Point X="161.99998474121094" Y="260"/><Point X="163.99998474121094" Y="264"/><Point X="165.99998474121094" Y="270"/><Point X="169" Y="273"/><Point X="170" Y="275"/><Point X="171" Y="279"/><Point X="172" Y="281"/><Point X="173" Y="284"/><Point X="174" Y="287"/><Point X="176" Y="290"/><Point X="176" Y="292"/><Point X="176" Y="293"/><Point X="176" Y="294"/><Point X="176" Y="295"/><Point X="176" Y="296"/><Point X="176" Y="297"/><Point X="175" Y="297"/><Point X="173" Y="297"/><Point X="171" Y="297"/><Point X="165.00001525878906" Y="297"/><Point X="156" Y="297"/><Point X="149" Y="297"/><Point X="139" Y="297"/><Point X="130" Y="297"/><Point X="126" Y="297"/><Point X="120" Y="298"/><Point X="116" Y="298"/><Point X="113" Y="298"/><Point X="110" Y="298"/><Point X="108" Y="298"/><Point X="105" Y="298"/><Point X="102" Y="298"/><Point X="101" Y="298"/><Point X="98" Y="298"/><Point X="97" Y="298"/><Point X="95" Y="298"/><Point X="94" Y="298"/><Point X="93" Y="298"/><Point X="92" Y="298"/><Point X="91" Y="298"/><Point X="90" Y="298"/><Point X="90" Y="297"/><Point X="90" Y="296"/><Point X="90" Y="290"/><Point X="94" Y="283"/><Point X="97" Y="275"/><Point X="107.00003051757813" Y="256"/><Point X="117" Y="231"/><Point X="128" Y="213"/><Point X="133" Y="203"/><Point X="141" Y="191"/><Point X="151" Y="174"/><Point X="157.00001525878906" Y="162"/><Point X="163.00001525878906" Y="152"/><Point X="167" Y="147"/><Point X="167.99998474121094" Y="143"/><Point X="169" Y="141"/><Point X="170" Y="141"/><Point X="171" Y="140"/><Point X="171" Y="139"/></Gesture>