<?xml version="1.0" encoding="utf-8"?>
<Gesture Name="delete_mark09"><Point X="132.00003051757813" Y="151"/><Point X="136" Y="155"/><Point X="142.99996948242188" Y="162"/><Point X="151" Y="170"/><Point X="158" Y="174"/><Point X="169" Y="184"/><Point X="176" Y="192"/><Point X="184.00001525878906" Y="201"/><Point X="190.99998474121094" Y="209"/><Point X="199" Y="219"/><Point X="206" Y="226.99998474121094"/><Point X="210.99998474121094" Y="233.00001525878906"/><Point X="218" Y="241"/><Point X="222" Y="246"/><Point X="228" Y="253.00001525878906"/><Point X="233" Y="262"/><Point X="236.99998474121094" Y="267"/><Point X="242" Y="274"/><Point X="244" Y="279"/><Point X="245" Y="283"/><Point X="250" Y="288"/><Point X="252" Y="291"/><Point X="253" Y="294"/><Point X="254" Y="296"/><Point X="255" Y="298"/><Point X="256" Y="299"/><Point X="256" Y="300"/><Point X="256" Y="301"/><Point X="256" Y="302"/><Point X="256" Y="303"/><Point X="255" Y="303"/><Point X="254" Y="303"/><Point X="252" Y="303"/><Point X="246" Y="303"/><Point X="241.00001525878906" Y="304"/><Point X="232" Y="305"/><Point X="208.99998474121094" Y="308"/><Point X="198" Y="310"/><Point X="188.00001525878906" Y="311"/><Point X="180" Y="312"/><Point X="174" Y="313"/><Point X="165.99998474121094" Y="315"/><Point X="161.00001525878906" Y="316"/><Point X="155" Y="316"/><Point X="149" Y="316"/><Point X="144" Y="316"/><Point X="138" Y="316"/><Point X="133" Y="316"/><Point X="130" Y="316"/><Point X="127" Y="315"/><Point X="125" Y="315"/><Point X="124" Y="315"/><Point X="121" Y="315"/><Point X="120" Y="315"/><Point X="119" Y="315"/><Point X="117.99996948242188" Y="315"/><Point X="117" Y="315"/><Point X="116" Y="315"/><Point X="115" Y="314"/><Point X="115" Y="313"/><Point X="114" Y="312"/><Point X="114" Y="310"/><Point X="114" Y="309"/><Point X="114" Y="308"/><Point X="115" Y="305"/><Point X="120" Y="297"/><Point X="131" Y="278"/><Point X="138" Y="264"/><Point X="154" Y="232"/><Point X="167.99998474121094" Y="208"/><Point X="177" Y="195"/><Point X="183" Y="187"/><Point X="188.00001525878906" Y="180"/><Point X="192.99998474121094" Y="175"/><Point X="197" Y="171"/><Point X="201" Y="165"/><Point X="204" Y="163"/><Point X="206" Y="161"/><Point X="208" Y="159"/><Point X="209.99998474121094" Y="157"/><Point X="209.99998474121094" Y="156"/><Point X="210.99998474121094" Y="155"/><Point X="213.00001525878906" Y="155"/></Gesture>