<?xml version="1.0" encoding="utf-8"?>
<Gesture Name="delete_mark04"><Point X="107.00003051757813" Y="143"/><Point X="113" Y="152"/><Point X="122" Y="161"/><Point X="128" Y="173"/><Point X="136" Y="182"/><Point X="140" Y="189"/><Point X="144" Y="193"/><Point X="148" Y="199"/><Point X="154" Y="205"/><Point X="159.99998474121094" Y="212"/><Point X="165.99998474121094" Y="219"/><Point X="170" Y="226.00001525878906"/><Point X="175" Y="233.99998474121094"/><Point X="178" Y="241"/><Point X="180" Y="243.00001525878906"/><Point X="182.00001525878906" Y="246"/><Point X="182.00001525878906" Y="249"/><Point X="183" Y="251"/><Point X="184.00001525878906" Y="252"/><Point X="186.00001525878906" Y="253.99998474121094"/><Point X="186.99998474121094" Y="256"/><Point X="188.99998474121094" Y="259"/><Point X="190.99998474121094" Y="261"/><Point X="192" Y="263"/><Point X="195" Y="267"/><Point X="197" Y="270"/><Point X="198" Y="272"/><Point X="199" Y="276"/><Point X="200" Y="277"/><Point X="200" Y="278"/><Point X="200" Y="279"/><Point X="200" Y="280"/><Point X="200" Y="282"/><Point X="201" Y="283"/><Point X="201" Y="284"/><Point X="199" Y="284"/><Point X="177" Y="284"/><Point X="170" Y="284"/><Point X="161.00001525878906" Y="284"/><Point X="152" Y="284"/><Point X="142" Y="284"/><Point X="138" Y="284"/><Point X="131" Y="286"/><Point X="128" Y="286"/><Point X="123" Y="286"/><Point X="121" Y="286"/><Point X="119" Y="286"/><Point X="115" Y="287"/><Point X="113" Y="287"/><Point X="107.00003051757813" Y="287"/><Point X="104" Y="287"/><Point X="99" Y="287"/><Point X="94" Y="288"/><Point X="88" Y="288"/><Point X="83" Y="288"/><Point X="81" Y="288"/><Point X="78" Y="288"/><Point X="77" Y="288"/><Point X="76" Y="288"/><Point X="74" Y="288"/><Point X="73" Y="288"/><Point X="72" Y="288"/><Point X="83" Y="274"/><Point X="94" Y="261"/><Point X="104" Y="251"/><Point X="112" Y="240.00001525878906"/><Point X="125" Y="224"/><Point X="133" Y="217"/><Point X="142" Y="209"/><Point X="145" Y="205"/><Point X="148" Y="200"/><Point X="151" Y="198"/><Point X="153" Y="196"/><Point X="154" Y="195"/><Point X="154" Y="194"/><Point X="155" Y="193"/><Point X="156" Y="193"/><Point X="157.00001525878906" Y="193"/><Point X="161.00001525878906" Y="190"/><Point X="165.00001525878906" Y="187"/><Point X="169" Y="183"/><Point X="176" Y="174"/><Point X="182.00001525878906" Y="170"/><Point X="184.00001525878906" Y="167"/><Point X="186.00001525878906" Y="163"/><Point X="188.00001525878906" Y="162"/><Point X="188.99998474121094" Y="161"/><Point X="188.99998474121094" Y="160"/><Point X="190.00001525878906" Y="159"/><Point X="190.99998474121094" Y="156"/><Point X="194" Y="152"/><Point X="197" Y="149"/><Point X="198" Y="147"/><Point X="199" Y="147"/><Point X="200" Y="146"/></Gesture>