<?xml version="1.0" encoding="utf-8"?>
<Gesture Name="left_square_bracket02"><Point X="243" Y="116"/><Point X="236.99998474121094" Y="116.99999237060547"/><Point X="229" Y="116.99999237060547"/><Point X="220" Y="116.99999237060547"/><Point X="202" Y="118"/><Point X="195" Y="119"/><Point X="188.00001525878906" Y="119"/><Point X="184.00001525878906" Y="119"/><Point X="181" Y="119"/><Point X="178" Y="119"/><Point X="176" Y="119"/><Point X="174" Y="119"/><Point X="172" Y="119"/><Point X="171" Y="119"/><Point X="170" Y="119"/><Point X="169" Y="119"/><Point X="167.99998474121094" Y="119"/><Point X="167.99998474121094" Y="130"/><Point X="169" Y="139"/><Point X="170" Y="149"/><Point X="170" Y="158"/><Point X="173" Y="168"/><Point X="174" Y="176"/><Point X="175" Y="187"/><Point X="175" Y="196"/><Point X="175" Y="203"/><Point X="175" Y="208"/><Point X="176" Y="216"/><Point X="177" Y="225"/><Point X="177" Y="232"/><Point X="177" Y="239"/><Point X="177" Y="243.00001525878906"/><Point X="177" Y="248"/><Point X="177" Y="253.99998474121094"/><Point X="177" Y="256"/><Point X="177" Y="257"/><Point X="177" Y="259"/><Point X="177" Y="261"/><Point X="177" Y="263"/><Point X="177" Y="265"/><Point X="177" Y="268"/><Point X="177" Y="272"/><Point X="177" Y="274"/><Point X="177" Y="277"/><Point X="177" Y="280"/><Point X="177" Y="283"/><Point X="177" Y="285"/><Point X="177" Y="287"/><Point X="177" Y="289"/><Point X="177" Y="290"/><Point X="177" Y="291"/><Point X="177" Y="292"/><Point X="177" Y="293"/><Point X="177" Y="294"/><Point X="177" Y="295"/><Point X="177" Y="297"/><Point X="177" Y="298"/><Point X="177" Y="299"/><Point X="177" Y="300"/><Point X="177" Y="301"/><Point X="177" Y="302"/><Point X="177" Y="305"/><Point X="177" Y="306"/><Point X="177" Y="307"/><Point X="177" Y="308"/><Point X="177" Y="309"/><Point X="177" Y="310"/><Point X="177" Y="311"/><Point X="177" Y="312"/><Point X="177" Y="313"/><Point X="177" Y="314"/><Point X="178" Y="317"/><Point X="178" Y="318"/><Point X="178" Y="320"/><Point X="178" Y="322"/><Point X="178" Y="323"/><Point X="178" Y="324"/><Point X="179" Y="324"/><Point X="180" Y="324"/><Point X="181" Y="324"/><Point X="182.00001525878906" Y="324"/><Point X="184.00001525878906" Y="324"/><Point X="184.99998474121094" Y="324"/><Point X="186.00001525878906" Y="324"/><Point X="186.99998474121094" Y="324"/><Point X="188.00001525878906" Y="324"/><Point X="188.99998474121094" Y="324"/><Point X="190.00001525878906" Y="324"/><Point X="190.99998474121094" Y="324"/><Point X="192" Y="324"/><Point X="192.99998474121094" Y="324"/><Point X="194" Y="324"/><Point X="195" Y="324"/><Point X="196" Y="324"/><Point X="199" Y="324"/><Point X="200" Y="324"/><Point X="202" Y="324"/><Point X="206" Y="323"/><Point X="207" Y="323"/><Point X="209.99998474121094" Y="323"/><Point X="210.99998474121094" Y="323"/><Point X="214.00001525878906" Y="323"/><Point X="215.00001525878906" Y="323"/><Point X="216.00001525878906" Y="323"/><Point X="218" Y="323"/><Point X="220" Y="323"/><Point X="221" Y="323"/><Point X="222" Y="323"/><Point X="223" Y="323"/><Point X="224" Y="323"/><Point X="225" Y="323"/><Point X="226" Y="323"/><Point X="227" Y="323"/><Point X="228" Y="323"/><Point X="229" Y="323"/><Point X="230" Y="323"/><Point X="232" Y="323"/><Point X="233" Y="323"/><Point X="233.99998474121094" Y="322"/><Point X="234.99998474121094" Y="322"/><Point X="235.99998474121094" Y="322"/><Point X="236.99998474121094" Y="322"/></Gesture>