<?xml version="1.0" encoding="utf-8"?>
<Gesture Name="left_square_bracket09"><Point X="180" Y="78"/><Point X="179" Y="78"/><Point X="175" Y="78"/><Point X="174" Y="78"/><Point X="173" Y="78"/><Point X="172" Y="78"/><Point X="171" Y="78"/><Point X="170" Y="78"/><Point X="169" Y="78"/><Point X="167.99998474121094" Y="78"/><Point X="167" Y="78"/><Point X="165.99998474121094" Y="78"/><Point X="165.00001525878906" Y="78"/><Point X="163.00001525878906" Y="78"/><Point X="161.99998474121094" Y="78"/><Point X="161.00001525878906" Y="78"/><Point X="159.99998474121094" Y="78"/><Point X="159.00001525878906" Y="78"/><Point X="158" Y="78"/><Point X="157.00001525878906" Y="78"/><Point X="156" Y="78"/><Point X="155" Y="78"/><Point X="154" Y="78"/><Point X="153" Y="78"/><Point X="152" Y="78"/><Point X="151" Y="78"/><Point X="150" Y="78"/><Point X="149" Y="78"/><Point X="148" Y="78"/><Point X="148" Y="82"/><Point X="148" Y="87"/><Point X="148" Y="94"/><Point X="148" Y="101"/><Point X="148" Y="107"/><Point X="148" Y="113.00000762939453"/><Point X="148" Y="116.99999237060547"/><Point X="148" Y="123"/><Point X="148" Y="128"/><Point X="148" Y="133"/><Point X="148" Y="137"/><Point X="148" Y="144"/><Point X="148" Y="148"/><Point X="148" Y="154"/><Point X="148" Y="160"/><Point X="148" Y="164"/><Point X="148" Y="166"/><Point X="148" Y="171"/><Point X="148" Y="173"/><Point X="148" Y="178"/><Point X="148" Y="181"/><Point X="147" Y="187"/><Point X="147" Y="191"/><Point X="147" Y="200"/><Point X="147" Y="205"/><Point X="146" Y="213"/><Point X="146" Y="222"/><Point X="146" Y="225"/><Point X="145" Y="228"/><Point X="145" Y="231"/><Point X="145" Y="232"/><Point X="145" Y="233.99998474121094"/><Point X="145" Y="238"/><Point X="145" Y="240.00001525878906"/><Point X="145" Y="246"/><Point X="145" Y="249"/><Point X="145" Y="255"/><Point X="145" Y="260"/><Point X="145" Y="264"/><Point X="145" Y="267"/><Point X="145" Y="269"/><Point X="145" Y="272"/><Point X="145" Y="275"/><Point X="145" Y="276"/><Point X="145" Y="278"/><Point X="145" Y="280"/><Point X="145" Y="283"/><Point X="145" Y="285"/><Point X="145" Y="288"/><Point X="145" Y="290"/><Point X="145" Y="292"/><Point X="145" Y="294"/><Point X="145" Y="295"/><Point X="145" Y="297"/><Point X="145" Y="299"/><Point X="145" Y="300"/><Point X="145" Y="301"/><Point X="145" Y="302"/><Point X="145" Y="304"/><Point X="145" Y="305"/><Point X="146" Y="305"/><Point X="147" Y="305"/><Point X="149" Y="305"/><Point X="150" Y="305"/><Point X="152" Y="305"/><Point X="153" Y="305"/><Point X="154" Y="305"/><Point X="155" Y="305"/><Point X="156" Y="305"/><Point X="157.00001525878906" Y="305"/><Point X="158" Y="305"/><Point X="159.00001525878906" Y="305"/><Point X="159.99998474121094" Y="305"/><Point X="161.00001525878906" Y="305"/><Point X="161.99998474121094" Y="305"/><Point X="163.00001525878906" Y="305"/><Point X="165.00001525878906" Y="305"/><Point X="165.99998474121094" Y="305"/><Point X="167" Y="305"/><Point X="167.99998474121094" Y="305"/><Point X="169" Y="305"/><Point X="170" Y="305"/><Point X="171" Y="305"/><Point X="172" Y="305"/><Point X="173" Y="305"/><Point X="174" Y="305"/><Point X="175" Y="305"/><Point X="176" Y="305"/><Point X="178" Y="305"/><Point X="179" Y="305"/><Point X="180" Y="305"/><Point X="181" Y="305"/></Gesture>