<?xml version="1.0" encoding="utf-8"?>
<Gesture Name="left_square_bracket10"><Point X="184.99998474121094" Y="137"/><Point X="182.00001525878906" Y="137"/><Point X="178" Y="137"/><Point X="171" Y="139"/><Point X="167" Y="140"/><Point X="161.99998474121094" Y="140"/><Point X="158" Y="140"/><Point X="153" Y="140"/><Point X="148" Y="140"/><Point X="142.99996948242188" Y="140"/><Point X="140" Y="140"/><Point X="137" Y="140"/><Point X="134" Y="140"/><Point X="132.00003051757813" Y="140"/><Point X="129" Y="140"/><Point X="128" Y="140"/><Point X="127" Y="140"/><Point X="126" Y="140"/><Point X="125" Y="140"/><Point X="124" Y="140"/><Point X="123" Y="140"/><Point X="122" Y="140"/><Point X="121" Y="140"/><Point X="120" Y="141"/><Point X="119" Y="142"/><Point X="119" Y="143"/><Point X="119" Y="145"/><Point X="119" Y="148"/><Point X="119" Y="150"/><Point X="119" Y="153"/><Point X="119" Y="155"/><Point X="119" Y="156"/><Point X="119" Y="158"/><Point X="119" Y="161"/><Point X="120" Y="164"/><Point X="122" Y="168"/><Point X="123" Y="175"/><Point X="125" Y="181"/><Point X="126" Y="186"/><Point X="127" Y="189"/><Point X="128" Y="194"/><Point X="129" Y="197"/><Point X="129" Y="205"/><Point X="129" Y="211"/><Point X="129" Y="214"/><Point X="129" Y="217"/><Point X="129" Y="220"/><Point X="129" Y="222"/><Point X="129" Y="225"/><Point X="129" Y="228"/><Point X="129" Y="231"/><Point X="129" Y="233.00001525878906"/><Point X="129" Y="235"/><Point X="129" Y="236.99998474121094"/><Point X="129" Y="238"/><Point X="129" Y="240.00001525878906"/><Point X="129" Y="241"/><Point X="129" Y="243.99998474121094"/><Point X="129" Y="245"/><Point X="129" Y="246.99998474121094"/><Point X="129" Y="249"/><Point X="128" Y="252"/><Point X="127" Y="255"/><Point X="127" Y="257"/><Point X="125" Y="261"/><Point X="125" Y="262"/><Point X="125" Y="265"/><Point X="125" Y="267"/><Point X="125" Y="269"/><Point X="125" Y="271"/><Point X="125" Y="272"/><Point X="125" Y="276"/><Point X="125" Y="277"/><Point X="125" Y="279"/><Point X="125" Y="281"/><Point X="125" Y="283"/><Point X="125" Y="286"/><Point X="125" Y="288"/><Point X="125" Y="292"/><Point X="125" Y="294"/><Point X="125" Y="297"/><Point X="125" Y="303"/><Point X="125" Y="308"/><Point X="126" Y="314"/><Point X="127" Y="321"/><Point X="127" Y="323"/><Point X="127" Y="326"/><Point X="127" Y="328"/><Point X="127" Y="329"/><Point X="127" Y="330"/><Point X="127" Y="331"/><Point X="127" Y="332"/><Point X="127" Y="333"/><Point X="131" Y="333"/><Point X="136" Y="333"/><Point X="140" Y="333"/><Point X="144" Y="333"/><Point X="146" Y="331"/><Point X="150" Y="331"/><Point X="152" Y="331"/><Point X="153" Y="331"/><Point X="154" Y="331"/><Point X="155" Y="331"/><Point X="156" Y="331"/><Point X="157.00001525878906" Y="331"/><Point X="158" Y="331"/><Point X="159.00001525878906" Y="331"/><Point X="161.00001525878906" Y="331"/><Point X="161.99998474121094" Y="331"/><Point X="163.00001525878906" Y="331"/><Point X="163.99998474121094" Y="331"/><Point X="165.00001525878906" Y="331"/><Point X="165.99998474121094" Y="331"/><Point X="167.99998474121094" Y="332"/><Point X="169" Y="332"/><Point X="171" Y="332"/><Point X="172" Y="332"/><Point X="175" Y="333"/><Point X="177" Y="333"/><Point X="178" Y="333"/><Point X="179" Y="333"/><Point X="180" Y="334"/><Point X="181" Y="334"/><Point X="182.00001525878906" Y="334"/><Point X="183" Y="335"/><Point X="183" Y="336"/><Point X="184.00001525878906" Y="336"/><Point X="184.99998474121094" Y="337"/><Point X="184.99998474121094" Y="338"/></Gesture>