<?xml version="1.0" encoding="utf-8"?>
<Gesture Name="left_square_bracket07"><Point X="211.99998474121094" Y="101"/><Point X="210.99998474121094" Y="101"/><Point X="207" Y="101"/><Point X="204" Y="101"/><Point X="202" Y="101"/><Point X="200" Y="101"/><Point X="199" Y="101"/><Point X="197" Y="101"/><Point X="196" Y="101"/><Point X="195" Y="101"/><Point X="194" Y="101"/><Point X="192.99998474121094" Y="101"/><Point X="192" Y="101"/><Point X="190.99998474121094" Y="101"/><Point X="190.00001525878906" Y="101"/><Point X="188.99998474121094" Y="101"/><Point X="188.00001525878906" Y="101"/><Point X="186.00001525878906" Y="101"/><Point X="184.00001525878906" Y="101"/><Point X="183" Y="101"/><Point X="182.00001525878906" Y="101"/><Point X="181" Y="101"/><Point X="180" Y="101"/><Point X="179" Y="101"/><Point X="177" Y="101"/><Point X="177" Y="108.00000762939453"/><Point X="179" Y="118"/><Point X="180" Y="125.00000762939453"/><Point X="180" Y="133"/><Point X="180" Y="140"/><Point X="180" Y="148"/><Point X="180" Y="154"/><Point X="180" Y="162"/><Point X="180" Y="168"/><Point X="180" Y="177"/><Point X="180" Y="184"/><Point X="180" Y="189"/><Point X="180" Y="195"/><Point X="180" Y="203"/><Point X="180" Y="209"/><Point X="180" Y="218"/><Point X="179" Y="223"/><Point X="178" Y="229"/><Point X="178" Y="233.99998474121094"/><Point X="177" Y="239"/><Point X="177" Y="241"/><Point X="176" Y="250.00001525878906"/><Point X="175" Y="257"/><Point X="175" Y="260"/><Point X="175" Y="264"/><Point X="175" Y="267"/><Point X="175" Y="269"/><Point X="174" Y="273"/><Point X="174" Y="275"/><Point X="174" Y="277"/><Point X="174" Y="278"/><Point X="174" Y="279"/><Point X="174" Y="280"/><Point X="174" Y="281"/><Point X="174" Y="282"/><Point X="174" Y="283"/><Point X="174" Y="285"/><Point X="174" Y="287"/><Point X="174" Y="289"/><Point X="174" Y="290"/><Point X="174" Y="291"/><Point X="174" Y="292"/><Point X="174" Y="293"/><Point X="174" Y="295"/><Point X="175" Y="295"/><Point X="177" Y="295"/><Point X="180" Y="295"/><Point X="183" Y="295"/><Point X="188.00001525878906" Y="295"/><Point X="190.99998474121094" Y="295"/><Point X="195" Y="295"/><Point X="199" Y="295"/><Point X="202" Y="295"/><Point X="203" Y="295"/><Point X="205" Y="295"/><Point X="206" Y="295"/><Point X="207" Y="295"/><Point X="208" Y="295"/><Point X="208.99998474121094" Y="295"/><Point X="209.99998474121094" Y="295"/><Point X="211.99998474121094" Y="295"/><Point X="213.00001525878906" Y="295"/><Point X="214.00001525878906" Y="295"/></Gesture>