<?xml version="1.0" encoding="utf-8"?>
<Gesture Name="pigtail10"><Point X="110" Y="317"/><Point X="115" Y="317"/><Point X="123" Y="316"/><Point X="131" Y="315"/><Point X="136" Y="314"/><Point X="142.99996948242188" Y="312"/><Point X="151" Y="309"/><Point X="159.99998474121094" Y="303"/><Point X="171" Y="297"/><Point X="182.00001525878906" Y="289"/><Point X="190.00001525878906" Y="281"/><Point X="207" Y="268"/><Point X="216.00001525878906" Y="264"/><Point X="223" Y="259"/><Point X="230" Y="256"/><Point X="234.99998474121094" Y="253.99998474121094"/><Point X="239.00001525878906" Y="251"/><Point X="241.00001525878906" Y="248"/><Point X="245" Y="246"/><Point X="248" Y="243.99998474121094"/><Point X="249" Y="241"/><Point X="253" Y="236"/><Point X="256" Y="232"/><Point X="259" Y="226.00001525878906"/><Point X="259" Y="222"/><Point X="260" Y="216"/><Point X="262" Y="207"/><Point X="262" Y="201"/><Point X="262" Y="193"/><Point X="262" Y="190"/><Point X="261" Y="185"/><Point X="260" Y="182"/><Point X="259" Y="180"/><Point X="257" Y="176"/><Point X="253" Y="173"/><Point X="251" Y="172"/><Point X="247" Y="170"/><Point X="242" Y="168"/><Point X="239.00001525878906" Y="167"/><Point X="235.99998474121094" Y="166"/><Point X="233" Y="166"/><Point X="230" Y="166"/><Point X="228" Y="166"/><Point X="223" Y="170"/><Point X="219" Y="175"/><Point X="211.99998474121094" Y="184"/><Point X="208" Y="189"/><Point X="204" Y="196"/><Point X="201" Y="201"/><Point X="198" Y="210"/><Point X="196" Y="220"/><Point X="195" Y="229"/><Point X="195" Y="238"/><Point X="195" Y="246"/><Point X="196" Y="252"/><Point X="197" Y="257"/><Point X="199" Y="265"/><Point X="202" Y="273"/><Point X="205" Y="279"/><Point X="206" Y="286"/><Point X="207" Y="289"/><Point X="208" Y="292"/><Point X="208" Y="294"/><Point X="208" Y="295"/><Point X="208" Y="297"/><Point X="208" Y="298"/><Point X="208.99998474121094" Y="300"/><Point X="209.99998474121094" Y="302"/><Point X="210.99998474121094" Y="302"/><Point X="213.00001525878906" Y="303"/><Point X="214.00001525878906" Y="304"/><Point X="215.00001525878906" Y="304"/><Point X="216.00001525878906" Y="304"/></Gesture>