<?xml version="1.0" encoding="utf-8"?>
<Gesture Name="pigtail09"><Point X="130" Y="273"/><Point X="133" Y="273"/><Point X="150" Y="270"/><Point X="165.99998474121094" Y="269"/><Point X="180" Y="268"/><Point X="188.99998474121094" Y="267"/><Point X="204" Y="264"/><Point X="218" Y="262"/><Point X="229" Y="261"/><Point X="234.99998474121094" Y="260"/><Point X="243" Y="258"/><Point X="250" Y="256"/><Point X="257" Y="253.99998474121094"/><Point X="265" Y="249"/><Point X="272" Y="246"/><Point X="277" Y="242"/><Point X="284" Y="236"/><Point X="290" Y="229"/><Point X="297" Y="218"/><Point X="302" Y="207"/><Point X="306" Y="195"/><Point X="308" Y="187"/><Point X="309" Y="178"/><Point X="309" Y="169"/><Point X="309" Y="158"/><Point X="309" Y="149"/><Point X="307" Y="141"/><Point X="306" Y="138"/><Point X="302" Y="130"/><Point X="297" Y="128"/><Point X="292" Y="125.00000762939453"/><Point X="285" Y="121.99999237060547"/><Point X="280" Y="121"/><Point X="273" Y="120.00000762939453"/><Point X="268" Y="120.00000762939453"/><Point X="260" Y="120.00000762939453"/><Point X="253" Y="120.00000762939453"/><Point X="248" Y="120.00000762939453"/><Point X="243" Y="121.99999237060547"/><Point X="236.99998474121094" Y="126"/><Point X="232" Y="130"/><Point X="227" Y="140"/><Point X="224" Y="148"/><Point X="221" Y="153"/><Point X="220" Y="159"/><Point X="220" Y="167"/><Point X="220" Y="177"/><Point X="220" Y="191"/><Point X="223" Y="203"/><Point X="227" Y="213"/><Point X="231" Y="222"/><Point X="238.00001525878906" Y="236"/><Point X="245" Y="249"/><Point X="252" Y="260"/><Point X="255" Y="265"/><Point X="257" Y="270"/><Point X="260" Y="273"/><Point X="264" Y="277"/><Point X="269" Y="280"/><Point X="273" Y="283"/><Point X="276" Y="286"/><Point X="279" Y="288"/><Point X="282" Y="288"/><Point X="284" Y="289"/><Point X="288" Y="290"/><Point X="289" Y="291"/><Point X="290" Y="291"/><Point X="291" Y="291"/><Point X="292" Y="291"/></Gesture>