<?xml version="1.0" encoding="utf-8"?>
<Gesture Name="pigtail08"><Point X="67" Y="309"/><Point X="75" Y="302"/><Point X="84" Y="295"/><Point X="93" Y="288"/><Point X="100" Y="282"/><Point X="107.00003051757813" Y="274"/><Point X="111" Y="268"/><Point X="115" Y="264"/><Point X="120" Y="259"/><Point X="123" Y="253.99998474121094"/><Point X="125" Y="251"/><Point X="127" Y="246.99998474121094"/><Point X="129" Y="245"/><Point X="131" Y="242"/><Point X="133" Y="238"/><Point X="135" Y="235"/><Point X="136" Y="231"/><Point X="137" Y="224"/><Point X="138" Y="216"/><Point X="138" Y="207"/><Point X="138" Y="201"/><Point X="138" Y="194"/><Point X="137" Y="191"/><Point X="137" Y="188"/><Point X="136" Y="185"/><Point X="136" Y="184"/><Point X="136" Y="183"/><Point X="135" Y="183"/><Point X="134" Y="181"/><Point X="132.00003051757813" Y="179"/><Point X="130" Y="176"/><Point X="128" Y="174"/><Point X="124" Y="170"/><Point X="121" Y="168"/><Point X="119" Y="166"/><Point X="115" Y="165"/><Point X="114" Y="165"/><Point X="113" Y="165"/><Point X="112" Y="165"/><Point X="111" Y="165"/><Point X="109" Y="165"/><Point X="107.00003051757813" Y="169"/><Point X="104" Y="177"/><Point X="101" Y="186"/><Point X="98" Y="195"/><Point X="97" Y="203"/><Point X="97" Y="212"/><Point X="97" Y="220"/><Point X="97" Y="224"/><Point X="97" Y="231"/><Point X="100" Y="236.99998474121094"/><Point X="104" Y="246.99998474121094"/><Point X="107.00003051757813" Y="256"/><Point X="112" Y="266"/><Point X="117" Y="275"/><Point X="120" Y="281"/><Point X="122" Y="283"/><Point X="128" Y="290"/><Point X="142" Y="302"/><Point X="150" Y="308"/><Point X="158" Y="313"/><Point X="161.99998474121094" Y="316"/><Point X="165.00001525878906" Y="318"/><Point X="169" Y="321"/><Point X="171" Y="323"/><Point X="173" Y="323"/><Point X="173" Y="324"/><Point X="175" Y="325"/></Gesture>