<?xml version="1.0" encoding="utf-8"?>
<Gesture Name="pigtail02"><Point X="102" Y="294"/><Point X="105" Y="291"/><Point X="113" Y="285"/><Point X="117.99996948242188" Y="280"/><Point X="126" Y="275"/><Point X="130" Y="272"/><Point X="134" Y="268"/><Point X="137" Y="264"/><Point X="147" Y="250.00001525878906"/><Point X="150" Y="240.00001525878906"/><Point X="153" Y="230.00001525878906"/><Point X="154" Y="221"/><Point X="156" Y="215"/><Point X="156" Y="206"/><Point X="156" Y="194"/><Point X="154" Y="177"/><Point X="153" Y="163"/><Point X="152" Y="155"/><Point X="151" Y="148"/><Point X="150" Y="141"/><Point X="149" Y="135"/><Point X="148" Y="130"/><Point X="146" Y="123"/><Point X="144" Y="120.00000762939453"/><Point X="144" Y="118"/><Point X="144" Y="116"/><Point X="142.99996948242188" Y="115.00000762939453"/><Point X="142.99996948242188" Y="113.00000762939453"/><Point X="142" Y="113.00000762939453"/><Point X="141" Y="111"/><Point X="141" Y="109"/><Point X="139" Y="107"/><Point X="137" Y="106"/><Point X="135" Y="102.99999237060547"/><Point X="133" Y="102.00000762939453"/><Point X="130" Y="99.999992370605469"/><Point X="128" Y="99"/><Point X="126" Y="99"/><Point X="125" Y="99"/><Point X="124" Y="99"/><Point X="123" Y="99"/><Point X="122" Y="99"/><Point X="120" Y="99.999992370605469"/><Point X="117.99996948242188" Y="104"/><Point X="116" Y="112.00000762939453"/><Point X="116" Y="121"/><Point X="116" Y="130"/><Point X="117.99996948242188" Y="165"/><Point X="120" Y="180"/><Point X="124" Y="188"/><Point X="126" Y="196"/><Point X="130" Y="205"/><Point X="136" Y="217"/><Point X="139" Y="223"/><Point X="144" Y="231"/><Point X="149" Y="238"/><Point X="153" Y="243.00001525878906"/><Point X="157.00001525878906" Y="249"/><Point X="161.00001525878906" Y="252"/><Point X="165.00001525878906" Y="256"/><Point X="169" Y="260"/><Point X="172" Y="263"/><Point X="174" Y="264"/><Point X="178" Y="266"/><Point X="179" Y="269"/><Point X="180" Y="269"/><Point X="181" Y="270"/><Point X="181" Y="271"/><Point X="182.00001525878906" Y="271"/><Point X="183" Y="271"/></Gesture>