<?xml version="1.0" encoding="utf-8"?>
<Gesture Name="rectangle01"><Point X="125" Y="163"/><Point X="126" Y="182"/><Point X="129" Y="202"/><Point X="135" Y="243.00001525878906"/><Point X="140" Y="276"/><Point X="142" Y="295"/><Point X="145" Y="333"/><Point X="147" Y="355"/><Point X="148" Y="367"/><Point X="148" Y="384"/><Point X="148" Y="399"/><Point X="148" Y="408"/><Point X="148" Y="417"/><Point X="148" Y="423"/><Point X="148" Y="425"/><Point X="148" Y="428"/><Point X="148" Y="430"/><Point X="148" Y="431"/><Point X="148" Y="433"/><Point X="148" Y="434"/><Point X="148" Y="435"/><Point X="148" Y="436"/><Point X="148" Y="437"/><Point X="149" Y="437"/><Point X="152" Y="437"/><Point X="163.00001525878906" Y="436"/><Point X="171" Y="433"/><Point X="183" Y="431"/><Point X="192" Y="428"/><Point X="205" Y="426"/><Point X="214.00001525878906" Y="422"/><Point X="225" Y="419"/><Point X="235.99998474121094" Y="415"/><Point X="245" Y="410"/><Point X="252" Y="407"/><Point X="262" Y="403"/><Point X="273" Y="397"/><Point X="282" Y="394"/><Point X="291" Y="390"/><Point X="300" Y="387"/><Point X="307" Y="384"/><Point X="312" Y="382"/><Point X="319" Y="381"/><Point X="324" Y="380"/><Point X="330" Y="379"/><Point X="335" Y="378"/><Point X="341" Y="376"/><Point X="348" Y="375"/><Point X="353" Y="373"/><Point X="358" Y="372"/><Point X="361" Y="371"/><Point X="365" Y="369"/><Point X="370" Y="368"/><Point X="374" Y="366"/><Point X="380" Y="363"/><Point X="384" Y="362"/><Point X="387" Y="362"/><Point X="390" Y="361"/><Point X="392" Y="360"/><Point X="394" Y="359"/><Point X="395" Y="359"/><Point X="396" Y="359"/><Point X="396" Y="357"/><Point X="396" Y="356"/><Point X="396" Y="354"/><Point X="395" Y="353"/><Point X="391" Y="348"/><Point X="389" Y="345"/><Point X="387" Y="342"/><Point X="381" Y="335"/><Point X="376" Y="325"/><Point X="366" Y="307"/><Point X="359" Y="287"/><Point X="348" Y="269"/><Point X="338" Y="246"/><Point X="325" Y="209"/><Point X="318" Y="193"/><Point X="315" Y="185"/><Point X="312" Y="171"/><Point X="308" Y="163"/><Point X="307" Y="155"/><Point X="305" Y="148"/><Point X="305" Y="146"/><Point X="305" Y="145"/><Point X="305" Y="144"/><Point X="305" Y="142"/><Point X="304" Y="142"/><Point X="302" Y="142"/><Point X="294" Y="145"/><Point X="283" Y="148"/><Point X="267" Y="153"/><Point X="253" Y="160"/><Point X="233" Y="165"/><Point X="208" Y="176"/><Point X="186.99998474121094" Y="180"/><Point X="172" Y="184"/><Point X="154" Y="191"/><Point X="140" Y="194"/><Point X="131" Y="197"/><Point X="121" Y="198"/><Point X="117.99996948242188" Y="199"/><Point X="115" Y="199"/><Point X="113" Y="199"/><Point X="112" Y="199"/><Point X="110" Y="199"/></Gesture>