<?xml version="1.0" encoding="utf-8"?>
<Gesture Name="rectangle03"><Point X="119" Y="164"/><Point X="119" Y="169"/><Point X="119" Y="178"/><Point X="119" Y="187"/><Point X="120" Y="195"/><Point X="120" Y="204"/><Point X="121" Y="213"/><Point X="121" Y="218"/><Point X="121" Y="223"/><Point X="121" Y="226.00001525878906"/><Point X="121" Y="232"/><Point X="121" Y="236"/><Point X="122" Y="245"/><Point X="122" Y="253.00001525878906"/><Point X="122" Y="259"/><Point X="122" Y="264"/><Point X="122" Y="267"/><Point X="122" Y="270"/><Point X="122" Y="273"/><Point X="122" Y="281"/><Point X="122" Y="283"/><Point X="122" Y="287"/><Point X="122" Y="289"/><Point X="122" Y="291"/><Point X="122" Y="292"/><Point X="122" Y="293"/><Point X="122" Y="294"/><Point X="122" Y="295"/><Point X="122" Y="296"/><Point X="123" Y="297"/><Point X="126" Y="297"/><Point X="131" Y="297"/><Point X="141" Y="297"/><Point X="153" Y="297"/><Point X="167" Y="297"/><Point X="180" Y="297"/><Point X="194" Y="296"/><Point X="203" Y="296"/><Point X="215.00001525878906" Y="295"/><Point X="224" Y="294"/><Point X="233.99998474121094" Y="294"/><Point X="241.00001525878906" Y="293"/><Point X="248" Y="293"/><Point X="256" Y="290"/><Point X="260" Y="290"/><Point X="265" Y="290"/><Point X="271" Y="290"/><Point X="277" Y="290"/><Point X="285" Y="290"/><Point X="296" Y="290"/><Point X="299" Y="290"/><Point X="302" Y="290"/><Point X="305" Y="290"/><Point X="307" Y="290"/><Point X="309" Y="290"/><Point X="311" Y="290"/><Point X="312" Y="290"/><Point X="313" Y="290"/><Point X="313" Y="287"/><Point X="316" Y="276"/><Point X="317" Y="259"/><Point X="317" Y="245"/><Point X="317" Y="233.99998474121094"/><Point X="317" Y="218"/><Point X="317" Y="197"/><Point X="317" Y="173"/><Point X="317" Y="165"/><Point X="317" Y="159"/><Point X="317" Y="152"/><Point X="317" Y="144"/><Point X="317" Y="141"/><Point X="317" Y="138"/><Point X="317" Y="136"/><Point X="317" Y="135"/><Point X="317" Y="134"/><Point X="316" Y="133"/><Point X="315" Y="133"/><Point X="315" Y="132"/><Point X="313" Y="131"/><Point X="310" Y="131"/><Point X="305" Y="131"/><Point X="298" Y="131"/><Point X="288" Y="131"/><Point X="281" Y="132"/><Point X="271" Y="134"/><Point X="256" Y="139"/><Point X="243" Y="144"/><Point X="231" Y="148"/><Point X="222" Y="150"/><Point X="211.99998474121094" Y="154"/><Point X="200" Y="155"/><Point X="190.99998474121094" Y="156"/><Point X="182.00001525878906" Y="157"/><Point X="170" Y="157"/><Point X="165.00001525878906" Y="157"/><Point X="159.99998474121094" Y="158"/><Point X="158" Y="158"/><Point X="155" Y="158"/><Point X="152" Y="158"/><Point X="151" Y="158"/><Point X="149" Y="158"/><Point X="148" Y="158"/><Point X="147" Y="158"/><Point X="146" Y="158"/><Point X="145" Y="158"/></Gesture>