<?xml version="1.0" encoding="utf-8"?>
<Gesture Name="rectangle08"><Point X="47" Y="141"/><Point X="47" Y="147"/><Point X="47" Y="155"/><Point X="47" Y="164"/><Point X="47" Y="170"/><Point X="47" Y="177"/><Point X="47" Y="184"/><Point X="47" Y="188"/><Point X="47" Y="195"/><Point X="46" Y="199"/><Point X="46" Y="207"/><Point X="46" Y="212"/><Point X="45" Y="219"/><Point X="45" Y="226.99998474121094"/><Point X="45" Y="233.99998474121094"/><Point X="45" Y="241"/><Point X="45" Y="246.99998474121094"/><Point X="44" Y="250.00001525878906"/><Point X="44" Y="256"/><Point X="44" Y="261"/><Point X="43" Y="267"/><Point X="43" Y="272"/><Point X="43" Y="274"/><Point X="43" Y="278"/><Point X="43" Y="280"/><Point X="43" Y="281"/><Point X="43" Y="284"/><Point X="43" Y="285"/><Point X="43" Y="287"/><Point X="43" Y="289"/><Point X="43" Y="293"/><Point X="43" Y="294"/><Point X="43" Y="295"/><Point X="43" Y="297"/><Point X="43" Y="298"/><Point X="43" Y="301"/><Point X="43" Y="302"/><Point X="43" Y="303"/><Point X="43" Y="304"/><Point X="46" Y="304"/><Point X="51" Y="305"/><Point X="62" Y="305"/><Point X="70" Y="305"/><Point X="77" Y="306"/><Point X="85" Y="308"/><Point X="94" Y="308"/><Point X="103" Y="309"/><Point X="110" Y="310"/><Point X="117" Y="312"/><Point X="125" Y="312"/><Point X="130" Y="312"/><Point X="138" Y="314"/><Point X="144" Y="314"/><Point X="154" Y="315"/><Point X="161.99998474121094" Y="316"/><Point X="171" Y="317"/><Point X="183" Y="317"/><Point X="192.99998474121094" Y="319"/><Point X="199" Y="319"/><Point X="206" Y="319"/><Point X="214.00001525878906" Y="320"/><Point X="219" Y="320"/><Point X="224" Y="321"/><Point X="227" Y="321"/><Point X="233" Y="322"/><Point X="236.99998474121094" Y="322"/><Point X="245" Y="322"/><Point X="251" Y="322"/><Point X="259" Y="322"/><Point X="266" Y="322"/><Point X="271" Y="322"/><Point X="275" Y="322"/><Point X="279" Y="322"/><Point X="283" Y="322"/><Point X="286" Y="322"/><Point X="288" Y="322"/><Point X="291" Y="322"/><Point X="293" Y="322"/><Point X="295" Y="322"/><Point X="297" Y="322"/><Point X="300" Y="322"/><Point X="302" Y="322"/><Point X="303" Y="322"/><Point X="304" Y="322"/><Point X="306" Y="322"/><Point X="306" Y="320"/><Point X="306" Y="318"/><Point X="305" Y="316"/><Point X="304" Y="315"/><Point X="304" Y="314"/><Point X="302" Y="310"/><Point X="301" Y="307"/><Point X="301" Y="305"/><Point X="300" Y="303"/><Point X="299" Y="302"/><Point X="298" Y="302"/><Point X="298" Y="301"/><Point X="298" Y="300"/><Point X="298" Y="299"/><Point X="298" Y="290"/><Point X="298" Y="286"/><Point X="298" Y="282"/><Point X="298" Y="277"/><Point X="298" Y="274"/><Point X="299" Y="267"/><Point X="300" Y="259"/><Point X="301" Y="248"/><Point X="302" Y="239"/><Point X="303" Y="231"/><Point X="303" Y="228"/><Point X="303" Y="226.00001525878906"/><Point X="303" Y="224"/><Point X="303" Y="223"/><Point X="303" Y="222"/><Point X="304" Y="216"/><Point X="305" Y="212"/><Point X="306" Y="207"/><Point X="306" Y="203"/><Point X="306" Y="199"/><Point X="306" Y="194"/><Point X="306" Y="192"/><Point X="306" Y="189"/><Point X="306" Y="188"/><Point X="306" Y="187"/><Point X="306" Y="186"/><Point X="306" Y="182"/><Point X="306" Y="177"/><Point X="306" Y="175"/><Point X="306" Y="172"/><Point X="306" Y="170"/><Point X="305" Y="168"/><Point X="305" Y="167"/><Point X="305" Y="166"/><Point X="305" Y="164"/><Point X="305" Y="163"/><Point X="304" Y="163"/><Point X="304" Y="162"/><Point X="303" Y="161"/><Point X="301" Y="161"/><Point X="299" Y="159"/><Point X="297" Y="157"/><Point X="292" Y="155"/><Point X="284" Y="152"/><Point X="274" Y="148"/><Point X="265" Y="147"/><Point X="260" Y="146"/><Point X="254" Y="145"/><Point X="248" Y="144"/><Point X="241.00001525878906" Y="143"/><Point X="231" Y="142"/><Point X="208" Y="141"/><Point X="199" Y="140"/><Point X="194" Y="140"/><Point X="190.00001525878906" Y="140"/><Point X="186.99998474121094" Y="140"/><Point X="184.99998474121094" Y="140"/><Point X="181" Y="138"/><Point X="179" Y="138"/><Point X="176" Y="137"/><Point X="173" Y="136"/><Point X="170" Y="135"/><Point X="165.00001525878906" Y="134"/><Point X="161.00001525878906" Y="134"/><Point X="157.00001525878906" Y="134"/><Point X="150" Y="134"/><Point X="144" Y="134"/><Point X="140" Y="134"/><Point X="134" Y="134"/><Point X="128" Y="134"/><Point X="123" Y="134"/><Point X="117" Y="134"/><Point X="113" Y="134"/><Point X="109" Y="134"/><Point X="104" Y="134"/><Point X="102" Y="134"/><Point X="99" Y="134"/><Point X="96" Y="134"/><Point X="94" Y="134"/><Point X="90" Y="134"/><Point X="88" Y="134"/><Point X="86" Y="134"/><Point X="83" Y="134"/><Point X="81" Y="134"/><Point X="79" Y="134"/><Point X="78" Y="134"/><Point X="75" Y="134"/><Point X="73" Y="135"/><Point X="71" Y="135"/><Point X="70" Y="136"/><Point X="68" Y="136"/><Point X="67" Y="136"/><Point X="66" Y="136"/><Point X="65" Y="136"/><Point X="64" Y="138"/><Point X="62" Y="138"/><Point X="61" Y="138"/><Point X="60" Y="138"/><Point X="59" Y="138"/><Point X="58" Y="138"/><Point X="57" Y="138"/><Point X="56" Y="138"/><Point X="55" Y="138"/><Point X="54" Y="138"/></Gesture>