<?xml version="1.0" encoding="utf-8"?>
<Gesture Name="rectangle04"><Point X="97" Y="116"/><Point X="96" Y="120.00000762939453"/><Point X="95" Y="128"/><Point X="95" Y="136"/><Point X="94" Y="143"/><Point X="94" Y="152"/><Point X="94" Y="163"/><Point X="94" Y="172"/><Point X="94" Y="177"/><Point X="94" Y="186"/><Point X="94" Y="195"/><Point X="94" Y="204"/><Point X="94" Y="210"/><Point X="94" Y="216"/><Point X="94" Y="219"/><Point X="94" Y="224"/><Point X="94" Y="226.00001525878906"/><Point X="94" Y="229"/><Point X="94" Y="232"/><Point X="94" Y="235"/><Point X="94" Y="250.00001525878906"/><Point X="94" Y="253.00001525878906"/><Point X="94" Y="256"/><Point X="94" Y="260"/><Point X="94" Y="263"/><Point X="94" Y="264"/><Point X="94" Y="268"/><Point X="94" Y="269"/><Point X="94" Y="271"/><Point X="94" Y="272"/><Point X="94" Y="273"/><Point X="94" Y="274"/><Point X="94" Y="276"/><Point X="95" Y="276"/><Point X="98" Y="276"/><Point X="104" Y="276"/><Point X="114" Y="276"/><Point X="128" Y="276"/><Point X="138" Y="276"/><Point X="150" Y="276"/><Point X="163.00001525878906" Y="276"/><Point X="177" Y="276"/><Point X="190.00001525878906" Y="276"/><Point X="199" Y="276"/><Point X="209.99998474121094" Y="276"/><Point X="220" Y="276"/><Point X="226" Y="276"/><Point X="236.99998474121094" Y="276"/><Point X="247" Y="276"/><Point X="255" Y="276"/><Point X="261" Y="276"/><Point X="269" Y="276"/><Point X="276" Y="276"/><Point X="281" Y="277"/><Point X="287" Y="277"/><Point X="291" Y="277"/><Point X="296" Y="277"/><Point X="301" Y="277"/><Point X="307" Y="277"/><Point X="311" Y="277"/><Point X="316" Y="277"/><Point X="324" Y="277"/><Point X="330" Y="277"/><Point X="341" Y="277"/><Point X="345" Y="277"/><Point X="348" Y="277"/><Point X="349" Y="277"/><Point X="350" Y="277"/><Point X="351" Y="277"/><Point X="352" Y="277"/><Point X="352" Y="276"/><Point X="352" Y="273"/><Point X="352" Y="271"/><Point X="352" Y="256"/><Point X="351" Y="252"/><Point X="349" Y="245"/><Point X="347" Y="226.99998474121094"/><Point X="347" Y="216"/><Point X="347" Y="209"/><Point X="347" Y="201"/><Point X="347" Y="196"/><Point X="347" Y="193"/><Point X="347" Y="191"/><Point X="347" Y="187"/><Point X="347" Y="185"/><Point X="347" Y="181"/><Point X="348" Y="176"/><Point X="348" Y="171"/><Point X="350" Y="163"/><Point X="350" Y="157"/><Point X="350" Y="154"/><Point X="350" Y="151"/><Point X="350" Y="148"/><Point X="350" Y="146"/><Point X="350" Y="144"/><Point X="350" Y="143"/><Point X="350" Y="142"/><Point X="350" Y="141"/><Point X="349" Y="136"/><Point X="348" Y="132"/><Point X="348" Y="130"/><Point X="347" Y="126.99999237060547"/><Point X="347" Y="125.00000762939453"/><Point X="347" Y="124"/><Point X="347" Y="123"/><Point X="346" Y="121.99999237060547"/><Point X="345" Y="121.99999237060547"/><Point X="344" Y="121.99999237060547"/><Point X="344" Y="121"/><Point X="342" Y="121"/><Point X="342" Y="120.00000762939453"/><Point X="341" Y="120.00000762939453"/><Point X="340" Y="120.00000762939453"/><Point X="339" Y="120.00000762939453"/><Point X="338" Y="120.00000762939453"/><Point X="335" Y="120.00000762939453"/><Point X="334" Y="119"/><Point X="331" Y="116.99999237060547"/><Point X="325" Y="116"/><Point X="320" Y="115.00000762939453"/><Point X="311" Y="114"/><Point X="298" Y="114"/><Point X="290" Y="114"/><Point X="282" Y="114"/><Point X="276" Y="114"/><Point X="268" Y="115.00000762939453"/><Point X="261" Y="116"/><Point X="254" Y="119"/><Point X="248" Y="119"/><Point X="243" Y="119"/><Point X="236.99998474121094" Y="119"/><Point X="233" Y="119"/><Point X="227" Y="119"/><Point X="217" Y="116.99999237060547"/><Point X="201" Y="116.99999237060547"/><Point X="192" Y="116.99999237060547"/><Point X="186.00001525878906" Y="116.99999237060547"/><Point X="181" Y="116.99999237060547"/><Point X="175" Y="116.99999237060547"/><Point X="170" Y="116.99999237060547"/><Point X="163.00001525878906" Y="116.99999237060547"/><Point X="158" Y="118"/><Point X="151" Y="119"/><Point X="145" Y="119"/><Point X="140" Y="119"/><Point X="138" Y="119"/><Point X="135" Y="119"/><Point X="131" Y="119"/><Point X="126" Y="119"/><Point X="123" Y="119"/><Point X="121" Y="119"/><Point X="117.99996948242188" Y="119"/><Point X="116" Y="119"/><Point X="112" Y="118"/><Point X="110" Y="118"/><Point X="107.00003051757813" Y="116.99999237060547"/><Point X="104" Y="116.99999237060547"/><Point X="101" Y="116"/><Point X="98" Y="116"/><Point X="95" Y="116"/><Point X="92" Y="115.00000762939453"/><Point X="89" Y="115.00000762939453"/><Point X="87" Y="115.00000762939453"/><Point X="86" Y="115.00000762939453"/><Point X="85" Y="115.00000762939453"/><Point X="84" Y="115.00000762939453"/><Point X="83" Y="115.00000762939453"/><Point X="82" Y="115.00000762939453"/><Point X="81" Y="115.00000762939453"/></Gesture>