<?xml version="1.0" encoding="utf-8"?>
<Gesture Name="rectangle06"><Point X="61" Y="114"/><Point X="61" Y="123"/><Point X="61" Y="132"/><Point X="61" Y="139"/><Point X="61" Y="150"/><Point X="59" Y="163"/><Point X="59" Y="180"/><Point X="58" Y="189"/><Point X="58" Y="198"/><Point X="58" Y="205"/><Point X="58" Y="210"/><Point X="58" Y="218"/><Point X="58" Y="224"/><Point X="58" Y="226.00001525878906"/><Point X="58" Y="228"/><Point X="58" Y="233.99998474121094"/><Point X="58" Y="236.99998474121094"/><Point X="58" Y="241"/><Point X="58" Y="243.99998474121094"/><Point X="58" Y="250.00001525878906"/><Point X="58" Y="256"/><Point X="58" Y="265"/><Point X="58" Y="271"/><Point X="58" Y="276"/><Point X="58" Y="278"/><Point X="58" Y="282"/><Point X="58" Y="283"/><Point X="58" Y="284"/><Point X="58" Y="285"/><Point X="58" Y="286"/><Point X="58" Y="288"/><Point X="59" Y="288"/><Point X="62" Y="288"/><Point X="68" Y="288"/><Point X="74" Y="288"/><Point X="84" Y="288"/><Point X="98" Y="288"/><Point X="108" Y="288"/><Point X="135" Y="286"/><Point X="147" Y="285"/><Point X="161.00001525878906" Y="284"/><Point X="167.99998474121094" Y="284"/><Point X="178" Y="283"/><Point X="190.00001525878906" Y="283"/><Point X="200" Y="283"/><Point X="210.99998474121094" Y="283"/><Point X="218" Y="283"/><Point X="226" Y="283"/><Point X="233" Y="283"/><Point X="240.00001525878906" Y="283"/><Point X="247" Y="284"/><Point X="252" Y="285"/><Point X="258" Y="285"/><Point X="264" Y="285"/><Point X="268" Y="287"/><Point X="271" Y="287"/><Point X="275" Y="287"/><Point X="276" Y="288"/><Point X="278" Y="288"/><Point X="279" Y="288"/><Point X="281" Y="288"/><Point X="282" Y="288"/><Point X="283" Y="288"/><Point X="284" Y="288"/><Point X="288" Y="288"/><Point X="292" Y="288"/><Point X="295" Y="288"/><Point X="299" Y="288"/><Point X="300" Y="288"/><Point X="301" Y="288"/><Point X="302" Y="288"/><Point X="303" Y="288"/><Point X="304" Y="286"/><Point X="305" Y="286"/><Point X="305" Y="284"/><Point X="305" Y="282"/><Point X="305" Y="280"/><Point X="305" Y="272"/><Point X="305" Y="268"/><Point X="305" Y="263"/><Point X="305" Y="250.00001525878906"/><Point X="305" Y="236"/><Point X="305" Y="226.00001525878906"/><Point X="306" Y="218"/><Point X="306" Y="213"/><Point X="306" Y="209"/><Point X="307" Y="204"/><Point X="309" Y="195"/><Point X="309" Y="192"/><Point X="310" Y="189"/><Point X="310" Y="187"/><Point X="310" Y="184"/><Point X="311" Y="181"/><Point X="313" Y="178"/><Point X="313" Y="174"/><Point X="313" Y="172"/><Point X="314" Y="169"/><Point X="314" Y="165"/><Point X="315" Y="160"/><Point X="315" Y="151"/><Point X="315" Y="140"/><Point X="315" Y="136"/><Point X="315" Y="133"/><Point X="315" Y="132"/><Point X="315" Y="131"/><Point X="315" Y="130"/><Point X="314" Y="129"/><Point X="313" Y="128"/><Point X="312" Y="128"/><Point X="311" Y="126.99999237060547"/><Point X="310" Y="126"/><Point X="310" Y="125.00000762939453"/><Point X="308" Y="125.00000762939453"/><Point X="306" Y="124"/><Point X="304" Y="123"/><Point X="303" Y="121.99999237060547"/><Point X="302" Y="121.99999237060547"/><Point X="301" Y="121.99999237060547"/><Point X="300" Y="121.99999237060547"/><Point X="299" Y="121"/><Point X="298" Y="121"/><Point X="298" Y="120.00000762939453"/><Point X="296" Y="120.00000762939453"/><Point X="294" Y="119"/><Point X="290" Y="118"/><Point X="287" Y="116.99999237060547"/><Point X="282" Y="116"/><Point X="277" Y="116"/><Point X="271" Y="116"/><Point X="268" Y="116"/><Point X="263" Y="116"/><Point X="261" Y="116"/><Point X="256" Y="116"/><Point X="250" Y="116"/><Point X="241.00001525878906" Y="116.99999237060547"/><Point X="235.99998474121094" Y="116.99999237060547"/><Point X="227" Y="118"/><Point X="218" Y="120.00000762939453"/><Point X="213.00001525878906" Y="120.00000762939453"/><Point X="207" Y="121"/><Point X="202" Y="121"/><Point X="196" Y="121.99999237060547"/><Point X="190.00001525878906" Y="121.99999237060547"/><Point X="184.00001525878906" Y="121.99999237060547"/><Point X="176" Y="121.99999237060547"/><Point X="172" Y="121.99999237060547"/><Point X="165.00001525878906" Y="121.99999237060547"/><Point X="158" Y="124"/><Point X="153" Y="124"/><Point X="148" Y="124"/><Point X="144" Y="124"/><Point X="139" Y="124"/><Point X="136" Y="124"/><Point X="132.00003051757813" Y="124"/><Point X="129" Y="124"/><Point X="124" Y="124"/><Point X="121" Y="124"/><Point X="117.99996948242188" Y="124"/><Point X="113" Y="124"/><Point X="111" Y="124"/><Point X="107.00003051757813" Y="124"/><Point X="104" Y="124"/><Point X="99" Y="124"/><Point X="96" Y="124"/><Point X="94" Y="124"/><Point X="93" Y="124"/><Point X="91" Y="123"/><Point X="89" Y="123"/><Point X="88" Y="123"/><Point X="86" Y="123"/><Point X="85" Y="123"/><Point X="84" Y="123"/><Point X="83" Y="123"/><Point X="82" Y="123"/><Point X="81" Y="123"/><Point X="80" Y="123"/><Point X="79" Y="123"/><Point X="78" Y="123"/><Point X="77" Y="123"/><Point X="76" Y="123"/><Point X="75" Y="123"/><Point X="74" Y="121.99999237060547"/><Point X="73" Y="121.99999237060547"/><Point X="72" Y="121.99999237060547"/><Point X="71" Y="121.99999237060547"/><Point X="70" Y="121.99999237060547"/><Point X="69" Y="121.99999237060547"/><Point X="68" Y="121.99999237060547"/></Gesture>