<?xml version="1.0" encoding="utf-8"?>
<Gesture Name="rectangle05"><Point X="80" Y="156"/><Point X="80" Y="165"/><Point X="80" Y="177"/><Point X="80" Y="184"/><Point X="80" Y="189"/><Point X="79" Y="197"/><Point X="79" Y="213"/><Point X="79" Y="224"/><Point X="79" Y="231"/><Point X="79" Y="236"/><Point X="79" Y="241"/><Point X="79" Y="243.00001525878906"/><Point X="79" Y="246.99998474121094"/><Point X="79" Y="248"/><Point X="79" Y="250.00001525878906"/><Point X="78" Y="252"/><Point X="78" Y="253.99998474121094"/><Point X="78" Y="255"/><Point X="78" Y="256"/><Point X="78" Y="257"/><Point X="78" Y="258"/><Point X="86" Y="258"/><Point X="98" Y="258"/><Point X="114" Y="258"/><Point X="126" Y="258"/><Point X="138" Y="257"/><Point X="148" Y="256"/><Point X="157.00001525878906" Y="253.00001525878906"/><Point X="163.00001525878906" Y="252"/><Point X="171" Y="252"/><Point X="174" Y="252"/><Point X="180" Y="251"/><Point X="186.00001525878906" Y="250.00001525878906"/><Point X="197" Y="250.00001525878906"/><Point X="202" Y="249"/><Point X="209.99998474121094" Y="249"/><Point X="214.00001525878906" Y="249"/><Point X="222" Y="249"/><Point X="225" Y="249"/><Point X="230" Y="249"/><Point X="232" Y="249"/><Point X="235.99998474121094" Y="249"/><Point X="240.00001525878906" Y="249"/><Point X="244" Y="249"/><Point X="247" Y="249"/><Point X="248" Y="249"/><Point X="250" Y="249"/><Point X="252" Y="249"/><Point X="253" Y="249"/><Point X="254" Y="249"/><Point X="255" Y="249"/><Point X="256" Y="249"/><Point X="257" Y="249"/><Point X="258" Y="249"/><Point X="259" Y="249"/><Point X="261" Y="243.99998474121094"/><Point X="265" Y="233.99998474121094"/><Point X="268" Y="218"/><Point X="269" Y="208"/><Point X="271" Y="197"/><Point X="271" Y="190"/><Point X="271" Y="179"/><Point X="271" Y="167"/><Point X="271" Y="158"/><Point X="271" Y="150"/><Point X="271" Y="146"/><Point X="271" Y="141"/><Point X="271" Y="139"/><Point X="270" Y="138"/><Point X="270" Y="137"/><Point X="270" Y="135"/><Point X="268" Y="134"/><Point X="268" Y="133"/><Point X="268" Y="132"/><Point X="268" Y="131"/><Point X="268" Y="130"/><Point X="267" Y="130"/><Point X="266" Y="130"/><Point X="266" Y="129"/><Point X="265" Y="129"/><Point X="264" Y="129"/><Point X="263" Y="128"/><Point X="262" Y="128"/><Point X="261" Y="128"/><Point X="260" Y="126.99999237060547"/><Point X="257" Y="126"/><Point X="254" Y="125.00000762939453"/><Point X="249" Y="125.00000762939453"/><Point X="239.00001525878906" Y="124"/><Point X="228" Y="124"/><Point X="219" Y="124"/><Point X="213.00001525878906" Y="124"/><Point X="207" Y="124"/><Point X="202" Y="124"/><Point X="196" Y="124"/><Point X="186.99998474121094" Y="124"/><Point X="178" Y="124"/><Point X="172" Y="124"/><Point X="165.99998474121094" Y="124"/><Point X="158" Y="125.00000762939453"/><Point X="155" Y="125.00000762939453"/><Point X="149" Y="125.00000762939453"/><Point X="146" Y="125.00000762939453"/><Point X="140" Y="126"/><Point X="136" Y="126"/><Point X="133" Y="126"/><Point X="128" Y="128"/><Point X="126" Y="128"/><Point X="119" Y="129"/><Point X="116" Y="130"/><Point X="112" Y="130"/><Point X="109" Y="131"/><Point X="107.00003051757813" Y="131"/><Point X="104" Y="131"/><Point X="101" Y="131"/><Point X="100" Y="131"/><Point X="98" Y="131"/><Point X="96" Y="131"/><Point X="95" Y="131"/><Point X="93" Y="131"/><Point X="92" Y="131"/><Point X="89" Y="131"/><Point X="87" Y="131"/><Point X="86" Y="131"/><Point X="85" Y="131"/><Point X="84" Y="131"/><Point X="83" Y="131"/><Point X="82" Y="131"/><Point X="81" Y="131"/><Point X="80" Y="131"/><Point X="79" Y="131"/><Point X="78" Y="131"/><Point X="77" Y="131"/><Point X="75" Y="131"/></Gesture>