<?xml version="1.0" encoding="utf-8"?>
<Gesture Name="rectangle10"><Point X="64" Y="138"/><Point X="64" Y="138"/><Point X="64" Y="150"/><Point X="64" Y="154"/><Point X="63" Y="162"/><Point X="63" Y="164"/><Point X="63" Y="166"/><Point X="63" Y="170"/><Point X="63" Y="172"/><Point X="63" Y="178"/><Point X="62" Y="181"/><Point X="61" Y="189"/><Point X="61" Y="197"/><Point X="60" Y="204"/><Point X="60" Y="211"/><Point X="59" Y="215"/><Point X="58" Y="222"/><Point X="58" Y="228"/><Point X="57" Y="236.99998474121094"/><Point X="55" Y="246"/><Point X="53" Y="255"/><Point X="53" Y="260"/><Point X="52" Y="263"/><Point X="52" Y="266"/><Point X="52" Y="268"/><Point X="51" Y="271"/><Point X="51" Y="274"/><Point X="51" Y="277"/><Point X="51" Y="279"/><Point X="51" Y="282"/><Point X="51" Y="285"/><Point X="51" Y="287"/><Point X="51" Y="293"/><Point X="51" Y="295"/><Point X="51" Y="299"/><Point X="51" Y="301"/><Point X="51" Y="304"/><Point X="51" Y="306"/><Point X="51" Y="307"/><Point X="51" Y="308"/><Point X="51" Y="309"/><Point X="51" Y="310"/><Point X="51" Y="312"/><Point X="53" Y="312"/><Point X="58" Y="312"/><Point X="62" Y="312"/><Point X="69" Y="311"/><Point X="88" Y="309"/><Point X="103" Y="308"/><Point X="122" Y="305"/><Point X="134" Y="303"/><Point X="150" Y="302"/><Point X="167.99998474121094" Y="298"/><Point X="181" Y="296"/><Point X="192" Y="295"/><Point X="200" Y="294"/><Point X="207" Y="294"/><Point X="218" Y="293"/><Point X="230" Y="293"/><Point X="240.00001525878906" Y="292"/><Point X="249" Y="292"/><Point X="257" Y="291"/><Point X="265" Y="291"/><Point X="275" Y="290"/><Point X="287" Y="290"/><Point X="298" Y="290"/><Point X="305" Y="290"/><Point X="310" Y="290"/><Point X="315" Y="290"/><Point X="317" Y="290"/><Point X="318" Y="290"/><Point X="319" Y="290"/><Point X="320" Y="290"/><Point X="321" Y="290"/><Point X="319" Y="280"/><Point X="317" Y="268"/><Point X="315" Y="260"/><Point X="311" Y="255"/><Point X="309" Y="250.00001525878906"/><Point X="307" Y="245"/><Point X="305" Y="238"/><Point X="303" Y="232"/><Point X="301" Y="226.99998474121094"/><Point X="300" Y="222"/><Point X="300" Y="216"/><Point X="300" Y="212"/><Point X="300" Y="208"/><Point X="300" Y="205"/><Point X="300" Y="202"/><Point X="300" Y="201"/><Point X="300" Y="198"/><Point X="300" Y="196"/><Point X="300" Y="192"/><Point X="300" Y="190"/><Point X="300" Y="187"/><Point X="300" Y="182"/><Point X="300" Y="177"/><Point X="300" Y="173"/><Point X="300" Y="169"/><Point X="300" Y="166"/><Point X="300" Y="165"/><Point X="300" Y="164"/><Point X="300" Y="163"/><Point X="300" Y="162"/><Point X="299" Y="161"/><Point X="298" Y="159"/><Point X="297" Y="157"/><Point X="296" Y="156"/><Point X="296" Y="155"/><Point X="296" Y="154"/><Point X="295" Y="154"/><Point X="294" Y="153"/><Point X="293" Y="152"/><Point X="292" Y="152"/><Point X="291" Y="152"/><Point X="290" Y="151"/><Point X="289" Y="151"/><Point X="284" Y="150"/><Point X="276" Y="149"/><Point X="269" Y="149"/><Point X="261" Y="149"/><Point X="256" Y="149"/><Point X="250" Y="149"/><Point X="247" Y="150"/><Point X="241.00001525878906" Y="150"/><Point X="233.99998474121094" Y="151"/><Point X="228" Y="152"/><Point X="219" Y="152"/><Point X="209.99998474121094" Y="153"/><Point X="201" Y="154"/><Point X="192.99998474121094" Y="154"/><Point X="186.99998474121094" Y="154"/><Point X="178" Y="154"/><Point X="170" Y="157"/><Point X="159.00001525878906" Y="157"/><Point X="150" Y="158"/><Point X="141" Y="158"/><Point X="136" Y="159"/><Point X="123" Y="160"/><Point X="117.99996948242188" Y="160"/><Point X="112" Y="161"/><Point X="105" Y="161"/><Point X="101" Y="161"/><Point X="97" Y="161"/><Point X="95" Y="162"/><Point X="93" Y="162"/><Point X="89" Y="162"/><Point X="88" Y="162"/><Point X="86" Y="162"/><Point X="85" Y="162"/><Point X="84" Y="162"/><Point X="83" Y="162"/><Point X="82" Y="162"/><Point X="81" Y="162"/><Point X="80" Y="162"/><Point X="79" Y="162"/></Gesture>