<?xml version="1.0" encoding="utf-8"?>
<Gesture Name="rectangle09"><Point X="75" Y="101"/><Point X="75" Y="106"/><Point X="75" Y="116.99999237060547"/><Point X="75" Y="126.99999237060547"/><Point X="73" Y="137"/><Point X="73" Y="161"/><Point X="72" Y="173"/><Point X="72" Y="183"/><Point X="72" Y="191"/><Point X="72" Y="197"/><Point X="71" Y="203"/><Point X="71" Y="209"/><Point X="71" Y="215"/><Point X="70" Y="219"/><Point X="70" Y="221"/><Point X="70" Y="225"/><Point X="69" Y="228"/><Point X="69" Y="230.00001525878906"/><Point X="69" Y="233.99998474121094"/><Point X="69" Y="236.99998474121094"/><Point X="69" Y="240.00001525878906"/><Point X="69" Y="243.00001525878906"/><Point X="69" Y="246"/><Point X="69" Y="250.00001525878906"/><Point X="69" Y="252"/><Point X="68" Y="255"/><Point X="68" Y="257"/><Point X="68" Y="258"/><Point X="68" Y="259"/><Point X="68" Y="260"/><Point X="68" Y="261"/><Point X="68" Y="262"/><Point X="71" Y="262"/><Point X="82" Y="261"/><Point X="91" Y="260"/><Point X="102" Y="259"/><Point X="114" Y="259"/><Point X="126" Y="258"/><Point X="136" Y="257"/><Point X="144" Y="257"/><Point X="149" Y="257"/><Point X="153" Y="257"/><Point X="157.00001525878906" Y="257"/><Point X="161.00001525878906" Y="257"/><Point X="165.00001525878906" Y="256"/><Point X="167.99998474121094" Y="256"/><Point X="176" Y="255"/><Point X="184.00001525878906" Y="253.00001525878906"/><Point X="196" Y="251"/><Point X="205" Y="251"/><Point X="210.99998474121094" Y="251"/><Point X="220" Y="250.00001525878906"/><Point X="228" Y="250.00001525878906"/><Point X="233.99998474121094" Y="249"/><Point X="240.00001525878906" Y="249"/><Point X="244" Y="249"/><Point X="248" Y="249"/><Point X="252" Y="249"/><Point X="256" Y="249"/><Point X="259" Y="249"/><Point X="262" Y="249"/><Point X="266" Y="249"/><Point X="273" Y="249"/><Point X="277" Y="249"/><Point X="281" Y="249"/><Point X="286" Y="248"/><Point X="291" Y="248"/><Point X="294" Y="248"/><Point X="297" Y="248"/><Point X="302" Y="248"/><Point X="306" Y="248"/><Point X="311" Y="248"/><Point X="314" Y="248"/><Point X="316" Y="248"/><Point X="319" Y="248"/><Point X="322" Y="248"/><Point X="323" Y="248"/><Point X="326" Y="248"/><Point X="327" Y="248"/><Point X="328" Y="248"/><Point X="329" Y="248"/><Point X="330" Y="248"/><Point X="330" Y="245"/><Point X="330" Y="242"/><Point X="330" Y="241"/><Point X="330" Y="239"/><Point X="330" Y="238"/><Point X="330" Y="236"/><Point X="330" Y="235"/><Point X="329" Y="231"/><Point X="329" Y="222"/><Point X="329" Y="219"/><Point X="329" Y="212"/><Point X="329" Y="203"/><Point X="329" Y="191"/><Point X="329" Y="183"/><Point X="329" Y="176"/><Point X="329" Y="168"/><Point X="330" Y="163"/><Point X="330" Y="158"/><Point X="330" Y="155"/><Point X="330" Y="147"/><Point X="331" Y="141"/><Point X="331" Y="138"/><Point X="331" Y="132"/><Point X="331" Y="129"/><Point X="331" Y="126.99999237060547"/><Point X="331" Y="123"/><Point X="331" Y="121.99999237060547"/><Point X="331" Y="120.00000762939453"/><Point X="331" Y="119"/><Point X="331" Y="116"/><Point X="331" Y="115.00000762939453"/><Point X="331" Y="114"/><Point X="331" Y="109.99999237060547"/><Point X="331" Y="97"/><Point X="331" Y="91"/><Point X="331" Y="88"/><Point X="331" Y="86"/><Point X="331" Y="85.000015258789063"/><Point X="331" Y="84"/><Point X="329" Y="84"/><Point X="325" Y="84"/><Point X="321" Y="84"/><Point X="315" Y="84"/><Point X="306" Y="84"/><Point X="298" Y="84"/><Point X="289" Y="86"/><Point X="281" Y="86"/><Point X="276" Y="87"/><Point X="270" Y="88"/><Point X="265" Y="89"/><Point X="259" Y="91"/><Point X="254" Y="92"/><Point X="245" Y="92.999984741210938"/><Point X="236.99998474121094" Y="94"/><Point X="229" Y="95.000015258789063"/><Point X="225" Y="95.000015258789063"/><Point X="218" Y="96"/><Point X="215.00001525878906" Y="97"/><Point X="209.99998474121094" Y="98.000007629394531"/><Point X="205" Y="99"/><Point X="199" Y="101"/><Point X="194" Y="102.00000762939453"/><Point X="186.99998474121094" Y="102.99999237060547"/><Point X="183" Y="102.99999237060547"/><Point X="176" Y="104"/><Point X="172" Y="104"/><Point X="165.00001525878906" Y="105.00000762939453"/><Point X="161.99998474121094" Y="105.00000762939453"/><Point X="159.00001525878906" Y="106"/><Point X="154" Y="106"/><Point X="149" Y="106"/><Point X="147" Y="106"/><Point X="142" Y="106"/><Point X="140" Y="106"/><Point X="138" Y="106"/><Point X="134" Y="106"/><Point X="130" Y="106"/><Point X="126" Y="106"/><Point X="124" Y="106"/><Point X="121" Y="106"/><Point X="117.99996948242188" Y="106"/><Point X="116" Y="106"/><Point X="113" Y="106"/><Point X="112" Y="106"/><Point X="108" Y="106"/><Point X="107.00003051757813" Y="106"/><Point X="105" Y="106"/><Point X="102" Y="106"/><Point X="101" Y="106"/><Point X="99" Y="106"/><Point X="98" Y="106"/><Point X="96" Y="106"/><Point X="95" Y="106"/><Point X="93" Y="106"/><Point X="92" Y="106"/><Point X="90" Y="106"/><Point X="89" Y="106"/><Point X="88" Y="105.00000762939453"/><Point X="87" Y="105.00000762939453"/><Point X="86" Y="105.00000762939453"/><Point X="85" Y="105.00000762939453"/><Point X="84" Y="104"/><Point X="83" Y="104"/></Gesture>