<?xml version="1.0" encoding="utf-8"?>
<Gesture Name="right_square_bracket04"><Point X="179" Y="106"/><Point X="181" Y="106"/><Point X="188.99998474121094" Y="105.00000762939453"/><Point X="190.99998474121094" Y="105.00000762939453"/><Point X="195" Y="105.00000762939453"/><Point X="197" Y="104"/><Point X="199" Y="104"/><Point X="200" Y="104"/><Point X="202" Y="104"/><Point X="204" Y="104"/><Point X="205" Y="104"/><Point X="206" Y="104"/><Point X="207" Y="104"/><Point X="208" Y="104"/><Point X="208.99998474121094" Y="104"/><Point X="209.99998474121094" Y="104"/><Point X="210.99998474121094" Y="104"/><Point X="215.00001525878906" Y="104"/><Point X="217" Y="104"/><Point X="218" Y="105.00000762939453"/><Point X="221" Y="105.00000762939453"/><Point X="222" Y="105.00000762939453"/><Point X="223" Y="105.00000762939453"/><Point X="224" Y="105.00000762939453"/><Point X="224" Y="112.00000762939453"/><Point X="224" Y="124"/><Point X="224" Y="135"/><Point X="223" Y="145"/><Point X="223" Y="153"/><Point X="223" Y="156"/><Point X="223" Y="161"/><Point X="223" Y="165"/><Point X="223" Y="172"/><Point X="223" Y="179"/><Point X="223" Y="187"/><Point X="223" Y="194"/><Point X="223" Y="200"/><Point X="223" Y="206"/><Point X="223" Y="209"/><Point X="223" Y="215"/><Point X="223" Y="217"/><Point X="223" Y="223"/><Point X="223" Y="226.99998474121094"/><Point X="223" Y="233.00001525878906"/><Point X="223" Y="238"/><Point X="223" Y="243.99998474121094"/><Point X="223" Y="249"/><Point X="223" Y="255"/><Point X="221" Y="257"/><Point X="221" Y="261"/><Point X="221" Y="263"/><Point X="221" Y="265"/><Point X="221" Y="266"/><Point X="221" Y="267"/><Point X="221" Y="268"/><Point X="221" Y="269"/><Point X="221" Y="270"/><Point X="220" Y="270"/><Point X="219" Y="270"/><Point X="218" Y="270"/><Point X="217" Y="270"/><Point X="216.00001525878906" Y="270"/><Point X="215.00001525878906" Y="270"/><Point X="210.99998474121094" Y="270"/><Point X="205" Y="270"/><Point X="198" Y="270"/><Point X="190.00001525878906" Y="270"/><Point X="183" Y="270"/><Point X="179" Y="270"/><Point X="176" Y="270"/><Point X="173" Y="270"/><Point X="172" Y="270"/><Point X="171" Y="270"/><Point X="170" Y="270"/><Point X="169" Y="270"/><Point X="167.99998474121094" Y="270"/><Point X="167" Y="270"/></Gesture>