<?xml version="1.0" encoding="utf-8"?>
<Gesture Name="right_square_bracket10"><Point X="161.99998474121094" Y="126.99999237060547"/><Point X="163.00001525878906" Y="126.99999237060547"/><Point X="163.99998474121094" Y="128"/><Point X="165.00001525878906" Y="128"/><Point X="167" Y="128"/><Point X="167.99998474121094" Y="128"/><Point X="170" Y="128"/><Point X="175" Y="129"/><Point X="177" Y="129"/><Point X="179" Y="129"/><Point X="182.00001525878906" Y="130"/><Point X="183" Y="130"/><Point X="184.00001525878906" Y="130"/><Point X="184.99998474121094" Y="130"/><Point X="186.00001525878906" Y="130"/><Point X="186.99998474121094" Y="130"/><Point X="188.99998474121094" Y="130"/><Point X="190.00001525878906" Y="130"/><Point X="190.99998474121094" Y="130"/><Point X="192" Y="130"/><Point X="194" Y="130"/><Point X="196" Y="130"/><Point X="197" Y="130"/><Point X="198" Y="130"/><Point X="199" Y="130"/><Point X="200" Y="130"/><Point X="201" Y="130"/><Point X="202" Y="130"/><Point X="203" Y="130"/><Point X="203" Y="133"/><Point X="203" Y="139"/><Point X="203" Y="146"/><Point X="203" Y="151"/><Point X="203" Y="157"/><Point X="201" Y="162"/><Point X="201" Y="167"/><Point X="201" Y="170"/><Point X="200" Y="175"/><Point X="200" Y="178"/><Point X="199" Y="186"/><Point X="199" Y="195"/><Point X="199" Y="206"/><Point X="198" Y="219"/><Point X="198" Y="225"/><Point X="198" Y="239"/><Point X="197" Y="243.99998474121094"/><Point X="197" Y="252"/><Point X="196" Y="258"/><Point X="196" Y="265"/><Point X="195" Y="273"/><Point X="195" Y="278"/><Point X="195" Y="282"/><Point X="195" Y="285"/><Point X="195" Y="288"/><Point X="195" Y="292"/><Point X="195" Y="294"/><Point X="195" Y="296"/><Point X="195" Y="299"/><Point X="195" Y="300"/><Point X="195" Y="302"/><Point X="195" Y="303"/><Point X="195" Y="306"/><Point X="195" Y="307"/><Point X="195" Y="309"/><Point X="195" Y="312"/><Point X="195" Y="315"/><Point X="195" Y="318"/><Point X="195" Y="320"/><Point X="195" Y="323"/><Point X="195" Y="325"/><Point X="195" Y="327"/><Point X="195" Y="328"/><Point X="195" Y="329"/><Point X="195" Y="330"/><Point X="195" Y="331"/><Point X="195" Y="332"/><Point X="195" Y="333"/><Point X="194" Y="333"/><Point X="192.99998474121094" Y="333"/><Point X="192" Y="333"/><Point X="190.99998474121094" Y="333"/><Point X="188.99998474121094" Y="333"/><Point X="186.00001525878906" Y="333"/><Point X="183" Y="333"/><Point X="180" Y="333"/><Point X="176" Y="333"/><Point X="173" Y="333"/><Point X="171" Y="333"/><Point X="167.99998474121094" Y="333"/><Point X="165.00001525878906" Y="333"/><Point X="163.99998474121094" Y="333"/><Point X="161.99998474121094" Y="333"/><Point X="159.99998474121094" Y="333"/><Point X="159.00001525878906" Y="333"/><Point X="158" Y="333"/><Point X="157.00001525878906" Y="333"/></Gesture>