<?xml version="1.0" encoding="utf-8"?>
<Gesture Name="right_square_bracket07"><Point X="153" Y="136"/><Point X="161.00001525878906" Y="136"/><Point X="170" Y="136"/><Point X="178" Y="136"/><Point X="182.00001525878906" Y="136"/><Point X="184.99998474121094" Y="136"/><Point X="188.00001525878906" Y="136"/><Point X="190.00001525878906" Y="136"/><Point X="192" Y="137"/><Point X="192.99998474121094" Y="137"/><Point X="194" Y="137"/><Point X="195" Y="137"/><Point X="196" Y="137"/><Point X="196" Y="138"/><Point X="197" Y="138"/><Point X="197" Y="139"/><Point X="198" Y="140"/><Point X="198" Y="141"/><Point X="198" Y="142"/><Point X="198" Y="143"/><Point X="198" Y="144"/><Point X="198" Y="146"/><Point X="198" Y="149"/><Point X="199" Y="152"/><Point X="199" Y="155"/><Point X="199" Y="160"/><Point X="199" Y="164"/><Point X="199" Y="171"/><Point X="199" Y="180"/><Point X="199" Y="192"/><Point X="199" Y="205"/><Point X="199" Y="214"/><Point X="199" Y="222"/><Point X="199" Y="231"/><Point X="199" Y="240.00001525878906"/><Point X="199" Y="243.99998474121094"/><Point X="199" Y="249"/><Point X="199" Y="251"/><Point X="199" Y="253.99998474121094"/><Point X="199" Y="257"/><Point X="199" Y="259"/><Point X="199" Y="261"/><Point X="199" Y="263"/><Point X="199" Y="265"/><Point X="199" Y="266"/><Point X="199" Y="268"/><Point X="199" Y="269"/><Point X="199" Y="272"/><Point X="199" Y="273"/><Point X="199" Y="274"/><Point X="199" Y="275"/><Point X="199" Y="276"/><Point X="199" Y="278"/><Point X="199" Y="279"/><Point X="199" Y="280"/><Point X="198" Y="280"/><Point X="196" Y="280"/><Point X="192.99998474121094" Y="280"/><Point X="186.99998474121094" Y="280"/><Point X="178" Y="280"/><Point X="170" Y="280"/><Point X="165.00001525878906" Y="280"/><Point X="159.00001525878906" Y="280"/><Point X="156" Y="280"/><Point X="153" Y="280"/><Point X="150" Y="280"/><Point X="148" Y="280"/><Point X="146" Y="280"/><Point X="144" Y="280"/><Point X="142.99996948242188" Y="280"/><Point X="142" Y="280"/><Point X="141" Y="280"/><Point X="140" Y="280"/><Point X="139" Y="280"/></Gesture>