<?xml version="1.0" encoding="utf-8"?>
<Gesture Name="right_square_bracket05"><Point X="126" Y="124"/><Point X="131" Y="124"/><Point X="139" Y="123"/><Point X="142" Y="123"/><Point X="147" Y="123"/><Point X="150" Y="123"/><Point X="153" Y="123"/><Point X="155" Y="123"/><Point X="156" Y="123"/><Point X="157.00001525878906" Y="123"/><Point X="158" Y="123"/><Point X="159.00001525878906" Y="123"/><Point X="159.99998474121094" Y="123"/><Point X="161.00001525878906" Y="123"/><Point X="161.99998474121094" Y="123"/><Point X="161.99998474121094" Y="125.00000762939453"/><Point X="161.99998474121094" Y="134"/><Point X="161.99998474121094" Y="147"/><Point X="159.00001525878906" Y="159"/><Point X="156" Y="167"/><Point X="153" Y="182"/><Point X="151" Y="195"/><Point X="149" Y="207"/><Point X="145" Y="216"/><Point X="144" Y="224"/><Point X="142.99996948242188" Y="230.00001525878906"/><Point X="142" Y="235"/><Point X="141" Y="243.99998474121094"/><Point X="140" Y="253.99998474121094"/><Point X="139" Y="260"/><Point X="137" Y="270"/><Point X="137" Y="283"/><Point X="137" Y="286"/><Point X="137" Y="288"/><Point X="137" Y="291"/><Point X="137" Y="294"/><Point X="137" Y="297"/><Point X="137" Y="300"/><Point X="137" Y="304"/><Point X="137" Y="308"/><Point X="137" Y="314"/><Point X="137" Y="316"/><Point X="137" Y="319"/><Point X="137" Y="322"/><Point X="137" Y="323"/><Point X="137" Y="325"/><Point X="137" Y="326"/><Point X="137" Y="327"/><Point X="137" Y="328"/><Point X="137" Y="329"/><Point X="135" Y="329"/><Point X="133" Y="329"/><Point X="132.00003051757813" Y="329"/><Point X="131" Y="329"/><Point X="129" Y="329"/><Point X="126" Y="329"/><Point X="124" Y="329"/><Point X="119" Y="328"/><Point X="116" Y="326"/><Point X="114" Y="326"/><Point X="111" Y="326"/><Point X="108" Y="326"/><Point X="107.00003051757813" Y="326"/><Point X="106" Y="326"/><Point X="104" Y="326"/><Point X="103" Y="326"/><Point X="102" Y="326"/></Gesture>