<?xml version="1.0" encoding="utf-8"?>
<Gesture Name="star05"><Point X="127" Y="341"/><Point X="140" Y="317"/><Point X="150" Y="291"/><Point X="155" Y="280"/><Point X="161.00001525878906" Y="272"/><Point X="167" Y="259"/><Point X="175" Y="241"/><Point X="181" Y="231"/><Point X="186.99998474121094" Y="220"/><Point X="190.99998474121094" Y="214"/><Point X="192.99998474121094" Y="210"/><Point X="196" Y="205"/><Point X="199" Y="201"/><Point X="202" Y="194"/><Point X="206" Y="189"/><Point X="209.99998474121094" Y="181"/><Point X="211.99998474121094" Y="176"/><Point X="216.00001525878906" Y="168"/><Point X="217" Y="166"/><Point X="218" Y="162"/><Point X="219" Y="161"/><Point X="220" Y="159"/><Point X="220" Y="158"/><Point X="221" Y="158"/><Point X="222" Y="158"/><Point X="223" Y="158"/><Point X="224" Y="158"/><Point X="224" Y="160"/><Point X="227" Y="167"/><Point X="231" Y="177"/><Point X="233.99998474121094" Y="184"/><Point X="238.00001525878906" Y="197"/><Point X="242" Y="215"/><Point X="246" Y="228"/><Point X="247" Y="236"/><Point X="249" Y="249"/><Point X="250" Y="253.99998474121094"/><Point X="251" Y="257"/><Point X="252" Y="262"/><Point X="253" Y="264"/><Point X="253" Y="267"/><Point X="255" Y="272"/><Point X="256" Y="274"/><Point X="258" Y="278"/><Point X="259" Y="280"/><Point X="260" Y="283"/><Point X="260" Y="286"/><Point X="260" Y="288"/><Point X="260" Y="289"/><Point X="260" Y="290"/><Point X="260" Y="291"/><Point X="260" Y="292"/><Point X="260" Y="293"/><Point X="260" Y="294"/><Point X="260" Y="295"/><Point X="254" Y="296"/><Point X="250" Y="296"/><Point X="242" Y="296"/><Point X="233" Y="296"/><Point X="224" Y="295"/><Point X="195" Y="287"/><Point X="186.99998474121094" Y="285"/><Point X="180" Y="283"/><Point X="174" Y="278"/><Point X="167" Y="274"/><Point X="159.99998474121094" Y="270"/><Point X="155" Y="266"/><Point X="151" Y="264"/><Point X="147" Y="262"/><Point X="145" Y="260"/><Point X="141" Y="258"/><Point X="140" Y="256"/><Point X="138" Y="255"/><Point X="136" Y="255"/><Point X="134" Y="253.00001525878906"/><Point X="133" Y="253.00001525878906"/><Point X="132.00003051757813" Y="253.00001525878906"/><Point X="132.00003051757813" Y="252"/><Point X="132.00003051757813" Y="251"/><Point X="132.00003051757813" Y="249"/><Point X="134" Y="246"/><Point X="140" Y="240.00001525878906"/><Point X="151" Y="232"/><Point X="169" Y="219"/><Point X="192" Y="205"/><Point X="234.99998474121094" Y="186"/><Point X="252" Y="179"/><Point X="270" Y="173"/><Point X="283" Y="169"/><Point X="291" Y="166"/><Point X="299" Y="164"/><Point X="301" Y="163"/><Point X="305" Y="162"/><Point X="307" Y="161"/><Point X="309" Y="161"/><Point X="310" Y="161"/><Point X="311" Y="161"/><Point X="311" Y="162"/><Point X="308" Y="164"/><Point X="302" Y="171"/><Point X="291" Y="180"/><Point X="280" Y="187"/><Point X="270" Y="195"/><Point X="262" Y="202"/><Point X="251" Y="212"/><Point X="242" Y="220"/><Point X="232" Y="226.00001525878906"/><Point X="223" Y="233.99998474121094"/><Point X="217" Y="238"/><Point X="208.99998474121094" Y="245"/><Point X="199" Y="253.99998474121094"/><Point X="190.99998474121094" Y="261"/><Point X="184.00001525878906" Y="269"/><Point X="175" Y="278"/><Point X="170" Y="283"/><Point X="163.00001525878906" Y="287"/><Point X="159.99998474121094" Y="289"/><Point X="157.00001525878906" Y="291"/><Point X="154" Y="293"/><Point X="153" Y="293"/><Point X="152" Y="294"/><Point X="151" Y="295"/><Point X="150" Y="295"/><Point X="149" Y="297"/></Gesture>