<?xml version="1.0" encoding="utf-8"?>
<Gesture Name="star02"><Point X="125" Y="392"/><Point X="130" Y="372"/><Point X="138" Y="353"/><Point X="146" Y="325"/><Point X="156" Y="292"/><Point X="159.00001525878906" Y="278"/><Point X="163.99998474121094" Y="266"/><Point X="170" Y="246"/><Point X="174" Y="225"/><Point X="178" Y="214"/><Point X="180" Y="207"/><Point X="181" Y="203"/><Point X="182.00001525878906" Y="200"/><Point X="183" Y="198"/><Point X="183" Y="197"/><Point X="183" Y="196"/><Point X="183" Y="195"/><Point X="184.00001525878906" Y="195"/><Point X="184.99998474121094" Y="195"/><Point X="186.99998474121094" Y="195"/><Point X="188.00001525878906" Y="195"/><Point X="190.99998474121094" Y="195"/><Point X="196" Y="198"/><Point X="203" Y="203"/><Point X="210.99998474121094" Y="213"/><Point X="220" Y="225"/><Point X="225" Y="233.99998474121094"/><Point X="233.99998474121094" Y="249"/><Point X="243" Y="269"/><Point X="250" Y="283"/><Point X="253" Y="292"/><Point X="255" Y="299"/><Point X="256" Y="302"/><Point X="258" Y="305"/><Point X="259" Y="310"/><Point X="259" Y="311"/><Point X="259" Y="312"/><Point X="259" Y="313"/><Point X="259" Y="314"/><Point X="259" Y="316"/><Point X="259" Y="317"/><Point X="259" Y="318"/><Point X="257" Y="318"/><Point X="249" Y="317"/><Point X="240.00001525878906" Y="313"/><Point X="226" Y="309"/><Point X="201" Y="302"/><Point X="181" Y="291"/><Point X="170" Y="283"/><Point X="159.99998474121094" Y="279"/><Point X="150" Y="271"/><Point X="136" Y="263"/><Point X="132.00003051757813" Y="261"/><Point X="128" Y="260"/><Point X="126" Y="259"/><Point X="124" Y="258"/><Point X="123" Y="258"/><Point X="121" Y="258"/><Point X="120" Y="258"/><Point X="119" Y="258"/><Point X="119" Y="257"/><Point X="122" Y="255"/><Point X="129" Y="250.00001525878906"/><Point X="139" Y="248"/><Point X="151" Y="243.99998474121094"/><Point X="163.00001525878906" Y="241"/><Point X="176" Y="236"/><Point X="188.00001525878906" Y="231"/><Point X="196" Y="226.00001525878906"/><Point X="203" Y="223"/><Point X="211.99998474121094" Y="218"/><Point X="221" Y="212"/><Point X="230" Y="207"/><Point X="246" Y="199"/><Point X="251" Y="197"/><Point X="256" Y="196"/><Point X="260" Y="195"/><Point X="265" Y="194"/><Point X="267" Y="193"/><Point X="270" Y="192"/><Point X="271" Y="192"/><Point X="272" Y="192"/><Point X="273" Y="192"/><Point X="273" Y="193"/><Point X="269" Y="195"/><Point X="264" Y="199"/><Point X="255" Y="206"/><Point X="236.99998474121094" Y="223"/><Point X="227" Y="232"/><Point X="216.00001525878906" Y="243.00001525878906"/><Point X="204" Y="257"/><Point X="188.00001525878906" Y="274"/><Point X="176" Y="288"/><Point X="169" Y="296"/><Point X="161.99998474121094" Y="303"/><Point X="153" Y="313"/><Point X="144" Y="324"/><Point X="136" Y="335"/><Point X="127" Y="344"/><Point X="124" Y="350"/><Point X="122" Y="353"/><Point X="120" Y="355"/><Point X="119" Y="357"/><Point X="117.99996948242188" Y="358"/><Point X="117" Y="359"/><Point X="116" Y="360"/></Gesture>