<?xml version="1.0" encoding="utf-8"?>
<Gesture Name="star03"><Point X="89" Y="320"/><Point X="93" Y="311"/><Point X="102" Y="301"/><Point X="116" Y="280"/><Point X="128" Y="261"/><Point X="134" Y="246.99998474121094"/><Point X="139" Y="239"/><Point X="153" Y="216"/><Point X="159.00001525878906" Y="205"/><Point X="165.00001525878906" Y="197"/><Point X="170" Y="189"/><Point X="173" Y="181"/><Point X="177" Y="177"/><Point X="180" Y="173"/><Point X="183" Y="166"/><Point X="188.99998474121094" Y="158"/><Point X="194" Y="150"/><Point X="199" Y="141"/><Point X="202" Y="133"/><Point X="205" Y="128"/><Point X="207" Y="123"/><Point X="208.99998474121094" Y="121"/><Point X="209.99998474121094" Y="119"/><Point X="209.99998474121094" Y="118"/><Point X="210.99998474121094" Y="118"/><Point X="211.99998474121094" Y="120.00000762939453"/><Point X="213.00001525878906" Y="126"/><Point X="215.00001525878906" Y="134"/><Point X="218" Y="142"/><Point X="219" Y="153"/><Point X="222" Y="165"/><Point X="224" Y="176"/><Point X="228" Y="189"/><Point X="232" Y="199"/><Point X="233" Y="205"/><Point X="234.99998474121094" Y="216"/><Point X="236.99998474121094" Y="228"/><Point X="239.00001525878906" Y="239"/><Point X="242" Y="252"/><Point X="244" Y="260"/><Point X="245" Y="265"/><Point X="246" Y="271"/><Point X="248" Y="281"/><Point X="250" Y="287"/><Point X="251" Y="293"/><Point X="252" Y="298"/><Point X="254" Y="305"/><Point X="255" Y="308"/><Point X="256" Y="313"/><Point X="256" Y="316"/><Point X="256" Y="317"/><Point X="256" Y="318"/><Point X="256" Y="319"/><Point X="256" Y="320"/><Point X="256" Y="321"/><Point X="256" Y="322"/><Point X="254" Y="322"/><Point X="253" Y="322"/><Point X="251" Y="322"/><Point X="249" Y="321"/><Point X="244" Y="319"/><Point X="239.00001525878906" Y="315"/><Point X="229" Y="312"/><Point X="220" Y="308"/><Point X="209.99998474121094" Y="304"/><Point X="203" Y="300"/><Point X="197" Y="297"/><Point X="190.99998474121094" Y="293"/><Point X="180" Y="286"/><Point X="170" Y="280"/><Point X="161.99998474121094" Y="277"/><Point X="157.00001525878906" Y="273"/><Point X="150" Y="269"/><Point X="142.99996948242188" Y="266"/><Point X="139" Y="263"/><Point X="135" Y="259"/><Point X="130" Y="253.99998474121094"/><Point X="127" Y="250.00001525878906"/><Point X="121" Y="246"/><Point X="119" Y="243.00001525878906"/><Point X="116" Y="241"/><Point X="114" Y="239"/><Point X="112" Y="238"/><Point X="111" Y="236.99998474121094"/><Point X="108" Y="235"/><Point X="106" Y="235"/><Point X="105" Y="235"/><Point X="104" Y="235"/><Point X="114" Y="231"/><Point X="126" Y="226.99998474121094"/><Point X="139" Y="222"/><Point X="151" Y="219"/><Point X="159.99998474121094" Y="217"/><Point X="167" Y="215"/><Point X="177" Y="213"/><Point X="184.99998474121094" Y="211"/><Point X="190.99998474121094" Y="211"/><Point X="195" Y="211"/><Point X="200" Y="211"/><Point X="204" Y="211"/><Point X="209.99998474121094" Y="210"/><Point X="213.00001525878906" Y="210"/><Point X="217" Y="210"/><Point X="222" Y="210"/><Point X="225" Y="210"/><Point X="229" Y="209"/><Point X="231" Y="209"/><Point X="233.99998474121094" Y="208"/><Point X="236.99998474121094" Y="207"/><Point X="239.00001525878906" Y="207"/><Point X="240.00001525878906" Y="206"/><Point X="242" Y="206"/><Point X="244" Y="206"/><Point X="245" Y="206"/><Point X="246" Y="206"/><Point X="247" Y="206"/><Point X="248" Y="206"/><Point X="252" Y="206"/><Point X="254" Y="206"/><Point X="256" Y="206"/><Point X="260" Y="206"/><Point X="262" Y="206"/><Point X="265" Y="206"/><Point X="267" Y="206"/><Point X="268" Y="206"/><Point X="269" Y="206"/><Point X="269" Y="207"/><Point X="269" Y="208"/><Point X="265" Y="212"/><Point X="251" Y="223"/><Point X="242" Y="229"/><Point X="233" Y="236"/><Point X="222" Y="243.99998474121094"/><Point X="210.99998474121094" Y="253.00001525878906"/><Point X="201" Y="261"/><Point X="190.99998474121094" Y="267"/><Point X="186.00001525878906" Y="273"/><Point X="176" Y="279"/><Point X="171" Y="284"/><Point X="163.99998474121094" Y="289"/><Point X="159.99998474121094" Y="292"/><Point X="155" Y="296"/><Point X="151" Y="298"/><Point X="146" Y="300"/><Point X="142" Y="302"/><Point X="138" Y="305"/><Point X="136" Y="306"/><Point X="133" Y="307"/><Point X="128" Y="309"/><Point X="125" Y="311"/><Point X="121" Y="314"/><Point X="116" Y="316"/><Point X="112" Y="318"/><Point X="107.00003051757813" Y="320"/><Point X="104" Y="322"/><Point X="102" Y="322"/><Point X="98" Y="324"/><Point X="95" Y="326"/><Point X="94" Y="327"/><Point X="92" Y="328"/><Point X="91" Y="328"/><Point X="90" Y="328"/></Gesture>