<?xml version="1.0" encoding="utf-8"?>
<Gesture Name="star01"><Point X="116" Y="341"/><Point X="119" Y="332"/><Point X="123" Y="324"/><Point X="127" Y="316"/><Point X="140" Y="289"/><Point X="145" Y="275"/><Point X="150" Y="263"/><Point X="156" Y="253.99998474121094"/><Point X="163.00001525878906" Y="242"/><Point X="170" Y="228"/><Point X="175" Y="214"/><Point X="180" Y="206"/><Point X="183" Y="198"/><Point X="186.00001525878906" Y="191"/><Point X="188.99998474121094" Y="187"/><Point X="192" Y="183"/><Point X="195" Y="177"/><Point X="197" Y="173"/><Point X="201" Y="166"/><Point X="203" Y="163"/><Point X="205" Y="157"/><Point X="207" Y="154"/><Point X="208" Y="150"/><Point X="208.99998474121094" Y="148"/><Point X="209.99998474121094" Y="146"/><Point X="211.99998474121094" Y="144"/><Point X="213.00001525878906" Y="141"/><Point X="214.00001525878906" Y="140"/><Point X="214.00001525878906" Y="139"/><Point X="215.00001525878906" Y="138"/><Point X="217" Y="137"/><Point X="217" Y="136"/><Point X="218" Y="136"/><Point X="219" Y="136"/><Point X="219" Y="137"/><Point X="220" Y="140"/><Point X="223" Y="147"/><Point X="228" Y="157"/><Point X="232" Y="166"/><Point X="234.99998474121094" Y="178"/><Point X="241.00001525878906" Y="194"/><Point X="244" Y="208"/><Point X="247" Y="220"/><Point X="250" Y="228"/><Point X="253" Y="236.99998474121094"/><Point X="256" Y="246.99998474121094"/><Point X="258" Y="256"/><Point X="262" Y="264"/><Point X="264" Y="273"/><Point X="265" Y="280"/><Point X="266" Y="285"/><Point X="267" Y="288"/><Point X="268" Y="293"/><Point X="269" Y="295"/><Point X="270" Y="300"/><Point X="272" Y="305"/><Point X="273" Y="310"/><Point X="274" Y="313"/><Point X="275" Y="318"/><Point X="275" Y="321"/><Point X="276" Y="323"/><Point X="276" Y="327"/><Point X="276" Y="329"/><Point X="276" Y="330"/><Point X="276" Y="331"/><Point X="276" Y="332"/><Point X="276" Y="333"/><Point X="274" Y="333"/><Point X="263" Y="329"/><Point X="243" Y="322"/><Point X="228" Y="314"/><Point X="217" Y="308"/><Point X="208" Y="302"/><Point X="199" Y="297"/><Point X="190.99998474121094" Y="292"/><Point X="186.99998474121094" Y="291"/><Point X="183" Y="290"/><Point X="180" Y="288"/><Point X="178" Y="286"/><Point X="173" Y="283"/><Point X="169" Y="282"/><Point X="165.00001525878906" Y="280"/><Point X="163.00001525878906" Y="278"/><Point X="159.00001525878906" Y="274"/><Point X="154" Y="270"/><Point X="151" Y="267"/><Point X="147" Y="263"/><Point X="144" Y="261"/><Point X="142" Y="259"/><Point X="140" Y="257"/><Point X="138" Y="255"/><Point X="136" Y="252"/><Point X="134" Y="251"/><Point X="133" Y="249"/><Point X="132.00003051757813" Y="246.99998474121094"/><Point X="131" Y="246.99998474121094"/><Point X="130" Y="246"/><Point X="129" Y="246"/><Point X="129" Y="245"/><Point X="129" Y="243.99998474121094"/><Point X="129" Y="243.00001525878906"/><Point X="129" Y="242"/><Point X="129" Y="240.00001525878906"/><Point X="134" Y="236.99998474121094"/><Point X="141" Y="233.00001525878906"/><Point X="159.00001525878906" Y="223"/><Point X="170" Y="218"/><Point X="188.99998474121094" Y="209"/><Point X="208" Y="203"/><Point X="235.99998474121094" Y="196"/><Point X="246" Y="195"/><Point X="255" Y="194"/><Point X="263" Y="192"/><Point X="266" Y="192"/><Point X="268" Y="192"/><Point X="272" Y="192"/><Point X="274" Y="192"/><Point X="276" Y="192"/><Point X="280" Y="192"/><Point X="282" Y="192"/><Point X="285" Y="192"/><Point X="289" Y="192"/><Point X="296" Y="192"/><Point X="297" Y="192"/><Point X="299" Y="192"/><Point X="300" Y="192"/><Point X="301" Y="192"/><Point X="301" Y="193"/><Point X="300" Y="194"/><Point X="297" Y="198"/><Point X="291" Y="203"/><Point X="286" Y="210"/><Point X="276" Y="219"/><Point X="266" Y="228"/><Point X="256" Y="236.99998474121094"/><Point X="243" Y="249"/><Point X="233.99998474121094" Y="258"/><Point X="222" Y="271"/><Point X="214.00001525878906" Y="280"/><Point X="204" Y="288"/><Point X="197" Y="294"/><Point X="190.00001525878906" Y="300"/><Point X="183" Y="305"/><Point X="176" Y="311"/><Point X="170" Y="315"/><Point X="165.99998474121094" Y="317"/><Point X="161.99998474121094" Y="319"/><Point X="158" Y="322"/><Point X="156" Y="324"/><Point X="153" Y="326"/><Point X="150" Y="326"/><Point X="147" Y="327"/><Point X="146" Y="328"/><Point X="142" Y="331"/><Point X="140" Y="331"/><Point X="139" Y="332"/><Point X="137" Y="333"/><Point X="136" Y="333"/><Point X="134" Y="334"/><Point X="133" Y="335"/><Point X="131" Y="336"/><Point X="130" Y="336"/><Point X="129" Y="336"/><Point X="128" Y="336"/><Point X="127" Y="336"/><Point X="126" Y="336"/><Point X="125" Y="336"/><Point X="125" Y="337"/><Point X="124" Y="337"/></Gesture>