<?xml version="1.0" encoding="utf-8"?>
<Gesture Name="triangle01"><Point X="210.99998474121094" Y="111"/><Point X="203" Y="121.99999237060547"/><Point X="196" Y="133"/><Point X="188.99998474121094" Y="143"/><Point X="180" Y="152"/><Point X="172" Y="165"/><Point X="163.00001525878906" Y="180"/><Point X="158" Y="191"/><Point X="152" Y="200"/><Point X="148" Y="207"/><Point X="142" Y="217"/><Point X="135" Y="229"/><Point X="131" Y="239"/><Point X="127" Y="246.99998474121094"/><Point X="125" Y="253.00001525878906"/><Point X="123" Y="256"/><Point X="122" Y="259"/><Point X="121" Y="261"/><Point X="120" Y="263"/><Point X="119" Y="263"/><Point X="119" Y="264"/><Point X="119" Y="266"/><Point X="119" Y="267"/><Point X="119" Y="268"/><Point X="123" Y="269"/><Point X="129" Y="270"/><Point X="141" Y="271"/><Point X="153" Y="271"/><Point X="167" Y="271"/><Point X="183" Y="271"/><Point X="197" Y="271"/><Point X="208.99998474121094" Y="271"/><Point X="223" Y="271"/><Point X="236.99998474121094" Y="271"/><Point X="252" Y="269"/><Point X="261" Y="268"/><Point X="279" Y="266"/><Point X="286" Y="265"/><Point X="294" Y="263"/><Point X="301" Y="263"/><Point X="305" Y="263"/><Point X="308" Y="263"/><Point X="310" Y="263"/><Point X="312" Y="263"/><Point X="313" Y="263"/><Point X="314" Y="263"/><Point X="315" Y="263"/><Point X="316" Y="263"/><Point X="317" Y="263"/><Point X="317" Y="262"/><Point X="317" Y="261"/><Point X="317" Y="260"/><Point X="317" Y="257"/><Point X="316" Y="253.99998474121094"/><Point X="312" Y="249"/><Point X="307" Y="239"/><Point X="302" Y="232"/><Point X="296" Y="225"/><Point X="287" Y="214"/><Point X="281" Y="203"/><Point X="275" Y="193"/><Point X="272" Y="187"/><Point X="268" Y="180"/><Point X="263" Y="174"/><Point X="260" Y="169"/><Point X="253" Y="162"/><Point X="245" Y="150"/><Point X="238.00001525878906" Y="137"/><Point X="230" Y="126"/><Point X="225" Y="118"/><Point X="220" Y="112.00000762939453"/><Point X="217" Y="107"/><Point X="215.00001525878906" Y="104"/><Point X="213.00001525878906" Y="102.99999237060547"/><Point X="210.99998474121094" Y="99.999992370605469"/><Point X="209.99998474121094" Y="99.999992370605469"/><Point X="209.99998474121094" Y="99"/><Point X="208.99998474121094" Y="99"/></Gesture>