<?xml version="1.0" encoding="utf-8"?>
<Gesture Name="triangle09"><Point X="148" Y="129"/><Point X="142.99996948242188" Y="135"/><Point X="139" Y="145"/><Point X="133" Y="153"/><Point X="128" Y="161"/><Point X="122" Y="171"/><Point X="117" Y="179"/><Point X="114" Y="184"/><Point X="110" Y="191"/><Point X="106" Y="196"/><Point X="103" Y="203"/><Point X="100" Y="208"/><Point X="98" Y="215"/><Point X="96" Y="219"/><Point X="95" Y="222"/><Point X="93" Y="226.99998474121094"/><Point X="92" Y="230.00001525878906"/><Point X="91" Y="233.00001525878906"/><Point X="90" Y="236"/><Point X="89" Y="238"/><Point X="88" Y="243.00001525878906"/><Point X="87" Y="248"/><Point X="87" Y="252"/><Point X="86" Y="256"/><Point X="86" Y="259"/><Point X="86" Y="261"/><Point X="85" Y="263"/><Point X="85" Y="264"/><Point X="85" Y="265"/><Point X="85" Y="266"/><Point X="85" Y="267"/><Point X="85" Y="268"/><Point X="99" Y="269"/><Point X="120" Y="269"/><Point X="135" Y="269"/><Point X="145" Y="269"/><Point X="156" Y="269"/><Point X="163.99998474121094" Y="269"/><Point X="167.99998474121094" Y="269"/><Point X="173" Y="269"/><Point X="175" Y="269"/><Point X="178" Y="269"/><Point X="179" Y="269"/><Point X="181" Y="269"/><Point X="183" Y="269"/><Point X="184.00001525878906" Y="269"/><Point X="184.99998474121094" Y="269"/><Point X="186.00001525878906" Y="269"/><Point X="186.99998474121094" Y="269"/><Point X="188.00001525878906" Y="269"/><Point X="188.99998474121094" Y="269"/><Point X="190.00001525878906" Y="269"/><Point X="190.99998474121094" Y="269"/><Point X="192" Y="269"/><Point X="192.99998474121094" Y="269"/><Point X="194" Y="269"/><Point X="195" Y="269"/><Point X="196" Y="269"/><Point X="197" Y="269"/><Point X="200" Y="269"/><Point X="202" Y="269"/><Point X="204" Y="269"/><Point X="205" Y="269"/><Point X="206" Y="269"/><Point X="207" Y="269"/><Point X="208" Y="269"/><Point X="208.99998474121094" Y="269"/><Point X="209.99998474121094" Y="269"/><Point X="210.99998474121094" Y="269"/><Point X="209.99998474121094" Y="268"/><Point X="208.99998474121094" Y="265"/><Point X="206" Y="262"/><Point X="204" Y="260"/><Point X="203" Y="257"/><Point X="201" Y="255"/><Point X="199" Y="253.00001525878906"/><Point X="198" Y="251"/><Point X="196" Y="249"/><Point X="195" Y="246"/><Point X="194" Y="243.00001525878906"/><Point X="192" Y="240.00001525878906"/><Point X="186.99998474121094" Y="233.00001525878906"/><Point X="184.00001525878906" Y="225"/><Point X="178" Y="215"/><Point X="174" Y="208"/><Point X="173" Y="205"/><Point X="171" Y="201"/><Point X="170" Y="199"/><Point X="167.99998474121094" Y="197"/><Point X="167.99998474121094" Y="195"/><Point X="167" Y="193"/><Point X="165.99998474121094" Y="191"/><Point X="165.00001525878906" Y="190"/><Point X="161.99998474121094" Y="181"/><Point X="159.00001525878906" Y="177"/><Point X="157.00001525878906" Y="171"/><Point X="155" Y="166"/><Point X="154" Y="164"/><Point X="153" Y="162"/><Point X="151" Y="161"/><Point X="151" Y="160"/><Point X="151" Y="159"/><Point X="151" Y="158"/><Point X="150" Y="156"/><Point X="149" Y="155"/><Point X="148" Y="153"/><Point X="147" Y="151"/><Point X="146" Y="151"/><Point X="146" Y="150"/><Point X="146" Y="149"/><Point X="144" Y="149"/><Point X="144" Y="148"/><Point X="142.99996948242188" Y="147"/><Point X="142" Y="147"/><Point X="142" Y="146"/><Point X="141" Y="145"/><Point X="140" Y="144"/></Gesture>