<?xml version="1.0" encoding="utf-8"?>
<Gesture Name="triangle05"><Point X="203" Y="157"/><Point X="196" Y="164"/><Point X="186.00001525878906" Y="177"/><Point X="171" Y="198"/><Point X="163.00001525878906" Y="207"/><Point X="157.00001525878906" Y="216"/><Point X="139" Y="239"/><Point X="131" Y="250.00001525878906"/><Point X="124" Y="258"/><Point X="119" Y="268"/><Point X="113" Y="275"/><Point X="109" Y="280"/><Point X="102" Y="290"/><Point X="97" Y="298"/><Point X="91" Y="305"/><Point X="89" Y="310"/><Point X="87" Y="314"/><Point X="86" Y="316"/><Point X="85" Y="319"/><Point X="84" Y="320"/><Point X="82" Y="322"/><Point X="82" Y="323"/><Point X="82" Y="324"/><Point X="82" Y="325"/><Point X="85" Y="326"/><Point X="88" Y="327"/><Point X="97" Y="328"/><Point X="109" Y="329"/><Point X="123" Y="330"/><Point X="138" Y="332"/><Point X="150" Y="333"/><Point X="165.00001525878906" Y="334"/><Point X="175" Y="334"/><Point X="195" Y="334"/><Point X="201" Y="334"/><Point X="206" Y="334"/><Point X="213.00001525878906" Y="334"/><Point X="220" Y="334"/><Point X="226" Y="334"/><Point X="232" Y="333"/><Point X="236.99998474121094" Y="332"/><Point X="245" Y="331"/><Point X="251" Y="331"/><Point X="254" Y="331"/><Point X="257" Y="331"/><Point X="260" Y="331"/><Point X="261" Y="331"/><Point X="263" Y="331"/><Point X="265" Y="331"/><Point X="266" Y="331"/><Point X="267" Y="331"/><Point X="267" Y="330"/><Point X="268" Y="328"/><Point X="268" Y="326"/><Point X="268" Y="324"/><Point X="268" Y="322"/><Point X="267" Y="316"/><Point X="266" Y="312"/><Point X="262" Y="306"/><Point X="259" Y="299"/><Point X="251" Y="286"/><Point X="243" Y="270"/><Point X="236.99998474121094" Y="258"/><Point X="232" Y="246.99998474121094"/><Point X="227" Y="239"/><Point X="223" Y="228"/><Point X="220" Y="215"/><Point X="217" Y="205"/><Point X="214.00001525878906" Y="198"/><Point X="213.00001525878906" Y="192"/><Point X="211.99998474121094" Y="188"/><Point X="210.99998474121094" Y="185"/><Point X="209.99998474121094" Y="182"/><Point X="209.99998474121094" Y="181"/><Point X="209.99998474121094" Y="180"/></Gesture>