<?xml version="1.0" encoding="utf-8"?>
<Gesture Name="triangle08"><Point X="230" Y="165"/><Point X="226" Y="173"/><Point X="219" Y="183"/><Point X="214.00001525878906" Y="189"/><Point X="208.99998474121094" Y="196"/><Point X="203" Y="206"/><Point X="195" Y="217"/><Point X="188.99998474121094" Y="226.99998474121094"/><Point X="183" Y="238"/><Point X="178" Y="245"/><Point X="175" Y="251"/><Point X="172" Y="256"/><Point X="170" Y="260"/><Point X="167.99998474121094" Y="263"/><Point X="167" Y="265"/><Point X="163.99998474121094" Y="269"/><Point X="163.00001525878906" Y="270"/><Point X="161.99998474121094" Y="272"/><Point X="161.99998474121094" Y="274"/><Point X="161.00001525878906" Y="275"/><Point X="159.99998474121094" Y="278"/><Point X="159.00001525878906" Y="279"/><Point X="159.00001525878906" Y="281"/><Point X="158" Y="282"/><Point X="156" Y="284"/><Point X="155" Y="286"/><Point X="155" Y="287"/><Point X="155" Y="288"/><Point X="155" Y="289"/><Point X="155" Y="290"/><Point X="155" Y="291"/><Point X="161.00001525878906" Y="291"/><Point X="173" Y="291"/><Point X="188.00001525878906" Y="291"/><Point X="204" Y="291"/><Point X="220" Y="291"/><Point X="241.00001525878906" Y="290"/><Point X="253" Y="289"/><Point X="279" Y="285"/><Point X="288" Y="283"/><Point X="296" Y="282"/><Point X="304" Y="280"/><Point X="307" Y="279"/><Point X="310" Y="278"/><Point X="312" Y="278"/><Point X="313" Y="278"/><Point X="314" Y="278"/><Point X="314" Y="277"/><Point X="314" Y="276"/><Point X="314" Y="275"/><Point X="313" Y="273"/><Point X="311" Y="271"/><Point X="308" Y="268"/><Point X="303" Y="265"/><Point X="297" Y="262"/><Point X="295" Y="260"/><Point X="291" Y="259"/><Point X="289" Y="257"/><Point X="286" Y="255"/><Point X="284" Y="252"/><Point X="280" Y="249"/><Point X="273" Y="243.99998474121094"/><Point X="269" Y="240.00001525878906"/><Point X="263" Y="236"/><Point X="259" Y="230.00001525878906"/><Point X="255" Y="226.00001525878906"/><Point X="251" Y="223"/><Point X="248" Y="219"/><Point X="246" Y="218"/><Point X="243" Y="216"/><Point X="241.00001525878906" Y="212"/><Point X="240.00001525878906" Y="211"/><Point X="238.00001525878906" Y="208"/><Point X="234.99998474121094" Y="207"/><Point X="233.99998474121094" Y="203"/><Point X="231" Y="199"/><Point X="226" Y="192"/><Point X="224" Y="189"/><Point X="224" Y="187"/><Point X="223" Y="184"/><Point X="222" Y="183"/><Point X="221" Y="182"/><Point X="221" Y="181"/><Point X="220" Y="181"/><Point X="220" Y="180"/></Gesture>