<?xml version="1.0" encoding="utf-8"?>
<Gesture Name="triangle10"><Point X="172" Y="123"/><Point X="159.99998474121094" Y="149"/><Point X="148" Y="172"/><Point X="141" Y="184"/><Point X="136" Y="191"/><Point X="133" Y="198"/><Point X="127" Y="205"/><Point X="124" Y="213"/><Point X="119" Y="221"/><Point X="116" Y="229"/><Point X="112" Y="238"/><Point X="107.00003051757813" Y="248"/><Point X="105" Y="253.00001525878906"/><Point X="103" Y="258"/><Point X="99" Y="268"/><Point X="97" Y="271"/><Point X="96" Y="274"/><Point X="95" Y="277"/><Point X="94" Y="278"/><Point X="93" Y="280"/><Point X="92" Y="282"/><Point X="92" Y="284"/><Point X="91" Y="285"/><Point X="89" Y="287"/><Point X="88" Y="291"/><Point X="88" Y="292"/><Point X="87" Y="294"/><Point X="86" Y="294"/><Point X="86" Y="296"/><Point X="86" Y="297"/><Point X="86" Y="298"/><Point X="86" Y="299"/><Point X="87" Y="300"/><Point X="93" Y="301"/><Point X="102" Y="301"/><Point X="116" Y="302"/><Point X="131" Y="302"/><Point X="144" Y="302"/><Point X="159.00001525878906" Y="302"/><Point X="171" Y="302"/><Point X="184.00001525878906" Y="302"/><Point X="194" Y="302"/><Point X="200" Y="302"/><Point X="207" Y="302"/><Point X="221" Y="302"/><Point X="227" Y="302"/><Point X="230" Y="302"/><Point X="236.99998474121094" Y="302"/><Point X="241.00001525878906" Y="302"/><Point X="245" Y="302"/><Point X="248" Y="302"/><Point X="250" Y="302"/><Point X="253" Y="302"/><Point X="256" Y="302"/><Point X="257" Y="302"/><Point X="258" Y="302"/><Point X="258" Y="301"/><Point X="258" Y="300"/><Point X="258" Y="298"/><Point X="258" Y="297"/><Point X="258" Y="296"/><Point X="258" Y="295"/><Point X="257" Y="292"/><Point X="254" Y="287"/><Point X="247" Y="280"/><Point X="243" Y="275"/><Point X="233.99998474121094" Y="267"/><Point X="221" Y="249"/><Point X="208.99998474121094" Y="223"/><Point X="204" Y="209"/><Point X="201" Y="199"/><Point X="197" Y="189"/><Point X="192.99998474121094" Y="177"/><Point X="190.99998474121094" Y="169"/><Point X="190.00001525878906" Y="163"/><Point X="188.00001525878906" Y="155"/><Point X="186.00001525878906" Y="151"/><Point X="184.99998474121094" Y="146"/><Point X="184.00001525878906" Y="143"/><Point X="182.00001525878906" Y="138"/><Point X="181" Y="135"/><Point X="180" Y="133"/><Point X="180" Y="132"/><Point X="179" Y="130"/><Point X="178" Y="130"/><Point X="178" Y="129"/><Point X="177" Y="129"/><Point X="176" Y="126"/><Point X="176" Y="125.00000762939453"/><Point X="175" Y="121.99999237060547"/><Point X="174" Y="121.99999237060547"/><Point X="173" Y="121"/><Point X="172" Y="121"/></Gesture>