<?xml version="1.0" encoding="utf-8"?>
<Gesture Name="triangle02"><Point X="202" Y="116"/><Point X="199" Y="121"/><Point X="194" Y="129"/><Point X="188.00001525878906" Y="139"/><Point X="179" Y="151"/><Point X="171" Y="168"/><Point X="159.99998474121094" Y="188"/><Point X="154" Y="202"/><Point X="145" Y="215"/><Point X="135" Y="236"/><Point X="127" Y="255"/><Point X="121" Y="268"/><Point X="114" Y="285"/><Point X="108" Y="296"/><Point X="104" Y="307"/><Point X="101" Y="317"/><Point X="96" Y="326"/><Point X="93" Y="331"/><Point X="89" Y="337"/><Point X="87" Y="339"/><Point X="85" Y="343"/><Point X="83" Y="345"/><Point X="83" Y="347"/><Point X="82" Y="348"/><Point X="81" Y="348"/><Point X="80" Y="349"/><Point X="80" Y="350"/><Point X="80" Y="351"/><Point X="82" Y="351"/><Point X="85" Y="351"/><Point X="94" Y="351"/><Point X="108" Y="351"/><Point X="133" Y="350"/><Point X="152" Y="349"/><Point X="175" Y="348"/><Point X="199" Y="348"/><Point X="213.00001525878906" Y="348"/><Point X="229" Y="346"/><Point X="241.00001525878906" Y="346"/><Point X="250" Y="346"/><Point X="257" Y="345"/><Point X="263" Y="345"/><Point X="266" Y="345"/><Point X="270" Y="345"/><Point X="274" Y="344"/><Point X="279" Y="344"/><Point X="282" Y="343"/><Point X="287" Y="342"/><Point X="290" Y="342"/><Point X="294" Y="341"/><Point X="297" Y="340"/><Point X="300" Y="340"/><Point X="301" Y="340"/><Point X="302" Y="340"/><Point X="303" Y="340"/><Point X="304" Y="340"/><Point X="305" Y="340"/><Point X="305" Y="339"/><Point X="305" Y="336"/><Point X="304" Y="333"/><Point X="301" Y="330"/><Point X="295" Y="322"/><Point X="288" Y="315"/><Point X="283" Y="308"/><Point X="276" Y="301"/><Point X="270" Y="294"/><Point X="263" Y="286"/><Point X="256" Y="279"/><Point X="251" Y="273"/><Point X="244" Y="267"/><Point X="240.00001525878906" Y="260"/><Point X="235.99998474121094" Y="253.99998474121094"/><Point X="231" Y="249"/><Point X="227" Y="243.99998474121094"/><Point X="221" Y="235"/><Point X="216.00001525878906" Y="223"/><Point X="208" Y="209"/><Point X="205" Y="201"/><Point X="202" Y="195"/><Point X="200" Y="190"/><Point X="199" Y="189"/><Point X="198" Y="187"/><Point X="198" Y="186"/><Point X="197" Y="186"/><Point X="196" Y="185"/><Point X="196" Y="184"/><Point X="195" Y="184"/><Point X="195" Y="183"/><Point X="194" Y="182"/><Point X="192.99998474121094" Y="182"/><Point X="190.99998474121094" Y="176"/><Point X="188.99998474121094" Y="168"/><Point X="188.00001525878906" Y="157"/><Point X="186.99998474121094" Y="151"/><Point X="186.00001525878906" Y="149"/><Point X="186.00001525878906" Y="148"/><Point X="186.00001525878906" Y="147"/><Point X="184.00001525878906" Y="147"/></Gesture>