<?xml version="1.0" encoding="utf-8"?>
<Gesture Name="triangle04"><Point X="199" Y="121"/><Point X="196" Y="128"/><Point X="190.00001525878906" Y="136"/><Point X="184.00001525878906" Y="144"/><Point X="179" Y="151"/><Point X="173" Y="158"/><Point X="165.99998474121094" Y="168"/><Point X="161.00001525878906" Y="177"/><Point X="157.00001525878906" Y="187"/><Point X="153" Y="195"/><Point X="149" Y="201"/><Point X="146" Y="207"/><Point X="142" Y="213"/><Point X="140" Y="217"/><Point X="136" Y="224"/><Point X="132.00003051757813" Y="229"/><Point X="129" Y="236"/><Point X="125" Y="243.99998474121094"/><Point X="122" Y="249"/><Point X="120" Y="256"/><Point X="117.99996948242188" Y="259"/><Point X="117" Y="262"/><Point X="116" Y="265"/><Point X="115" Y="268"/><Point X="113" Y="270"/><Point X="113" Y="271"/><Point X="112" Y="272"/><Point X="112" Y="273"/><Point X="112" Y="274"/><Point X="119" Y="274"/><Point X="128" Y="274"/><Point X="140" Y="274"/><Point X="155" Y="275"/><Point X="170" Y="275"/><Point X="182.00001525878906" Y="275"/><Point X="194" Y="275"/><Point X="214.00001525878906" Y="276"/><Point X="224" Y="276"/><Point X="230" Y="276"/><Point X="235.99998474121094" Y="276"/><Point X="247" Y="276"/><Point X="256" Y="275"/><Point X="264" Y="275"/><Point X="271" Y="275"/><Point X="280" Y="275"/><Point X="286" Y="275"/><Point X="289" Y="275"/><Point X="291" Y="275"/><Point X="294" Y="275"/><Point X="295" Y="275"/><Point X="296" Y="275"/><Point X="296" Y="274"/><Point X="296" Y="273"/><Point X="296" Y="270"/><Point X="293" Y="267"/><Point X="286" Y="260"/><Point X="278" Y="253.99998474121094"/><Point X="272" Y="246.99998474121094"/><Point X="265" Y="242"/><Point X="261" Y="236.99998474121094"/><Point X="256" Y="233.00001525878906"/><Point X="253" Y="229"/><Point X="248" Y="223"/><Point X="243" Y="219"/><Point X="238.00001525878906" Y="212"/><Point X="233" Y="205"/><Point X="228" Y="199"/><Point X="225" Y="190"/><Point X="222" Y="187"/><Point X="219" Y="181"/><Point X="216.00001525878906" Y="177"/><Point X="214.00001525878906" Y="175"/><Point X="211.99998474121094" Y="171"/><Point X="209.99998474121094" Y="169"/><Point X="208.99998474121094" Y="166"/><Point X="206" Y="163"/><Point X="204" Y="160"/><Point X="204" Y="158"/><Point X="203" Y="154"/><Point X="201" Y="150"/><Point X="200" Y="148"/><Point X="197" Y="144"/><Point X="196" Y="142"/><Point X="195" Y="139"/><Point X="194" Y="137"/><Point X="192.99998474121094" Y="135"/><Point X="192" Y="134"/><Point X="192" Y="133"/><Point X="190.00001525878906" Y="132"/><Point X="190.00001525878906" Y="131"/><Point X="190.00001525878906" Y="130"/></Gesture>