<?xml version="1.0" encoding="utf-8"?>
<Gesture Name="triangle03"><Point X="206" Y="118"/><Point X="201" Y="126"/><Point X="195" Y="138"/><Point X="188.99998474121094" Y="149"/><Point X="184.00001525878906" Y="156"/><Point X="178" Y="166"/><Point X="167" Y="189"/><Point X="163.00001525878906" Y="201"/><Point X="159.99998474121094" Y="212"/><Point X="155" Y="221"/><Point X="152" Y="226.99998474121094"/><Point X="148" Y="235"/><Point X="144" Y="243.00001525878906"/><Point X="142" Y="248"/><Point X="140" Y="252"/><Point X="138" Y="256"/><Point X="136" Y="258"/><Point X="135" Y="260"/><Point X="134" Y="261"/><Point X="133" Y="262"/><Point X="133" Y="263"/><Point X="133" Y="264"/><Point X="133" Y="265"/><Point X="134" Y="266"/><Point X="138" Y="267"/><Point X="142.99996948242188" Y="268"/><Point X="152" Y="270"/><Point X="161.99998474121094" Y="271"/><Point X="175" Y="273"/><Point X="183" Y="274"/><Point X="192.99998474121094" Y="274"/><Point X="202" Y="274"/><Point X="210.99998474121094" Y="274"/><Point X="228" Y="274"/><Point X="233.99998474121094" Y="274"/><Point X="239.00001525878906" Y="274"/><Point X="247" Y="274"/><Point X="253" Y="273"/><Point X="260" Y="273"/><Point X="268" Y="272"/><Point X="274" Y="272"/><Point X="281" Y="269"/><Point X="284" Y="269"/><Point X="288" Y="269"/><Point X="290" Y="269"/><Point X="291" Y="269"/><Point X="292" Y="269"/><Point X="294" Y="269"/><Point X="295" Y="269"/><Point X="296" Y="268"/><Point X="296" Y="267"/><Point X="296" Y="266"/><Point X="296" Y="265"/><Point X="296" Y="264"/><Point X="296" Y="262"/><Point X="296" Y="261"/><Point X="296" Y="259"/><Point X="294" Y="253.99998474121094"/><Point X="290" Y="250.00001525878906"/><Point X="285" Y="245"/><Point X="278" Y="238"/><Point X="269" Y="228"/><Point X="262" Y="217"/><Point X="257" Y="210"/><Point X="254" Y="203"/><Point X="252" Y="200"/><Point X="250" Y="196"/><Point X="248" Y="193"/><Point X="246" Y="191"/><Point X="245" Y="189"/><Point X="243" Y="186"/><Point X="241.00001525878906" Y="183"/><Point X="236.99998474121094" Y="178"/><Point X="233" Y="173"/><Point X="228" Y="166"/><Point X="225" Y="162"/><Point X="224" Y="160"/><Point X="221" Y="157"/><Point X="220" Y="156"/><Point X="220" Y="155"/><Point X="219" Y="154"/><Point X="218" Y="154"/><Point X="218" Y="153"/><Point X="218" Y="152"/><Point X="217" Y="150"/><Point X="215.00001525878906" Y="148"/><Point X="214.00001525878906" Y="146"/><Point X="213.00001525878906" Y="145"/><Point X="211.99998474121094" Y="144"/><Point X="211.99998474121094" Y="142"/><Point X="210.99998474121094" Y="141"/><Point X="209.99998474121094" Y="141"/><Point X="208.99998474121094" Y="140"/><Point X="208" Y="140"/><Point X="207" Y="139"/><Point X="206" Y="137"/><Point X="205" Y="134"/><Point X="204" Y="134"/><Point X="204" Y="133"/><Point X="203" Y="133"/></Gesture>