<?xml version="1.0" encoding="utf-8"?>
<Gesture Name="v01"><Point X="124" Y="182"/><Point X="129" Y="189"/><Point X="134" Y="199"/><Point X="138" Y="205"/><Point X="145" Y="215"/><Point X="152" Y="226.00001525878906"/><Point X="158" Y="236"/><Point X="161.99998474121094" Y="245"/><Point X="167" Y="251"/><Point X="169" Y="255"/><Point X="170" Y="257"/><Point X="171" Y="259"/><Point X="172" Y="260"/><Point X="173" Y="263"/><Point X="173" Y="264"/><Point X="173" Y="265"/><Point X="175" Y="265"/><Point X="175" Y="266"/><Point X="176" Y="266"/><Point X="180" Y="261"/><Point X="188.00001525878906" Y="248"/><Point X="194" Y="238"/><Point X="201" Y="226.00001525878906"/><Point X="214.00001525878906" Y="203"/><Point X="230" Y="175"/><Point X="239.00001525878906" Y="155"/><Point X="246" Y="146"/><Point X="253" Y="135"/><Point X="260" Y="121.99999237060547"/><Point X="264" Y="114"/><Point X="268" Y="107"/><Point X="271" Y="102.00000762939453"/><Point X="273" Y="98.000007629394531"/><Point X="275" Y="96"/><Point X="276" Y="94"/><Point X="277" Y="92.999984741210938"/><Point X="277" Y="92"/></Gesture>