<?xml version="1.0" encoding="utf-8"?>
<Gesture Name="v02"><Point X="101" Y="216"/><Point X="105" Y="222"/><Point X="109" Y="229"/><Point X="114" Y="233.99998474121094"/><Point X="119" Y="241"/><Point X="123" Y="246.99998474121094"/><Point X="127" Y="252"/><Point X="130" Y="256"/><Point X="132.00003051757813" Y="260"/><Point X="135" Y="261"/><Point X="135" Y="263"/><Point X="136" Y="263"/><Point X="136" Y="264"/><Point X="136" Y="265"/><Point X="136" Y="267"/><Point X="137" Y="267"/><Point X="138" Y="267"/><Point X="140" Y="266"/><Point X="142" Y="265"/><Point X="144" Y="265"/><Point X="145" Y="264"/><Point X="146" Y="263"/><Point X="147" Y="263"/><Point X="149" Y="263"/><Point X="149" Y="262"/><Point X="150" Y="261"/><Point X="152" Y="256"/><Point X="157.00001525878906" Y="248"/><Point X="163.00001525878906" Y="239"/><Point X="167.99998474121094" Y="222"/><Point X="173" Y="212"/><Point X="175" Y="203"/><Point X="177" Y="195"/><Point X="178" Y="191"/><Point X="179" Y="187"/><Point X="180" Y="184"/><Point X="182.00001525878906" Y="182"/><Point X="183" Y="180"/><Point X="183" Y="178"/><Point X="183" Y="177"/><Point X="183" Y="176"/></Gesture>