<?xml version="1.0" encoding="utf-8"?>
<Gesture Name="v05"><Point X="64" Y="180"/><Point X="69" Y="188"/><Point X="75" Y="195"/><Point X="78" Y="202"/><Point X="81" Y="206"/><Point X="84" Y="210"/><Point X="86" Y="215"/><Point X="88" Y="219"/><Point X="92" Y="225"/><Point X="96" Y="231"/><Point X="101" Y="240.00001525878906"/><Point X="107.00003051757813" Y="248"/><Point X="110" Y="253.99998474121094"/><Point X="114" Y="260"/><Point X="117.99996948242188" Y="264"/><Point X="123" Y="271"/><Point X="125" Y="274"/><Point X="128" Y="279"/><Point X="129" Y="279"/><Point X="129" Y="280"/><Point X="129" Y="281"/><Point X="129" Y="282"/><Point X="129" Y="283"/><Point X="130" Y="285"/><Point X="131" Y="285"/><Point X="131" Y="286"/><Point X="131" Y="287"/><Point X="132.00003051757813" Y="287"/><Point X="132.00003051757813" Y="288"/><Point X="134" Y="288"/><Point X="135" Y="288"/><Point X="136" Y="288"/><Point X="137" Y="288"/><Point X="139" Y="285"/><Point X="141" Y="282"/><Point X="148" Y="268"/><Point X="155" Y="253.99998474121094"/><Point X="159.99998474121094" Y="243.99998474121094"/><Point X="170" Y="229"/><Point X="174" Y="220"/><Point X="180" Y="213"/><Point X="184.99998474121094" Y="205"/><Point X="188.00001525878906" Y="198"/><Point X="190.99998474121094" Y="194"/><Point X="192" Y="192"/><Point X="192" Y="191"/><Point X="192" Y="190"/><Point X="192" Y="188"/><Point X="192" Y="187"/><Point X="192" Y="186"/><Point X="192" Y="185"/><Point X="192" Y="184"/><Point X="192" Y="182"/><Point X="190.99998474121094" Y="180"/></Gesture>