<?xml version="1.0" encoding="utf-8"?>
<Gesture Name="v09"><Point X="128" Y="171"/><Point X="128" Y="174"/><Point X="131" Y="182"/><Point X="133" Y="188"/><Point X="134" Y="194"/><Point X="135" Y="198"/><Point X="135" Y="201"/><Point X="137" Y="204"/><Point X="137" Y="206"/><Point X="138" Y="210"/><Point X="138" Y="211"/><Point X="139" Y="214"/><Point X="139" Y="217"/><Point X="139" Y="219"/><Point X="140" Y="222"/><Point X="140" Y="226.00001525878906"/><Point X="140" Y="230.00001525878906"/><Point X="140" Y="233.00001525878906"/><Point X="140" Y="236"/><Point X="140" Y="239"/><Point X="140" Y="240.00001525878906"/><Point X="140" Y="241"/><Point X="140" Y="242"/><Point X="140" Y="243.00001525878906"/><Point X="140" Y="243.99998474121094"/><Point X="140" Y="245"/><Point X="140" Y="246"/><Point X="140" Y="246.99998474121094"/><Point X="140" Y="249"/><Point X="140" Y="250.00001525878906"/><Point X="140" Y="251"/><Point X="140" Y="252"/><Point X="140" Y="253.00001525878906"/><Point X="140" Y="253.99998474121094"/><Point X="140" Y="255"/><Point X="140" Y="256"/><Point X="140" Y="257"/><Point X="140" Y="258"/><Point X="140" Y="260"/><Point X="140" Y="262"/><Point X="140" Y="264"/><Point X="140" Y="265"/><Point X="140" Y="267"/><Point X="140" Y="271"/><Point X="140" Y="275"/><Point X="140" Y="277"/><Point X="140" Y="281"/><Point X="140" Y="283"/><Point X="140" Y="284"/><Point X="141" Y="286"/><Point X="141" Y="288"/><Point X="141" Y="290"/><Point X="141" Y="292"/><Point X="141" Y="295"/><Point X="141" Y="296"/><Point X="142" Y="298"/><Point X="142" Y="300"/><Point X="142" Y="302"/><Point X="142.99996948242188" Y="302"/><Point X="142.99996948242188" Y="303"/><Point X="142.99996948242188" Y="304"/><Point X="142.99996948242188" Y="305"/><Point X="142.99996948242188" Y="306"/><Point X="142.99996948242188" Y="307"/><Point X="142.99996948242188" Y="308"/><Point X="142.99996948242188" Y="309"/><Point X="144" Y="309"/><Point X="145" Y="309"/><Point X="146" Y="307"/><Point X="146" Y="306"/><Point X="147" Y="305"/><Point X="148" Y="303"/><Point X="150" Y="299"/><Point X="152" Y="292"/><Point X="157.00001525878906" Y="282"/><Point X="159.00001525878906" Y="272"/><Point X="163.00001525878906" Y="261"/><Point X="165.99998474121094" Y="253.99998474121094"/><Point X="169" Y="246"/><Point X="176" Y="232"/><Point X="182.00001525878906" Y="220"/><Point X="186.99998474121094" Y="209"/><Point X="194" Y="194"/><Point X="195" Y="191"/><Point X="196" Y="187"/><Point X="197" Y="184"/><Point X="198" Y="181"/><Point X="200" Y="179"/><Point X="201" Y="177"/><Point X="201" Y="176"/><Point X="201" Y="174"/></Gesture>