<?xml version="1.0" encoding="utf-8"?>
<Gesture Name="v10"><Point X="102" Y="173"/><Point X="102" Y="177"/><Point X="105" Y="186"/><Point X="107.00003051757813" Y="194"/><Point X="109" Y="200"/><Point X="113" Y="208"/><Point X="115" Y="215"/><Point X="116" Y="221"/><Point X="117" Y="226.00001525878906"/><Point X="117.99996948242188" Y="232"/><Point X="119" Y="240.00001525878906"/><Point X="122" Y="253.99998474121094"/><Point X="123" Y="261"/><Point X="124" Y="266"/><Point X="125" Y="268"/><Point X="126" Y="271"/><Point X="126" Y="274"/><Point X="127" Y="276"/><Point X="128" Y="280"/><Point X="129" Y="282"/><Point X="129" Y="285"/><Point X="132.00003051757813" Y="290"/><Point X="134" Y="293"/><Point X="136" Y="300"/><Point X="138" Y="306"/><Point X="139" Y="309"/><Point X="140" Y="312"/><Point X="140" Y="314"/><Point X="141" Y="318"/><Point X="141" Y="319"/><Point X="141" Y="320"/><Point X="141" Y="321"/><Point X="141" Y="322"/><Point X="141" Y="323"/><Point X="141" Y="324"/><Point X="142.99996948242188" Y="324"/><Point X="145" Y="321"/><Point X="148" Y="316"/><Point X="156" Y="299"/><Point X="159.00001525878906" Y="294"/><Point X="165.00001525878906" Y="283"/><Point X="170" Y="269"/><Point X="176" Y="255"/><Point X="180" Y="246"/><Point X="182.00001525878906" Y="239"/><Point X="186.99998474121094" Y="231"/><Point X="190.00001525878906" Y="225"/><Point X="192.99998474121094" Y="221"/><Point X="196" Y="215"/><Point X="198" Y="213"/><Point X="199" Y="210"/><Point X="200" Y="209"/><Point X="200" Y="207"/><Point X="200" Y="206"/></Gesture>