<?xml version="1.0" encoding="utf-8"?>
<Gesture Name="x02"><Point X="94" Y="167"/><Point X="99" Y="172"/><Point X="107.00003051757813" Y="182"/><Point X="122" Y="202"/><Point X="130" Y="210"/><Point X="139" Y="223"/><Point X="150" Y="236"/><Point X="158" Y="246"/><Point X="167" Y="256"/><Point X="171" Y="261"/><Point X="174" Y="265"/><Point X="178" Y="268"/><Point X="181" Y="270"/><Point X="184.00001525878906" Y="274"/><Point X="184.99998474121094" Y="277"/><Point X="188.99998474121094" Y="280"/><Point X="197" Y="287"/><Point X="201" Y="290"/><Point X="205" Y="294"/><Point X="208.99998474121094" Y="297"/><Point X="213.00001525878906" Y="300"/><Point X="217" Y="301"/><Point X="219" Y="304"/><Point X="221" Y="305"/><Point X="222" Y="305"/><Point X="222" Y="306"/><Point X="223" Y="307"/><Point X="224" Y="307"/><Point X="225" Y="307"/><Point X="225" Y="306"/><Point X="225" Y="304"/><Point X="226" Y="298"/><Point X="228" Y="292"/><Point X="228" Y="288"/><Point X="229" Y="281"/><Point X="234.99998474121094" Y="267"/><Point X="239.00001525878906" Y="249"/><Point X="241.00001525878906" Y="239"/><Point X="242" Y="231"/><Point X="243" Y="225"/><Point X="247" Y="214"/><Point X="248" Y="203"/><Point X="249" Y="194"/><Point X="250" Y="188"/><Point X="251" Y="181"/><Point X="251" Y="178"/><Point X="251" Y="173"/><Point X="252" Y="171"/><Point X="252" Y="169"/><Point X="252" Y="167"/><Point X="252" Y="166"/><Point X="252" Y="165"/><Point X="252" Y="164"/><Point X="252" Y="163"/><Point X="250" Y="163"/><Point X="246" Y="163"/><Point X="241.00001525878906" Y="163"/><Point X="232" Y="164"/><Point X="220" Y="168"/><Point X="204" Y="175"/><Point X="184.00001525878906" Y="184"/><Point X="171" Y="192"/><Point X="161.00001525878906" Y="199"/><Point X="147" Y="207"/><Point X="136" Y="214"/><Point X="126" Y="219"/><Point X="117.99996948242188" Y="225"/><Point X="113" Y="228"/><Point X="107.00003051757813" Y="231"/><Point X="105" Y="233.00001525878906"/><Point X="102" Y="235"/><Point X="100" Y="236"/><Point X="99" Y="236.99998474121094"/><Point X="99" Y="238"/><Point X="98" Y="238"/><Point X="97" Y="239"/></Gesture>