<?xml version="1.0" encoding="utf-8"?>
<Gesture Name="zig-zag07"><Point X="63" Y="225"/><Point X="65" Y="220"/><Point X="69" Y="211"/><Point X="74" Y="203"/><Point X="77" Y="196"/><Point X="79" Y="191"/><Point X="81" Y="188"/><Point X="84" Y="186"/><Point X="85" Y="184"/><Point X="86" Y="181"/><Point X="88" Y="179"/><Point X="90" Y="177"/><Point X="92" Y="173"/><Point X="94" Y="171"/><Point X="97" Y="167"/><Point X="100" Y="165"/><Point X="101" Y="163"/><Point X="101" Y="162"/><Point X="102" Y="162"/><Point X="103" Y="162"/><Point X="104" Y="162"/><Point X="104" Y="163"/><Point X="105" Y="164"/><Point X="107.00003051757813" Y="166"/><Point X="108" Y="169"/><Point X="110" Y="175"/><Point X="112" Y="180"/><Point X="117" Y="188"/><Point X="120" Y="195"/><Point X="122" Y="201"/><Point X="124" Y="205"/><Point X="127" Y="209"/><Point X="129" Y="211"/><Point X="131" Y="215"/><Point X="132.00003051757813" Y="218"/><Point X="132.00003051757813" Y="221"/><Point X="133" Y="223"/><Point X="134" Y="226.00001525878906"/><Point X="136" Y="226.99998474121094"/><Point X="136" Y="229"/><Point X="140" Y="235"/><Point X="142" Y="236.99998474121094"/><Point X="142" Y="241"/><Point X="144" Y="242"/><Point X="145" Y="243.99998474121094"/><Point X="145" Y="245"/><Point X="145" Y="246"/><Point X="145" Y="246.99998474121094"/><Point X="145" Y="248"/><Point X="146" Y="248"/><Point X="147" Y="248"/><Point X="148" Y="245"/><Point X="149" Y="241"/><Point X="153" Y="235"/><Point X="155" Y="231"/><Point X="158" Y="223"/><Point X="161.00001525878906" Y="216"/><Point X="167.99998474121094" Y="204"/><Point X="173" Y="192"/><Point X="177" Y="183"/><Point X="179" Y="178"/><Point X="181" Y="175"/><Point X="183" Y="171"/><Point X="184.00001525878906" Y="169"/><Point X="184.99998474121094" Y="169"/><Point X="186.00001525878906" Y="168"/><Point X="186.00001525878906" Y="167"/><Point X="186.00001525878906" Y="166"/><Point X="188.00001525878906" Y="166"/><Point X="188.99998474121094" Y="166"/><Point X="194" Y="169"/><Point X="198" Y="172"/><Point X="204" Y="178"/><Point X="208" Y="185"/><Point X="213.00001525878906" Y="191"/><Point X="217" Y="197"/><Point X="220" Y="201"/><Point X="223" Y="205"/><Point X="228" Y="211"/><Point X="231" Y="213"/><Point X="233.99998474121094" Y="217"/><Point X="236.99998474121094" Y="220"/><Point X="239.00001525878906" Y="222"/><Point X="243" Y="229"/><Point X="245" Y="231"/><Point X="247" Y="233.99998474121094"/><Point X="249" Y="235"/><Point X="250" Y="236.99998474121094"/><Point X="251" Y="239"/><Point X="252" Y="239"/><Point X="253" Y="240.00001525878906"/><Point X="253" Y="241"/><Point X="253" Y="242"/><Point X="253" Y="243.00001525878906"/><Point X="257" Y="233.00001525878906"/><Point X="261" Y="222"/><Point X="264" Y="216"/><Point X="266" Y="211"/><Point X="268" Y="207"/><Point X="269" Y="203"/><Point X="269" Y="202"/><Point X="271" Y="199"/><Point X="271" Y="198"/><Point X="271" Y="197"/><Point X="271" Y="196"/><Point X="273" Y="194"/><Point X="287" Y="172"/><Point X="289" Y="169"/><Point X="291" Y="165"/><Point X="293" Y="160"/><Point X="294" Y="158"/><Point X="294" Y="156"/><Point X="294" Y="155"/><Point X="294" Y="153"/></Gesture>