<?xml version="1.0" encoding="utf-8"?>
<Gesture Name="zig-zag02"><Point X="73" Y="274"/><Point X="76" Y="270"/><Point X="82" Y="259"/><Point X="86" Y="251"/><Point X="90" Y="243.99998474121094"/><Point X="93" Y="239"/><Point X="95" Y="235"/><Point X="98" Y="231"/><Point X="99" Y="230.00001525878906"/><Point X="99" Y="229"/><Point X="99" Y="228"/><Point X="100" Y="226.99998474121094"/><Point X="102" Y="226.99998474121094"/><Point X="103" Y="224"/><Point X="106" Y="222"/><Point X="107.00003051757813" Y="220"/><Point X="109" Y="216"/><Point X="112" Y="214"/><Point X="114" Y="212"/><Point X="116" Y="210"/><Point X="117" Y="210"/><Point X="117" Y="209"/><Point X="117.99996948242188" Y="208"/><Point X="119" Y="208"/><Point X="120" Y="208"/><Point X="122" Y="208"/><Point X="124" Y="210"/><Point X="125" Y="212"/><Point X="128" Y="218"/><Point X="133" Y="225"/><Point X="136" Y="233.00001525878906"/><Point X="140" Y="241"/><Point X="142.99996948242188" Y="245"/><Point X="145" Y="252"/><Point X="147" Y="253.99998474121094"/><Point X="148" Y="258"/><Point X="150" Y="264"/><Point X="155" Y="270"/><Point X="157.00001525878906" Y="276"/><Point X="159.99998474121094" Y="284"/><Point X="163.99998474121094" Y="291"/><Point X="165.99998474121094" Y="297"/><Point X="167" Y="301"/><Point X="167.99998474121094" Y="303"/><Point X="167.99998474121094" Y="307"/><Point X="169" Y="309"/><Point X="170" Y="311"/><Point X="171" Y="313"/><Point X="172" Y="314"/><Point X="173" Y="314"/><Point X="173" Y="315"/><Point X="173" Y="316"/><Point X="174" Y="316"/><Point X="175" Y="315"/><Point X="182.00001525878906" Y="293"/><Point X="183" Y="285"/><Point X="184.99998474121094" Y="278"/><Point X="186.00001525878906" Y="272"/><Point X="188.99998474121094" Y="264"/><Point X="190.99998474121094" Y="258"/><Point X="194" Y="250.00001525878906"/><Point X="196" Y="245"/><Point X="198" Y="239"/><Point X="200" Y="233.99998474121094"/><Point X="201" Y="231"/><Point X="202" Y="228"/><Point X="204" Y="226.99998474121094"/><Point X="205" Y="224"/><Point X="205" Y="223"/><Point X="206" Y="221"/><Point X="207" Y="221"/><Point X="207" Y="220"/><Point X="208" Y="219"/><Point X="208.99998474121094" Y="219"/><Point X="210.99998474121094" Y="217"/><Point X="211.99998474121094" Y="217"/><Point X="213.00001525878906" Y="217"/><Point X="215.00001525878906" Y="217"/><Point X="218" Y="217"/><Point X="221" Y="218"/><Point X="223" Y="219"/><Point X="228" Y="222"/><Point X="232" Y="226.00001525878906"/><Point X="238.00001525878906" Y="233.00001525878906"/><Point X="242" Y="241"/><Point X="246" Y="246"/><Point X="249" Y="251"/><Point X="251" Y="255"/><Point X="254" Y="262"/><Point X="257" Y="268"/><Point X="262" Y="276"/><Point X="264" Y="282"/><Point X="266" Y="288"/><Point X="268" Y="295"/><Point X="271" Y="297"/><Point X="272" Y="300"/><Point X="272" Y="301"/><Point X="273" Y="304"/><Point X="273" Y="305"/><Point X="273" Y="306"/><Point X="273" Y="307"/><Point X="273" Y="308"/><Point X="274" Y="308"/><Point X="276" Y="305"/><Point X="280" Y="296"/><Point X="283" Y="285"/><Point X="285" Y="276"/><Point X="288" Y="268"/><Point X="293" Y="257"/><Point X="297" Y="243.00001525878906"/><Point X="301" Y="233.99998474121094"/><Point X="305" Y="224"/><Point X="307" Y="220"/><Point X="309" Y="215"/><Point X="310" Y="214"/><Point X="311" Y="212"/><Point X="311" Y="211"/><Point X="311" Y="210"/><Point X="311" Y="209"/></Gesture>