<?xml version="1.0" encoding="utf-8"?>
<Gesture Name="zig-zag05"><Point X="72" Y="260"/><Point X="74" Y="256"/><Point X="80" Y="246"/><Point X="82" Y="243.00001525878906"/><Point X="84" Y="238"/><Point X="87" Y="233.99998474121094"/><Point X="89" Y="230.00001525878906"/><Point X="90" Y="228"/><Point X="92" Y="226.00001525878906"/><Point X="94" Y="224"/><Point X="96" Y="222"/><Point X="98" Y="219"/><Point X="99" Y="218"/><Point X="100" Y="216"/><Point X="100" Y="215"/><Point X="100" Y="214"/><Point X="101" Y="213"/><Point X="102" Y="212"/><Point X="102" Y="211"/><Point X="102" Y="210"/><Point X="102" Y="209"/><Point X="102" Y="208"/><Point X="104" Y="207"/><Point X="107.00003051757813" Y="202"/><Point X="109" Y="197"/><Point X="109" Y="195"/><Point X="110" Y="193"/><Point X="113" Y="189"/><Point X="113" Y="188"/><Point X="115" Y="186"/><Point X="116" Y="186"/><Point X="116" Y="185"/><Point X="117" Y="184"/><Point X="117.99996948242188" Y="182"/><Point X="120" Y="182"/><Point X="120" Y="183"/><Point X="121" Y="184"/><Point X="121" Y="185"/><Point X="122" Y="187"/><Point X="122" Y="188"/><Point X="123" Y="192"/><Point X="124" Y="194"/><Point X="125" Y="200"/><Point X="130" Y="205"/><Point X="133" Y="212"/><Point X="138" Y="219"/><Point X="142.99996948242188" Y="226.00001525878906"/><Point X="148" Y="231"/><Point X="156" Y="242"/><Point X="158" Y="246"/><Point X="159.99998474121094" Y="248"/><Point X="161.99998474121094" Y="250.00001525878906"/><Point X="163.99998474121094" Y="252"/><Point X="165.99998474121094" Y="255"/><Point X="167" Y="257"/><Point X="171" Y="260"/><Point X="174" Y="264"/><Point X="178" Y="267"/><Point X="182.00001525878906" Y="270"/><Point X="184.99998474121094" Y="274"/><Point X="186.99998474121094" Y="276"/><Point X="190.00001525878906" Y="277"/><Point X="192" Y="279"/><Point X="192.99998474121094" Y="281"/><Point X="192.99998474121094" Y="282"/><Point X="194" Y="283"/><Point X="195" Y="283"/><Point X="196" Y="282"/><Point X="196" Y="280"/><Point X="197" Y="278"/><Point X="198" Y="273"/><Point X="202" Y="256"/><Point X="203" Y="252"/><Point X="207" Y="243.99998474121094"/><Point X="210.99998474121094" Y="236"/><Point X="214.00001525878906" Y="226.99998474121094"/><Point X="221" Y="214"/><Point X="226" Y="203"/><Point X="229" Y="195"/><Point X="232" Y="190"/><Point X="233" Y="187"/><Point X="233.99998474121094" Y="186"/><Point X="233.99998474121094" Y="185"/><Point X="240.00001525878906" Y="194"/><Point X="244" Y="205"/><Point X="247" Y="212"/><Point X="249" Y="217"/><Point X="252" Y="220"/><Point X="253" Y="222"/><Point X="253" Y="225"/><Point X="253" Y="226.00001525878906"/><Point X="253" Y="226.99998474121094"/><Point X="253" Y="228"/><Point X="254" Y="229"/><Point X="256" Y="230.00001525878906"/><Point X="257" Y="231"/><Point X="257" Y="232"/><Point X="257" Y="233.00001525878906"/><Point X="258" Y="235"/><Point X="259" Y="236"/><Point X="260" Y="236.99998474121094"/><Point X="263" Y="239"/><Point X="265" Y="242"/><Point X="267" Y="245"/><Point X="270" Y="249"/><Point X="273" Y="251"/><Point X="274" Y="253.99998474121094"/><Point X="275" Y="255"/><Point X="276" Y="258"/><Point X="276" Y="259"/><Point X="276" Y="260"/><Point X="276" Y="261"/><Point X="278" Y="262"/><Point X="279" Y="262"/><Point X="280" Y="263"/><Point X="281" Y="264"/><Point X="281" Y="265"/><Point X="281" Y="266"/><Point X="282" Y="267"/><Point X="282" Y="268"/><Point X="283" Y="268"/><Point X="284" Y="268"/><Point X="285" Y="268"/><Point X="289" Y="262"/><Point X="295" Y="255"/><Point X="301" Y="246.99998474121094"/><Point X="307" Y="236.99998474121094"/><Point X="313" Y="229"/><Point X="316" Y="225"/><Point X="321" Y="218"/><Point X="324" Y="214"/><Point X="327" Y="209"/><Point X="330" Y="206"/><Point X="332" Y="203"/><Point X="333" Y="202"/><Point X="333" Y="201"/><Point X="334" Y="200"/><Point X="334" Y="199"/><Point X="335" Y="197"/><Point X="335" Y="196"/><Point X="337" Y="187"/><Point X="339" Y="184"/><Point X="339" Y="181"/><Point X="339" Y="180"/><Point X="339" Y="179"/><Point X="339" Y="178"/><Point X="339" Y="177"/><Point X="339" Y="176"/><Point X="339" Y="175"/><Point X="339" Y="174"/></Gesture>