<?xml version="1.0" encoding="utf-8"?>
<Gesture Name="zig-zag08"><Point X="45" Y="257"/><Point X="48" Y="251"/><Point X="50" Y="243.00001525878906"/><Point X="52" Y="239"/><Point X="53" Y="235"/><Point X="54" Y="232"/><Point X="55" Y="230.00001525878906"/><Point X="56" Y="226.00001525878906"/><Point X="57" Y="225"/><Point X="58" Y="223"/><Point X="58" Y="221"/><Point X="59" Y="218"/><Point X="60" Y="217"/><Point X="61" Y="214"/><Point X="62" Y="211"/><Point X="63" Y="208"/><Point X="64" Y="207"/><Point X="64" Y="205"/><Point X="64" Y="203"/><Point X="64" Y="202"/><Point X="64" Y="201"/><Point X="64" Y="200"/><Point X="65" Y="200"/><Point X="65" Y="199"/><Point X="67" Y="199"/><Point X="68" Y="199"/><Point X="69" Y="199"/><Point X="71" Y="199"/><Point X="72" Y="199"/><Point X="73" Y="200"/><Point X="73" Y="201"/><Point X="74" Y="203"/><Point X="75" Y="205"/><Point X="76" Y="207"/><Point X="79" Y="209"/><Point X="82" Y="216"/><Point X="87" Y="223"/><Point X="93" Y="231"/><Point X="98" Y="240.00001525878906"/><Point X="104" Y="250.00001525878906"/><Point X="107.00003051757813" Y="255"/><Point X="109" Y="259"/><Point X="111" Y="262"/><Point X="112" Y="263"/><Point X="113" Y="265"/><Point X="113" Y="266"/><Point X="114" Y="267"/><Point X="115" Y="269"/><Point X="116" Y="270"/><Point X="117" Y="271"/><Point X="117" Y="272"/><Point X="117" Y="273"/><Point X="119" Y="273"/><Point X="120" Y="273"/><Point X="121" Y="273"/><Point X="122" Y="272"/><Point X="125" Y="265"/><Point X="130" Y="258"/><Point X="133" Y="250.00001525878906"/><Point X="136" Y="246"/><Point X="140" Y="240.00001525878906"/><Point X="142" Y="238"/><Point X="150" Y="228"/><Point X="155" Y="221"/><Point X="159.99998474121094" Y="215"/><Point X="161.99998474121094" Y="210"/><Point X="163.99998474121094" Y="208"/><Point X="165.99998474121094" Y="205"/><Point X="167.99998474121094" Y="202"/><Point X="170" Y="199"/><Point X="171" Y="198"/><Point X="172" Y="197"/><Point X="173" Y="197"/><Point X="174" Y="197"/><Point X="175" Y="199"/><Point X="176" Y="200"/><Point X="177" Y="204"/><Point X="179" Y="209"/><Point X="181" Y="215"/><Point X="184.00001525878906" Y="225"/><Point X="186.99998474121094" Y="233.00001525878906"/><Point X="188.99998474121094" Y="241"/><Point X="190.99998474121094" Y="246.99998474121094"/><Point X="192.99998474121094" Y="256"/><Point X="194" Y="258"/><Point X="196" Y="260"/><Point X="196" Y="261"/><Point X="196" Y="263"/><Point X="197" Y="265"/><Point X="198" Y="267"/><Point X="199" Y="268"/><Point X="200" Y="271"/><Point X="201" Y="273"/><Point X="204" Y="276"/><Point X="205" Y="277"/><Point X="206" Y="279"/><Point X="207" Y="281"/><Point X="208" Y="283"/><Point X="208" Y="284"/><Point X="208" Y="285"/><Point X="208.99998474121094" Y="285"/><Point X="209.99998474121094" Y="285"/><Point X="210.99998474121094" Y="285"/><Point X="211.99998474121094" Y="285"/><Point X="213.00001525878906" Y="284"/><Point X="214.00001525878906" Y="283"/><Point X="214.00001525878906" Y="281"/><Point X="215.00001525878906" Y="275"/><Point X="217" Y="267"/><Point X="222" Y="253.00001525878906"/><Point X="226" Y="239"/><Point X="228" Y="230.00001525878906"/><Point X="233" Y="223"/><Point X="235.99998474121094" Y="214"/><Point X="240.00001525878906" Y="204"/><Point X="242" Y="197"/><Point X="245" Y="193"/><Point X="246" Y="190"/><Point X="247" Y="188"/><Point X="247" Y="187"/><Point X="247" Y="186"/></Gesture>