<?xml version="1.0" encoding="utf-8"?>
<Gesture Name="zig-zag06"><Point X="37" Y="295"/><Point X="39" Y="288"/><Point X="43" Y="280"/><Point X="46" Y="274"/><Point X="51" Y="267"/><Point X="53" Y="263"/><Point X="54" Y="259"/><Point X="56" Y="258"/><Point X="57" Y="256"/><Point X="58" Y="255"/><Point X="59" Y="252"/><Point X="61" Y="251"/><Point X="62" Y="249"/><Point X="64" Y="246"/><Point X="68" Y="243.00001525878906"/><Point X="70" Y="241"/><Point X="74" Y="236.99998474121094"/><Point X="77" Y="233.99998474121094"/><Point X="79" Y="232"/><Point X="82" Y="230.00001525878906"/><Point X="86" Y="226.99998474121094"/><Point X="88" Y="223"/><Point X="91" Y="220"/><Point X="95" Y="215"/><Point X="97" Y="213"/><Point X="99" Y="212"/><Point X="100" Y="210"/><Point X="101" Y="210"/><Point X="101" Y="209"/><Point X="103" Y="209"/><Point X="104" Y="209"/><Point X="105" Y="209"/><Point X="105" Y="210"/><Point X="105" Y="211"/><Point X="106" Y="212"/><Point X="107.00003051757813" Y="215"/><Point X="109" Y="220"/><Point X="112" Y="228"/><Point X="115" Y="236"/><Point X="117.99996948242188" Y="246"/><Point X="120" Y="253.99998474121094"/><Point X="123" Y="259"/><Point X="124" Y="264"/><Point X="127" Y="270"/><Point X="129" Y="277"/><Point X="131" Y="283"/><Point X="134" Y="289"/><Point X="136" Y="295"/><Point X="138" Y="299"/><Point X="140" Y="301"/><Point X="141" Y="305"/><Point X="142.99996948242188" Y="307"/><Point X="144" Y="310"/><Point X="145" Y="312"/><Point X="146" Y="314"/><Point X="147" Y="315"/><Point X="147" Y="316"/><Point X="147" Y="317"/><Point X="147" Y="318"/><Point X="147" Y="319"/><Point X="148" Y="319"/><Point X="150" Y="315"/><Point X="154" Y="307"/><Point X="157.00001525878906" Y="298"/><Point X="165.00001525878906" Y="283"/><Point X="169" Y="276"/><Point X="175" Y="267"/><Point X="180" Y="256"/><Point X="186.00001525878906" Y="245"/><Point X="188.99998474121094" Y="238"/><Point X="192" Y="231"/><Point X="194" Y="229"/><Point X="196" Y="226.00001525878906"/><Point X="196" Y="225"/><Point X="197" Y="223"/><Point X="198" Y="222"/><Point X="199" Y="222"/><Point X="199" Y="221"/><Point X="201" Y="221"/><Point X="203" Y="221"/><Point X="206" Y="223"/><Point X="208" Y="226.00001525878906"/><Point X="213.00001525878906" Y="232"/><Point X="216.00001525878906" Y="238"/><Point X="219" Y="243.99998474121094"/><Point X="221" Y="248"/><Point X="224" Y="253.00001525878906"/><Point X="227" Y="258"/><Point X="231" Y="265"/><Point X="236.99998474121094" Y="276"/><Point X="239.00001525878906" Y="279"/><Point X="241.00001525878906" Y="283"/><Point X="243" Y="286"/><Point X="245" Y="288"/><Point X="247" Y="292"/><Point X="248" Y="294"/><Point X="250" Y="296"/><Point X="252" Y="297"/><Point X="252" Y="300"/><Point X="253" Y="301"/><Point X="253" Y="302"/><Point X="253" Y="303"/><Point X="254" Y="303"/><Point X="255" Y="303"/><Point X="256" Y="303"/><Point X="256" Y="302"/><Point X="262" Y="288"/><Point X="266" Y="277"/><Point X="269" Y="266"/><Point X="277" Y="238"/><Point X="284" Y="216"/><Point X="287" Y="205"/><Point X="289" Y="197"/><Point X="292" Y="191"/><Point X="295" Y="182"/><Point X="295" Y="181"/><Point X="295" Y="179"/></Gesture>