<?xml version="1.0" encoding="utf-8"?>
<Gesture Name="zig-zag09"><Point X="67" Y="267"/><Point X="71" Y="259"/><Point X="78" Y="249"/><Point X="84" Y="238"/><Point X="93" Y="224"/><Point X="98" Y="214"/><Point X="103" Y="205"/><Point X="106" Y="199"/><Point X="108" Y="194"/><Point X="109" Y="192"/><Point X="111" Y="189"/><Point X="111" Y="188"/><Point X="112" Y="185"/><Point X="113" Y="185"/><Point X="113" Y="184"/><Point X="113" Y="183"/><Point X="113" Y="182"/><Point X="114" Y="182"/><Point X="115" Y="182"/><Point X="117.99996948242188" Y="184"/><Point X="123" Y="190"/><Point X="128" Y="199"/><Point X="134" Y="208"/><Point X="142.99996948242188" Y="222"/><Point X="146" Y="228"/><Point X="149" Y="235"/><Point X="152" Y="238"/><Point X="154" Y="241"/><Point X="156" Y="245"/><Point X="157.00001525878906" Y="248"/><Point X="159.00001525878906" Y="250.00001525878906"/><Point X="161.99998474121094" Y="253.99998474121094"/><Point X="163.00001525878906" Y="256"/><Point X="165.00001525878906" Y="259"/><Point X="167" Y="260"/><Point X="169" Y="263"/><Point X="170" Y="265"/><Point X="172" Y="267"/><Point X="172" Y="268"/><Point X="172" Y="269"/><Point X="172" Y="270"/><Point X="173" Y="270"/><Point X="174" Y="270"/><Point X="175" Y="267"/><Point X="179" Y="256"/><Point X="180" Y="250.00001525878906"/><Point X="183" Y="243.99998474121094"/><Point X="184.99998474121094" Y="236"/><Point X="190.00001525878906" Y="222"/><Point X="194" Y="208"/><Point X="197" Y="196"/><Point X="201" Y="189"/><Point X="202" Y="182"/><Point X="203" Y="180"/><Point X="204" Y="179"/><Point X="204" Y="178"/><Point X="204" Y="177"/><Point X="205" Y="177"/><Point X="207" Y="177"/><Point X="209.99998474121094" Y="178"/><Point X="213.00001525878906" Y="182"/><Point X="216.00001525878906" Y="184"/><Point X="220" Y="191"/><Point X="225" Y="196"/><Point X="228" Y="203"/><Point X="231" Y="207"/><Point X="232" Y="209"/><Point X="233.99998474121094" Y="213"/><Point X="235.99998474121094" Y="216"/><Point X="239.00001525878906" Y="218"/><Point X="240.00001525878906" Y="221"/><Point X="242" Y="222"/><Point X="243" Y="225"/><Point X="244" Y="228"/><Point X="247" Y="230.00001525878906"/><Point X="249" Y="232"/><Point X="250" Y="235"/><Point X="252" Y="239"/><Point X="254" Y="240.00001525878906"/><Point X="256" Y="242"/><Point X="257" Y="243.00001525878906"/><Point X="258" Y="243.99998474121094"/><Point X="258" Y="245"/><Point X="258" Y="246"/><Point X="258" Y="246.99998474121094"/><Point X="258" Y="248"/><Point X="259" Y="248"/><Point X="260" Y="248"/><Point X="260" Y="249"/><Point X="261" Y="249"/><Point X="262" Y="249"/><Point X="264" Y="248"/><Point X="270" Y="236.99998474121094"/><Point X="275" Y="231"/><Point X="280" Y="222"/><Point X="287" Y="208"/><Point X="294" Y="191"/><Point X="305" Y="172"/><Point X="307" Y="167"/><Point X="310" Y="163"/><Point X="312" Y="161"/><Point X="314" Y="157"/><Point X="315" Y="155"/><Point X="316" Y="153"/><Point X="317" Y="152"/><Point X="317" Y="151"/><Point X="317" Y="150"/></Gesture>