<?xml version="1.0" encoding="utf-8"?>
<Gesture Name="zig-zag03"><Point X="47" Y="256"/><Point X="50" Y="252"/><Point X="52" Y="245"/><Point X="54" Y="241"/><Point X="55" Y="239"/><Point X="56" Y="235"/><Point X="58" Y="233.00001525878906"/><Point X="60" Y="230.00001525878906"/><Point X="63" Y="225"/><Point X="67" Y="219"/><Point X="69" Y="214"/><Point X="71" Y="211"/><Point X="73" Y="208"/><Point X="75" Y="205"/><Point X="76" Y="203"/><Point X="77" Y="202"/><Point X="77" Y="201"/><Point X="77" Y="200"/><Point X="77" Y="199"/><Point X="78" Y="199"/><Point X="78" Y="198"/><Point X="79" Y="197"/><Point X="84" Y="189"/><Point X="86" Y="187"/><Point X="86" Y="185"/><Point X="86" Y="184"/><Point X="87" Y="183"/><Point X="87" Y="182"/><Point X="90" Y="185"/><Point X="91" Y="188"/><Point X="93" Y="191"/><Point X="96" Y="195"/><Point X="98" Y="197"/><Point X="101" Y="200"/><Point X="103" Y="204"/><Point X="105" Y="206"/><Point X="107.00003051757813" Y="208"/><Point X="108" Y="209"/><Point X="109" Y="212"/><Point X="109" Y="213"/><Point X="109" Y="214"/><Point X="109" Y="215"/><Point X="110" Y="216"/><Point X="111" Y="216"/><Point X="113" Y="218"/><Point X="114" Y="219"/><Point X="115" Y="220"/><Point X="115" Y="221"/><Point X="116" Y="222"/><Point X="117" Y="222"/><Point X="117" Y="223"/><Point X="117.99996948242188" Y="224"/><Point X="119" Y="224"/><Point X="121" Y="226.99998474121094"/><Point X="122" Y="226.99998474121094"/><Point X="122" Y="228"/><Point X="124" Y="229"/><Point X="125" Y="230.00001525878906"/><Point X="126" Y="231"/><Point X="129" Y="233.99998474121094"/><Point X="130" Y="236"/><Point X="133" Y="236.99998474121094"/><Point X="134" Y="239"/><Point X="136" Y="241"/><Point X="138" Y="243.00001525878906"/><Point X="138" Y="243.99998474121094"/><Point X="139" Y="243.99998474121094"/><Point X="139" Y="245"/><Point X="139" Y="246"/><Point X="142.99996948242188" Y="241"/><Point X="148" Y="235"/><Point X="151" Y="230.00001525878906"/><Point X="156" Y="226.00001525878906"/><Point X="159.00001525878906" Y="223"/><Point X="163.00001525878906" Y="221"/><Point X="163.99998474121094" Y="219"/><Point X="165.99998474121094" Y="218"/><Point X="167" Y="216"/><Point X="167.99998474121094" Y="216"/><Point X="169" Y="214"/><Point X="172" Y="212"/><Point X="173" Y="211"/><Point X="173" Y="210"/><Point X="174" Y="210"/><Point X="175" Y="210"/><Point X="175" Y="209"/><Point X="176" Y="208"/><Point X="177" Y="207"/><Point X="181" Y="202"/><Point X="184.99998474121094" Y="198"/><Point X="188.99998474121094" Y="192"/><Point X="192" Y="190"/><Point X="195" Y="187"/><Point X="199" Y="184"/><Point X="200" Y="184"/><Point X="201" Y="183"/><Point X="201" Y="182"/><Point X="202" Y="182"/><Point X="203" Y="182"/><Point X="207" Y="188"/><Point X="211.99998474121094" Y="195"/><Point X="214.00001525878906" Y="200"/><Point X="215.00001525878906" Y="202"/><Point X="217" Y="205"/><Point X="218" Y="207"/><Point X="219" Y="209"/><Point X="219" Y="210"/><Point X="219" Y="211"/><Point X="221" Y="213"/><Point X="223" Y="215"/><Point X="225" Y="217"/><Point X="227" Y="218"/><Point X="227" Y="219"/><Point X="229" Y="219"/><Point X="230" Y="221"/><Point X="233" Y="223"/><Point X="233" Y="224"/><Point X="233.99998474121094" Y="225"/><Point X="234.99998474121094" Y="225"/><Point X="234.99998474121094" Y="226.00001525878906"/><Point X="234.99998474121094" Y="226.99998474121094"/><Point X="235.99998474121094" Y="226.99998474121094"/><Point X="241.00001525878906" Y="226.99998474121094"/><Point X="260" Y="215"/><Point X="264" Y="212"/><Point X="282" Y="197"/><Point X="289" Y="189"/><Point X="294" Y="185"/><Point X="301" Y="176"/><Point X="307" Y="173"/><Point X="309" Y="171"/><Point X="310" Y="171"/><Point X="311" Y="170"/><Point X="311" Y="169"/></Gesture>