<?xml version="1.0" encoding="utf-8"?>
<Gesture Name="zig-zag10"><Point X="86" Y="235"/><Point X="86" Y="231"/><Point X="86" Y="225"/><Point X="86" Y="214"/><Point X="87" Y="208"/><Point X="88" Y="201"/><Point X="91" Y="189"/><Point X="93" Y="184"/><Point X="96" Y="177"/><Point X="97" Y="173"/><Point X="98" Y="169"/><Point X="99" Y="165"/><Point X="100" Y="162"/><Point X="101" Y="159"/><Point X="102" Y="157"/><Point X="102" Y="154"/><Point X="102" Y="153"/><Point X="102" Y="151"/><Point X="102" Y="150"/><Point X="102" Y="151"/><Point X="102" Y="153"/><Point X="104" Y="159"/><Point X="105" Y="163"/><Point X="105" Y="169"/><Point X="106" Y="171"/><Point X="107.00003051757813" Y="175"/><Point X="108" Y="178"/><Point X="109" Y="183"/><Point X="110" Y="187"/><Point X="111" Y="190"/><Point X="115" Y="196"/><Point X="117.99996948242188" Y="201"/><Point X="120" Y="206"/><Point X="122" Y="210"/><Point X="126" Y="215"/><Point X="129" Y="219"/><Point X="131" Y="222"/><Point X="133" Y="225"/><Point X="135" Y="228"/><Point X="136" Y="230.00001525878906"/><Point X="137" Y="232"/><Point X="137" Y="233.00001525878906"/><Point X="138" Y="233.99998474121094"/><Point X="138" Y="235"/><Point X="138" Y="236"/><Point X="139" Y="236"/><Point X="141" Y="236"/><Point X="142" Y="236"/><Point X="142.99996948242188" Y="236"/><Point X="145" Y="235"/><Point X="146" Y="232"/><Point X="149" Y="228"/><Point X="153" Y="220"/><Point X="155" Y="215"/><Point X="157.00001525878906" Y="209"/><Point X="161.00001525878906" Y="202"/><Point X="165.00001525878906" Y="195"/><Point X="167.99998474121094" Y="190"/><Point X="173" Y="182"/><Point X="176" Y="177"/><Point X="178" Y="172"/><Point X="178" Y="170"/><Point X="178" Y="169"/><Point X="179" Y="168"/><Point X="179" Y="167"/><Point X="179" Y="166"/><Point X="181" Y="166"/><Point X="181" Y="167"/><Point X="182.00001525878906" Y="168"/><Point X="182.00001525878906" Y="169"/><Point X="183" Y="171"/><Point X="183" Y="173"/><Point X="184.00001525878906" Y="176"/><Point X="184.99998474121094" Y="179"/><Point X="186.00001525878906" Y="181"/><Point X="188.99998474121094" Y="186"/><Point X="190.99998474121094" Y="189"/><Point X="192" Y="192"/><Point X="194" Y="197"/><Point X="197" Y="204"/><Point X="200" Y="209"/><Point X="201" Y="212"/><Point X="203" Y="216"/><Point X="205" Y="220"/><Point X="208" Y="225"/><Point X="209.99998474121094" Y="231"/><Point X="213.00001525878906" Y="236.99998474121094"/><Point X="215.00001525878906" Y="243.00001525878906"/><Point X="217" Y="246.99998474121094"/><Point X="219" Y="253.00001525878906"/><Point X="220" Y="256"/><Point X="221" Y="257"/><Point X="221" Y="259"/><Point X="221" Y="261"/><Point X="221" Y="262"/><Point X="221" Y="263"/><Point X="222" Y="263"/><Point X="223" Y="262"/><Point X="225" Y="259"/><Point X="229" Y="255"/><Point X="233" Y="246.99998474121094"/><Point X="235.99998474121094" Y="240.00001525878906"/><Point X="241.00001525878906" Y="233.00001525878906"/><Point X="244" Y="228"/><Point X="250" Y="218"/><Point X="253" Y="212"/><Point X="257" Y="204"/><Point X="259" Y="199"/><Point X="263" Y="189"/><Point X="264" Y="187"/><Point X="264" Y="185"/><Point X="264" Y="184"/><Point X="264" Y="183"/></Gesture>